Employee_ID,Employee_Name,Email,Phone,Gender,Date_of_Birth,Age,Department,Job_Title,Employment_Type,Joining_Date,Location,Education,Experience_Years,Annual_Salary,Bonus,Performance_Rating,Manager,Employee_Status,Marital_Status,Leave_Days,Job_Satisfaction,Overtime_Hours,Notes
50233,Manish Patel,manish.patel94@company.com,9654111492,Male,1999-02-17,64,IT,Financial Analyst,Contract,2021-10-29 00:00:00,Kolkata,pHd,15.5,1229851,122985.1,good,Vikram Singh,Inactive,Divorced,21,1,42.0,Fast learner
50562,Arjun Nair,arjun.nair12@company.com,9929020930,Female,1975-06-26,49,Marketing,Support Specialist,Part Time,2025-01-23 00:00:00,,Bachelor's,5.2,1333621,0.0,Excellent,,Inactive,Single,18,2,21.0,Good performer
50585,Rahul Nair,rahul.nair83@company.com,9180753014,Other,1982-12-09,33,Operations,Business Analyst,Part Time,2021-10-20 00:00:00,Noida,PhD,16.6,522850,0.0,Excellent,vIKRAM sINGH,Active,Married,2,2,twenty,
50026,Pooja Reddy,pooja.reddy64@company.com,9828213898,Other,1969-04-06,,HR,Operations Executive,Contract,2026-08-13 00:00:00,Pune,Bachelor'S,16.6,1848838,369767.6,Good,Anil Kumar  ,On Leave,Divorced,-2,2,21.0,
50311,Amit Patel,amit.patel1@company.com,9229516584,Other,1993-07-08,52,Sales,Operations Executive,fULL tIME,2023-09-10 00:00:00,Hyderabad,Master's,-2,1041499,83319.92,Needs Improvement,Sneha Patel,Active,Married,2,3,7.0,
50768,Kiran Gowda,kiran.gowda55@company.com,9988148763,Female,1994-01-21,31, Operations,operations executive,Contract,2026-05-16 00:00:00,Mumbai,Bachelor's,6.0,"1,008,787",201757.4,Good,Rahul Rao,On Leave,Single,16,1,11.0,Fast learner
50213,iSHA nAIR,isha.nair47@company.com,9848481660,Female,1989-01-28,39,Sales,Sales Executive,Part time,2024-01-02 00:00:00,Gurugram,Diploma,3.5,837901,83790.1, Needs Improvement ,Vikram Singh,Active,Divorced,7,5,5.0,Good performer
50695,MEERA KUMAR,meera.kumar90@company.com,9292305597,Male,2008-05-11,24,Operations,Software Engineer,Intern,2024-06-11 00:00:00,Kolkata,PhD,5.2,751030,75103.0,Good,Vikram Singh,Active,single,10,4,16.0,Needs training
50847,Divya Reddy,divya.reddy41@company.com,9546872059,Male,1972-03-09,64,Sales,Support Specialist,Contract,2020-03-29 00:00:00, Mysuru ,PhD,5.9,2051871,102593.55,Good,Anil Kumar,Inactive,Divorced,10,1,42.0,Fast learner
50122,Amit Rao,,9844758247, Other,1974-03-26,24,Procurement,financial analyst,Intern,2020-05-04 00:00:00,MUMBAI,Diploma,12.3,336144,16807.2,Good,Rahul Rao,Active,Married,9,1,twenty,Needs training
51143,Arjun Joshi,arjun.joshi80@company.com,9300016277,Other,1992-08-06,49,Operations,Marketing Analyst,Contract,2024-05-18 00:00:00,Chennai,Bachelor's,15.1,1629067,81453.35,Average,Priya Sharma,Resigned,Divorced,11,1,43.0,Good performer
50995,Sanjay Das,sanjay.das13@company.com,9179425493,Female,1983-10-17,47,IT,Marketing Analyst,Intern,2019-08-13 00:00:00,Hyderabad,Masters,3.5,2158112,107905.6,Average,,Resigned,Single,9,3,28.0,
50146,AMIT PATEL,amit.patel70@company.com,9381317310,Other,2001-10-20,55,Finance,Sales Executive,Contract,2021-12-13 00:00:00,Bengaluru,Diploma  ,13.0,"1,244,099",186614.85,Excellent,VIKRAM SINGH,aCTIVE,Married,14,3,2.0,
50380,Meera Mehta,meera.mehta34@company.com,9439739976,Other,2004-06-12,22,Sales,Operations Executive,Contract,2023-05-25 00:00:00,Noida,PhD,0.6,1739893,86994.65,Good,Priya Sharma,Inactive,Divorced,14,1,4.0,
50570,Sanjay Singh,sanjay.singh31@company.com,9905338514,Male,1995-06-10,52,it,Account Executive,Full Time,2025-03-28 00:00:00,Mumbai,PhD,17.7,311465,24917.2,gOOD,Priya Sharma,On Leave,Divorced,2,5,33.0,
50533,Nikhil Reddy,nikhil.reddy32@company.com,9797126125,Female,1969-02-10,40,IT,Operations Executive,Full Time,2023-05-17 00:00:00,Hyderabad,PhD,0.6,557999,44639.92,Good,Priya Sharma, Resigned ,Married,27,3,30.0,Needs training
50907, Divya Nair,divya.nair80@company.com,9378555988,Male,1986-11-16,39,sales,Data Analyst,Full Time,2026-03-07 00:00:00,Bengaluru,PhD,12.8, 1837191 ,367438.2, Needs Improvement ,Meera Nair,Active,Single,0,5,1.0,
50851, ,meera.kumar28@company.com,9173780637,Other,2007-03-02,20,cUSTOMER sUPPORT,aCCOUNT eXECUTIVE,Contract,2020-01-12 00:00:00,Chennai,Diploma,5.3,1344567,268913.4,Needs Improvement,Sneha Patel,Inactive,Married,21,2,18.0,Fast learner
50944,Rahul Nair,rahul.nair66@company.com,9205865560,Other,1997-06-30,39,Customer Support,Business Analyst,Part Time,2021-09-12 00:00:00,Bengaluru,Bachelor's,3.1,1993652,159492.16,Average,Anil Kumar,Resigned,Single,,3,2.0,Needs training
50022,Amit Kumar,amit.kumar21@company.com,9130513669,Male,1979-02-12,50,Sales,Software Engineer,full time,2025-01-17 00:00:00,pune,Diploma,3.9,543553,27177.65,GOOD,Priya Sharma, ,Married,31,1,4.0,
50553,Manish Gowda,manish.gowda44@company.com,9474323947,Male,1970-05-16,19,IT,aCCOUNT eXECUTIVE,Contract,2026-06-10 00:00:00, Mumbai ,Master's,17.9,,278013.75,Excellent,Sneha Patel, Active,Divorced,19,1,19.0,
51182,Arjun Verma,arjun.verma78@company.com  ,9882377436,Male,2000-11-09,62,IT,Account Executive,Contract,2020-06-15 00:00:00,Kolkata,Master's,14.3,1434681,71734.05,Good,Priya Sharma,On Leave,Married,28,5,20.0,Good performer
50610, Sanjay Gowda,sanjay.gowda32@company.com,9586807580,Female,1992-12-12,56,sales,Software Engineer,part-time,2019-04-03 00:00:00, Kolkata,PhD,12.0,"₹283,311",56662.2,Excellent,Rahul Rao,On Leave,Married,0,2,8.0,
51185,Divya Rao,divya.rao87@company.com,9914455543,Male,2001-08-05,51,Sales,Data Analyst,Part Time,2020-08-12 00:00:00, Mysuru,PhD,10.0,1889352,188935.2,Good,Anil Kumar,Inactive,Married,5,5,5.0,Needs training
50773,Isha Reddy,isha.reddy50@company.com,9438689077,Male,2008-02-08,31,Sales,,Intern,2021-04-21 00:00:00,Gurugram,Diploma,5.6,2060696,206069.6,Needs Improvement,Sneha Patel,Inactive,Divorced,,2,5.0,Needs training
50593,Nikhil Reddy,,9812183022,,2000-06-16,34,Procurement,Data Analyst,Part Time,2023-07-25 00:00:00,Delhi,BACHELORS,10.2,1723714,137897.12,Average,Sneha Patel,aCTIVE,Married,27,2,27.0,
50543,Shreya Mehta,shreya.mehta6@company.com,9531929019,Male,1980-03-22,58,Procurement,HR Executive,Full Time,2020-05-05 00:00:00,Chennai,PhD,9.3,457031,0.0,Excellent,Meera Nair,Inactive,Single,0,3,,Fast learner
50977,Sneha Mehta,sneha.mehta45@company.com,9215370147,Male,2006-09-10,26,Marketing,Operations Executive,part-time,2021-01-05 00:00:00,Mysuru,Master's,13.5,"1,878,130",281719.5,Good,Anil Kumar,Active,Single  ,10,3,38.0,
50935,Neha Verma,neha.verma59@company.com,9276634245,Male,1965-11-28,,Marketing,Data Analyst,Contract,2020-02-11 00:00:00,Mysuru,Diploma,1.0,1554401,0.0,excellent,Vikram Singh,active,Single,24,3,24.0,Good performer
51077,Manish Joshi,manish.joshi29@company.com,9304340475,Other,1977-03-10,63,Finance,HR Executive,Contract,2021-01-07 00:00:00,Mumbai,Bachelor's,4.9,533297,42663.76,Average,Anil Kumar,Active,Divorced,29,4,32.0,Needs training
50285,kIRAN pATEL,kiran.patel20@company.com,9811467173,Female,1984-12-25,18,Customer Support,Software Engineer,Full Time,2022-07-29 00:00:00,Mumbai  ,Master's,6.2,1110531,55526.55,Good,Sneha Patel,Active,married,34,5,0.0,
51188,Ananya Mehta,ananya.mehta23@company.com,9690130319,Male,1967-11-14,57,SALES,Business Analyst,Intern,2026-03-20 00:00:00,Bengaluru,Diploma,0.5,560376,112075.2,Excellent,Anil Kumar,Active, Married,25,3,9.0,
50085,Sneha Reddy,sneha.reddy48@company.com,9870900102,Male,2002-10-13,23,it,Business Analyst,Part Time,2020-10-10 00:00:00,Mysuru,Diploma,14.8,243897,"₹36,584",poor,Rahul Rao,Active,Divorced,,5,8.0,Fast learner
51131,Vivek Verma,vivek.verma90@company.com,9407149125,Male,1973-05-30,49,MKTG,,Part Time,2021-09-15 00:00:00,Delhi,BACHELOR'S,5.2,1186643,0.0,good,Sneha Patel,On Leave,Single,21,0,34.0,Needs training
51087,Rohit Joshi,rohit.joshi57@company.com,9794798663,Other,1966-01-24,65,Customer Support,Business Analyst,Full Time,2024-06-12 00:00:00,Mysuru,PhD,7.4,2155661,323349.15,Average,Rahul Rao,Inactive,Married,16,1,twenty,Fast learner
50252,Akash Sharma,akash.sharma35@company.com,9853564982,Other,2008-08-16,48,marketing,Sales Executive, Intern,2019-01-02 00:00:00,Delhi,diploma,15.2, 694227 ,0.0,Excellent,Anil Kumar,Active,Divorced,26,2,5.0,
51099,Rahul Sharma,rahul.sharma64@company.com,9527569757,Male,1967-02-21,42,IT,Support Specialist,Contract,2025-01-15 00:00:00,Noida,Bachelor's,16.8,1509341,75467.05,Average,Sneha Patel,aCTIVE,Single,9,1,7.0,Fast learner
51115,Amit Joshi, amit.joshi89@company.com ,9265463121, MALE ,1973-04-15,32,Procurement,Data Analyst,CONTRACT,2025-07-25 00:00:00,Chennai,Diploma,3.9,1558968,155896.8,good,Vikram Singh, Active ,Divorced,16,1,11.0,Fast learner
50701, ,arjun.verma31@company.com,9934038393,Other,1993-01-04,27,Operations,Marketing Analyst,Part Time,2021-02-17 00:00:00,Bengaluru,Bachelor's,10.2,507973,50797.3,Excellent,Priya Sharma,Active,Married,25,1,15.0,Good performer
50647,Rohit Joshi,rohit.joshi15@company.com,9586790231,Female,1995-03-31,39,Finance,HR Executive,Part Time,2020-04-05 00:00:00,Gurugram,Master's,11.4,1707522,136601.76,Excellent,Priya Sharma,Resigned,Married,21,1,15.0,Good performer
51037, Rohit Patel ,rohit.patel63@company.com,9520622375,Female,1997-07-03,24,HR,Sales Executive, Part Time,2024-02-13 00:00:00,Chennai, Diploma,9.9,1706071,0.0,Good,Meera Nair,Active,divorced,33,,32.0,
50469, Shreya Singh,shreya.singh6@company.com,9735196941,Male,1974-05-29,21,it,Financial Analyst,Full Time,2022-01-25 00:00:00,Mumbai,Master's,17.7,389914,19495.7,Good ,Rahul Rao,Resigned,mARRIED,10,1,23.0,
50832,Vivek Mehta,vivek.mehta20@company.com,9718035963,Female,1978-11-28,55,Operations,Support Specialist,Intern,2024-01-13 00:00:00,Gurugram,PhD,5.0,1878239,281735.85,Needs Improvement,Sneha Patel,Resigned,Single,27,5,6.0,Good performer
50616,Kavya Sharma,kavya.sharma92@company.com,9571574607,Male,1978-02-24,35,Sales,Account Executive,Full Time,2020-08-06 00:00:00,Hyderabad,Master's,10.3,1429372,142937.2,aVERAGE,Vikram Singh,Resigned,Divorced,35,2,16.0,
51165,Arjun Kumar,arjun.kumar86@company.com,9553933601,male,1968-09-14,150,Sales,Financial Analyst,Contract,2019-12-07 00:00:00,Chennai,PhD,16.5,582788,0.0,Average,Rahul Rao,On Leave  ,Single,12,3,9.0,Needs training
50672,Vivek Kumar,vivek.kumar18@company.com,9278756187,Other,1997-02-15,30,sALES,HR Executive,Full Time,2022-08-31 00:00:00,kolkata,PhD,7.6,613996,61399.6,Excellent,Sneha Patel,Active,Single,8,1,10.0,
50955,Shreya Mehta,shreya.mehta88@company.com,12345,Male,2004-08-04,60,Sales,Support Specialist,Intern,2023-10-13 00:00:00,Hyderabad,Master's,12.8,826024,66081.92,Excellent,mEERA nAIR,Inactive,Married,22,3,,Good performer
50072,Shreya Kumar,,12345,Female,1976-05-12,23,Operations,Operations Executive,Full Time,2021-12-27 00:00:00,Gurugram,Bachelor's,1.3, 1073918 ,0.0,Excellent,Meera Nair,On Leave,Divorced,8,1,1.0,
50930,Nikhil Mehta  ,,9673052052,Other,2002-01-20,23,IT,Data Analyst,iNTERN,2024-08-05 00:00:00,Gurugram,bachelor,9.2,"1,482,653",296530.6,Excellent,Rahul Rao,On Leave,Divorced,25,1,24.0,
50049,Kavya Patel,kavya.patel77@company.com,9459959617,Other,1975-04-24,52,Customer Support,HR Executive,Contract,2023-04-27 00:00:00,Gurugram,master,12.5,509377,40750.16,Needs Improvement,pRIYA sHARMA,Inactive,Divorced,19,1,39.0,Fast learner
50198,Vivek Rao,vivek.rao69@company.com,9837604299,Female,1973-03-26,32,HR,Business Analyst,Part Time,2025-07-03 00:00:00,Kolkata,PhD,3.1,2130254,426050.8,Excellent,Priya Sharma,Inactive,Divorced,10,1,2.0,Fast learner
50656,Nikhil Rao,nikhil.rao91@company.com,9249179459,Male,1970-07-29,60,Procurement,Software Engineer,Intern,2021-06-30 00:00:00,Delhi,Master's,2.9,1514149,151414.9,Needs Improvement,Anil Kumar,Active,Single,26,1,18.0,Good performer
50240,Isha Rao,isha.rao65@company.com,9562010861,Other,1978-08-04,21,IT,Operations Executive,Part Time,2022-08-04 00:00:00,Mysuru,PhD,2.9,,189899.4,good,Priya Sharma,Resigned,Single,23,1,32.0,
50966,Akash Sharma,akash.sharma84@company.com,9514926148,Other,1996-02-15,50,Customer Support,Support Specialist,Contract,2024-11-12 00:00:00,Gurugram,Diploma,16.6,1875606,93780.3,Good,Anil Kumar,Inactive,Single,9,2,36.0,Fast learner
50408,Meera Das,meera.das37@company.com,9802085759,Male,1974-05-28,64, Marketing ,HR Executive,Intern,,Gurugram,Diploma,3.5,902018,72161.44,Average,Rahul Rao,On Leave,Married,,4,29.0,
51084,Amit Sharma,amit.sharma29@company.com,9409753371,Male,1988-12-06,29,FINANCE,Business Analyst,Contract,2024-05-30 00:00:00,Kolkata,Diploma,4.6,1676773,335354.6,Average,Priya Sharma,Inactive,Married,31,1,11.0,Needs training
50867,Kavya Mehta,kavya..mehta4@company..com,9128857761,Other,1974-05-17,27,Procurement,Sales Executive,Part Time,2022-02-22 00:00:00,mYSURU,mASTER'S,1.3,303224,0.0,Good,Meera Nair,Resigned,Divorced,15,3,10.0,
50170,Priya Sharma,priya.sharma53@company.com,9450084301,Other,1997-09-16,53,Customer Support,Software Engineer,Contract,2023-01-01 00:00:00,Kolkata,Bachelor's,10.2,828371,82837.1,Good,Rahul Rao,Active,Single,9,4,33.0,Needs training
50367,Arjun Mehta,arjun.mehta49@company.com,9867744275,Female,1983-12-23,33,HR,Financial Analyst,Full Time,2020-10-26 00:00:00,Noida,PhD,3.7, 802436 ,160487.2,Average,Meera Nair,Active,Married,6,5,26.0,Good performer
50040,Vivek Gowda,vivek.gowda68@company.com,9117554969,M,1991-06-29,31,Customer Support,Sales Executive,Intern,2023-04-13 00:00:00,Delhi,DIPLOMA,4.3,1252582,187887.3,Average,Rahul Rao,Resigned,Divorced,1,3,38.0,
50102,mEERA vERMA,meera.verma56@company.com,9904444847,Male,2003-02-19,38,Finance  ,Business Analyst,internship,2022-12-20 00:00:00,Pune,PhD,1.4,2157581,323637.15,Needs Improvement,Meera Nair,active,Married,1,3,25.0,
51033, Akash Reddy,akash.reddy60@company.com,992-321-2226,Other,1974-03-08,54,procurement,Data Analyst,Part Time,2022-12-12 00:00:00,Noida,PhD,10.2,882119,88211.9,Average,Meera Nair  ,On Leave,MARRIED,25,2,5.0,Good performer
51001,amit  das,amit.das80@company.com,9325162101,Other,2004-03-09,54,Sales,HR Executive,Intern,2025-09-19 00:00:00,Gurugram,Master's,5.4,726906,,Needs  Improvement,Sneha Patel,Inactive,Divorced,32,2,1.0,Needs training
50002,sanjay singh,sanjay.singh46@company.com,9964508088,female,1982-10-27,65,Marketing,Software Engineer,Full Time,2021-10-27 00:00:00,Gurugram,Diploma,5.2,969091,48454.55,Average,Anil Kumar,On Leave,Married,29,4,5.0,
50294,Kavya Patel,kavya.patel74@company.com,9348764530,Male,1998-02-28,57,Ops,financial analyst,Fulltime,2021-07-16 00:00:00,Mysuru,Bachelor's,2.4,1696823,0.0,Needs Improvement,,Resigned,Single,9,2,27.0,Fast learner
51134,Nikhil Nair, nikhil.nair15@company.com,9385371303,Other,2005-07-30,41,HR,account executive,Intern,2020-08-02 00:00:00,Mysuru,Bachelor's,12.8,1377915,110233.2,Good,Rahul Rao,Active, Married ,27,,10.0,
50486,kiran gowda,kiran.gowda25@company.com,9894169449,Female  ,1992-09-01,30,Customer Support,Account Executive,Intern,2021-09-29 00:00:00,Mysuru  ,Diploma,16.7,1434120,0.0,Needs Improvement,Vikram  Singh,Active,Divorced,3,5,25.0,
50689,Rohit Joshi, rohit.joshi51@company.com,9724858133,male,1981-01-09,0,Operations,Financial Analyst,Full Time  ,2025-06-07 00:00:00,Pune,Master's,10.5,1922100,153768.0,Average,Vikram Singh,ON LEAVE,Single,31,5,41.0,
50208,SANJAY MEHTA,SANJAY.MEHTA57@COMPANY.COM,9296003570,Other,2006-08-14,57,Operations,Business Analyst,Contract,2026-01-26 00:00:00,Noida,diploma,13.9,1911399,191139.9,Average,rAHUL rAO,resigned,Divorced,8,3,21.0,
50945,Kavya Nair,kavya.nair68@company.com,965-920-8987,Female,1991-01-24,60,Sales,Sales Executive,Contract,2024-08-05 00:00:00,Mysuru,Bachelor's,13.3,2134699,170775.92,Needs Improvement,Sneha Patel,Active,Divorced,10,3,38.0,Fast learner
50574,Pooja Mehta,pooja.mehta66@company.com,9524959962,Female,1985-03-15,30,Procurement,Business Analyst,Part Time,2019-03-01 00:00:00,Mysuru,Diploma,16.6,1166099,0.0,Average,,On Leave,Married,13,4,35.0,Fast learner
50497,Arjun Nair,invalid-email,9589370812,Other,1993-04-08,40, Customer Support ,HR Executive,Intern,,Mysuru,,14.9,2187539,328130.85,Average,vikram singh,Resigned,Married,19,5,36.0,
50093,pRIYA mEHTA,PRIYA.MEHTA35@COMPANY.COM,9333323285,Male,1982-01-07,47,procurement,Data Analyst,Intern,,kOLKATA,Diploma,3.8,819911,163982.2,Good,Anil Kumar,Resigned,dIVORCED,30,4,28.0,
50855,Rahul Singh,rahul.singh29@company.com,9284745928,Female,1974-02-21,23,Customer Support,Data Analyst,CONTRACT,2020-09-07 00:00:00,Mysuru,Diploma,4.7,1588179,317635.8,Average,Anil Kumar,Inactive,Single,0,1,11.0,Good performer
50958, kIRAN mEHTA,kiran.mehta44@company.com,9195318853,Other,2006-05-09,36,HR,Marketing Analyst,Full Time,2023-09-02 00:00:00,Gurugram,BACHELORS,5.2,1598758,159875.8,Needs Improvement,Anil Kumar,Resigned,Married,16,5,26.0,
50861,Rohit Sharma,rohit.sharma78@company.com,9931358801,Other,1970-08-07,64,Marketing,Account Executive,Full Time,2025-07-31 00:00:00,Gurugram,Bachelor's,15.7,293476,14673.8,good,Sneha Patel,Resigned,Divorced,3,5,19.0,Good performer
50103,Rohit Reddy,rohit.reddy53@company.com,9728847196,,1987-03-14,36,Finance,Operations Executive,Intern,2023-01-21 00:00:00,Mysuru,bachelor's,11.6,288147,57629.4,Good,Priya Sharma, ,married,5,,14.0,Good performer
50893,Priya  Sharma,priya.sharma8@company.com,9622279053,Male,2004-01-13,53,Customer Support,HR Executive,Intern,2025-10-10 00:00:00,Gurugram,PhD,5.5,1636930,245539.5,Excellent,Priya Sharma,Active,divorce,12,4,27.0,
50337,Meera Rao,meera.rao43@company.com,9441673568,Female,1982-06-06,20,,Financial Analyst,contract,2022-07-30 00:00:00,Mysuru,PhD,14.9,327330,49099.5,Good,Meera Nair,Resigned,Divorced,34,4,10.0,Needs training
50306,Kavya Verma,kavya.verma52@company.com,9976914636,Female,1980-04-20,24,Procurement,HR Executive,Intern,2021-05-07 00:00:00,Pune,,6.0,2105172,210517.2,Excellent,Anil Kumar,ON LEAVE,Married,6,1,6.0,
50539,Sanjay Mehta,sanjay.mehta23@company.com,9652425513,Male,1978-10-30,53,IT,Financial Analyst,Part Time,2024-05-16 00:00:00,Hyderabad,Bachelor'S,10.0,1262179,63108.95,Excellent,Sneha Patel,Active,Married,11,3,40.0,Needs training
50082,Nikhil Sharma,nikhil.sharma22@company.com,9237556478,Male,1985-06-16,52,Customer Support,Account Executive,Intern  ,2019-06-21 00:00:00,,Diploma,,281699,14084.95,Good,Sneha Patel,On Leave,Married,20,3,2.0,Good performer
50276,Neha Reddy,neha.reddy37@company.com,12345,Female,2002-02-13,43,HR,Business Analyst,Full Time,2022-03-15 00:00:00,mysuru,master,3.1,1936703,154936.24,Excellent,Anil Kumar,Resigned,Divorced,10,2,23.0,Good performer
50630,Pooja Rao,pooja.rao97@company.com,9543686319,Female,1989-08-06,42,IT,HR Executive,Part Time,2021-12-16 00:00:00,bENGALURU,diploma,15.4,1925735,96286.75,Excellent,Meera Nair,Resigned,Divorced,3,0,4.0,Fast learner
50495,Rohit Gowda,rohit.gowda67@company.com,9816504832,Other,2006-07-11,45,Marketing,Business Analyst,Intern,2021-03-03 00:00:00,Pune,Diploma,12.2,,195724.35,Excellent,Vikram Singh,Active,Divorced,1,5,8.0,
51004, Rahul Rao,rahul.rao99@company.com,9465695569,Female,2008-01-18,32,customer service,Operations Executive,Part Time,2025-08-16 00:00:00,Mysuru,PhD,14.3,1518676,303735.2,Average,Sneha Patel,Inactive,Married,33,5,5.0,Needs training
50801, Isha Singh ,isha.singh62@company.com,9226405702,Male,1984-02-25,,Procurement,Financial  Analyst,Contract,2019-10-10 00:00:00,Noida,Masters,13.8,50000000,0.0,Average,Vikram Singh,Resigned,Single,23,3,32.0,
51170,Rohit Kumar,rohit.kumar68@company.com,9711865244,Male,1991-07-03,51,Operations,Operations Executive,Part Time,2023-08-19 00:00:00,Gurugram,Diploma,2.0,277586,41637.9,Excellent  ,Rahul Rao,Inactive,Married,6,3,0.0,Fast learner
50923,Rohit Sharma,,9743113414,Male,1971-08-15,54,Sales,Support Specialist,Part Time,2022-05-29 00:00:00,Mumbai,Diploma,9.1,575384,28769.2,Excellent,Sneha Patel,Resigned,Divorced,1,2,6.0,Good performer
51162,NIKHIL GOWDA,nikhil.gowda69@company.com,9555019568,Other,1985-10-19,55,HR, Support Specialist,pART tIME,2026-03-10 00:00:00,Mysuru,Master's,0.1,725037,72503.7,Average,Vikram Singh,Active,Married,16,4,18.0,
50646,Pooja Sharma,pooja.sharma1@company.com,9208589416,Other,1968-02-11,28,Marketing,Marketing Analyst,Part Time,2019-01-17 00:00:00,Hyderabad,Bachelor's,15.0,839547,83954.7,Needs Improvement,Vikram Singh,Inactive,Married,12,6,36.0,Fast learner
50871,Rahul Das  ,rahul.das99@company.com,9709763337,Other,1971-07-08,52,Marketing,Marketing Analyst,Full Time,2024-10-08 00:00:00,Mumbai,Bachelor's,14.8,1469741,117579.28,EXCELLENT,Meera Nair,Active,Single,12,4,27.0,
50684,Priya Kumar,priya.kumar32@company.com,9127123294,Other,1998-01-16,47,Sales,Data Analyst,Part Time,2025-03-28 00:00:00,Hyderabad,Diploma,2.4,1288575,257715.0,Average,Vikram Singh,On Leave,Divorced,3,4,28.0,Needs training
50172,meera gowda,meera.gowda67@company.com,9861036538, Other ,1977-02-18,55,Sales,HR Executive,Part Time,2021-09-24 00:00:00,Noida,Bachelor's,7.4,1938106,290715.9,Good,Rahul  Rao,Active,dIVORCED,2,2,11.0,
50541,NEHA JOSHI,neha.joshi87@company.com,9821704710,Male,2004-07-24,34,Customer Support,HR Executive,contractual,2025-06-14 00:00:00,Mysuru,Bachelor's,7.0,1694501,84725.05,Average,Priya Sharma,Inactive,Single,13,2,20.0,
50578,Shreya Reddy,shreya.reddy76@company.com,9746318558,Male,1971-09-12,62,Procurement,ACCOUNT EXECUTIVE,Full Time,2022-12-14 00:00:00,Gurugram,PhD,2.4,538635,26931.75,Average,Vikram Singh,Active,Married,4,3,42.0,Good performer
51169,Vivek Rao,vivek.rao75@company.com,9488195150,Male,2005-12-24,52,it,Support Specialist,Contract,2023-10-28 00:00:00,Hyderabad,Master's,0.8,897383,134607.45,Needs Improvement,mEERA nAIR,Resigned,Divorced,1,3,0.0,Good performer
50120,Isha Verma,isha.verma42@company.com,9888163315,Male,1999-03-06,61,HR, Support Specialist ,Intern,2023-07-26 00:00:00,Mumbai  ,Master's,80,349787,52468.05,Good,Rahul Rao,Resigned,Married,15,4,2.0,
50715,Sanjay Mehta,sanjay.mehta1@company.com,9113599491,Male,1968-04-08,20,CUSTOMER SUPPORT,Account Executive,Contract,2023-05-21 00:00:00,Gurugram,PhD,6.4,377781,30222.48,Average,Priya Sharma,On Leave,Married,19,5,11.0,Fast learner
50505, ROHIT NAIR ,rohit.nair72@company.com,9402888482,Female,1998-11-15,54,Procurement,,Part Time,2024-02-28 00:00:00,mUMBAI,PhD,10.6,527757,26387.85,Average,Anil Kumar,On Leave,Single,22,2,37.0,Good performer
50429,Neha Verma, neha.verma17@company.com ,9775367008,Female,1980-02-27,53,Operations,Account Executive,full-time,2022-04-16 00:00:00,Pune,Master's,12.7,316162,31616.2,nEEDS iMPROVEMENT,Priya Sharma,On Leave,MARRIED,4,4,15.0,
51095,Pooja Gowda,pooja.gowda66@company.com,9448372053,Male,1978-11-25,23,IT,Software Engineer,Full Time,2024-10-13 00:00:00,Mysuru,Bachelor's,16.4,1712128,136970.24,Average,Sneha Patel,Active,Divorced,30,3,2.0,Fast learner
50147,Vivek Patel,vivek.patel50@company.com,9438702203,,2002-07-28,21,Sales,HR Executive,Contract,2025-07-24 00:00:00,Kolkata,Diploma,2.8,1884610,94230.5,Average,Anil Kumar,Resigned,Married,18,1,23.0,Fast learner
50538,Kavya Kumar, kavya.kumar10@company.com ,9209937565,Female,1965-05-08,21,Procurement,Account Executive,Contract,2021-05-13 00:00:00,Kolkata,Diploma,15.3,1228551,98284.08,Good,Sneha Patel,On Leave,sINGLE,20,3,30.0,Needs training
51066,Sanjay Kumar,sanjay.kumar29@company.com,9674852114,Female,1984-09-01,27,Operations,Data Analyst,PART TIME,2022-07-10 00:00:00, Noida,Bachelor degree,6.0,478665,47866.5, Good ,Anil Kumar,On Leave,Divorced,5,3,45.0,
50949,Vivek Verma,vivek.verma29@company.com,9846153628,Other  ,1979-03-03,55,Operations,HR Executive,Contract,2026-07-07 00:00:00,Chennai,Master's,8.5,,110245.2,Average,Sneha Patel,Inactive,Divorced,7,4,36.0,Good performer
50890,Isha Kumar,isha.kumar46@company.com,9436097844,Male,1987-07-07,35 years,Customer Support,Operations Executive,FULL TIME,2023-08-14 00:00:00,Hyderabad,PhD,15.8,907352,181470.4,Needs Improvement,Priya Sharma,Resigned,Single,27,4,41.0,
51178,Shreya Kumar,shreya.kumar83@company.com,9397063117,Other,2007-11-22,22,hr,Account Executive,Contract,2022-08-23 00:00:00,Pune,Master's,0.8,784749,0.0,Average,Rahul Rao,On Leave,Married,10,2,36.0,Fast learner
50097,Kiran Reddy,kiran.reddy38@company.com,9502441939,Other,1965-03-04,36,Customer Support,Sales Executive,Intern,2019-10-17 00:00:00,Pune,Diploma,5.9,402835,0.0,Excellent,Sneha Patel,On Leave,Divorced,33,3,7.0,Needs training
50804,Isha Joshi,isha.joshi13@company.com,9332767587,Female,1989-11-12,150,Customer Support,HR  Executive,Contract,2023-03-12 00:00:00,Gurugram,Diploma,6.1,806265,161253.0,Average,Meera Nair,On Leave,single,25,3,12.0,Good performer
50391,POOJA PATEL,pooja.patel58@company.com,9650256718,Male,1991-12-08,56,operations,HR Executive,Part Time,2019-04-22 00:00:00,Chennai,PhD,12.1,1048169,0.0, Needs Improvement,Sneha Patel, On Leave,Single,26,1,5.0,Good performer
50432,Shreya Gowda  ,shreya.gowda92@company.com,9311435178,Female,2003-10-22,27,marketing,HR Executive,Intern,2019-06-10 00:00:00,Chennai,Master's,5.7,938292,140743.8,Excellent,Priya Sharma,Active,Single,24,5,3.0,
50785,Shreya Nair,,9906443662,Other,1978-07-05,49,Operations,Account  Executive,Full  Time,2026-01-29 00:00:00,Mysuru,Master's,12.0,328563,49284.45,poor,Rahul Rao,Inactive,Divorced,23,3,18.0,Needs training
50780,sneha sharma,sneha.sharma67@company.com,9127177374,Other,1980-07-22,45,Marketing,Marketing Analyst,Part Time,2025-02-20 00:00:00,Noida,PhD,3.3,989340,197868.0,NEEDS IMPROVEMENT,Sneha Patel,Resigned,Divorced,25,5,33.0,
50838,Neha Joshi,neha.joshi16@company.com,9887708096,Male,1993-02-04,57,Procurement,Sales Executive,Intern,2026-07-12 00:00:00,Mysuru,Diploma,6.0,993138,49656.9,Average,Sneha Patel,Active,Divorced,12,2,35.0,
50909,Manish Verma,manish.verma90@company.com,98765ABCDE,mALE,2002-11-04,39,HR,Operations Executive,Contract,2023-11-23 00:00:00,Noida,Bachelor's,13.0,767109,61368.72,Good,Priya Sharma,Active,Married,twenty,4,1.0,
50359,Rohit Patel,rohit.patel28@company.com,9807273413,Other,1982-03-03,,Procurement,Marketing Analyst,Part Time,2026-03-13 00:00:00,Pune,PhD,14.1,264663,-5000,Excellent,Vikram Singh,Active,Married,34,5,4.0,
50903,Neha Joshi,neha.joshi96@company.com,9232107475,Male,1999-12-01,29,Operations,Data Analyst,Part Time,2024-06-03 00:00:00,Chennai,Diploma,9.1,1044437,208887.4,Excellent,Priya Sharma,rESIGNED,Married,30,5,43.0,
50536,Divya Nair,divya.nair96@company.com,9686094086,female,1991-05-16,34,HR,Data Analyst,Full Time,2023-11-30 00:00:00,,PhD,14.2,,99235.6,Needs  Improvement,Rahul Rao,Active,Divorced,26,4,17.0,
50943,Arjun Verma,arjun.verma14@company.com,9556524651,Female,1996-04-23,62,Sales,Operations Executive,Full Time,2023-01-07 00:00:00,Bengaluru,Diploma,4.1,1415493,212323.95,Good,Meera Nair,Inactive,Single,7,1,42.0,
50910,Kiran Kumar,kiran.kumar62@company.com,9902869461,Female,1973-08-10,47,Procurement,Financial Analyst,Part Time,2021-09-23 00:00:00,Bengaluru,Bachelor's,15.0,660814,33040.7,Excellent,Anil Kumar,Active,Married,12,1,25.0,Good performer
50948,Manish Verma,manish.verma32@company.com,9791629943,Other,2002-07-12,,Customer Support,Financial Analyst,Part Time,2019-11-23 00:00:00,Mysuru,Master's,16.1,680113,102016.95,Excellent,Vikram Singh  ,Resigned,SINGLE,15,3,5.0,Good performer
50610,Sanjay Gowda,sanjay.gowda32@company.com,9586807580,Female,1992-12-12,56,Sales,Software Engineer,part-time,2019-04-03 00:00:00, Kolkata,PhD,12.0,"₹283,311",56662.2,Excellent,Rahul Rao,On Leave,Married,0,2,8.0,
50126,Divya Gowda,divya.gowda28@company.com,9779482660,Male,1986-05-11,47,IT,,Intern,2026-06-19 00:00:00,Kolkata,Master's,0.2,633509,50680.72,Average,Sneha Patel,ACTIVE,Divorced,5,1,,Fast learner
50349,Rahul Sharma,rahul.sharma36@company.com,9344369604,Other,2000-08-30,44,Procurement,Business Analyst,Contract,2022-02-13 00:00:00,Hyderabad,diploma,10.8,2023739,404747.8,Good,Sneha Patel,Resigned,Married,12,4,43.0,
50755,Isha Kumar,isha.kumar52@company.com,9875847565,female,1998-06-30,58,,HR Executive,Contract,2021-01-23 00:00:00,Hyderabad,Master's,9.5,,,Good,Anil Kumar,Active,Single,28,2,8.0,Needs training
50305,Akash Patel,akash.patel37@company.com,9616244191,Other,2007-04-25,28,HR,Sales Executive,FULL TIME,2020-06-01 00:00:00,Chennai,Master's,2.9,481435,96287.0,Average,Sneha Patel,Inactive,Single,22,2,23.0,
50866,Neha Gowda,neha.gowda15@company.com,9883892133,other,1992-05-23,31,Sales  ,Account Executive,Intern,2021-06-12 00:00:00,Hyderabad,PhD,0.4,983258,196651.6,Average,Anil Kumar,Inactive,Divorced,17,4,21.0,
51109,Meera Verma,meera.verma25@company.com,9214990922,Male,1991-06-23,30,Operations  , HR Executive ,Contract,2019-08-17 00:00:00,Noida,MASTER'S,6.5,608351,0.0,NEEDS IMPROVEMENT,SNEHA PATEL,Active,Divorced,26,1,26.0,Fast learner
50864,Rahul Reddy,rahul.reddy75@company.com,9421875752,Other,1990-05-28,19,Marketing,HR Executive,Full Time,2024-03-19 00:00:00,Kolkata,Master's,15.2,827044,0.0,EXCELLENT,Meera Nair,Inactive,Single,9,5,14.0,Needs training
51128,Priya Rao, PRIYA.RAO57@COMPANY.COM ,9610082770,Male,1968-08-04,54,IT,Marketing Analyst,Contract,2023-04-21 00:00:00, Gurugram,Bachelor's,3.4,1927691,385538.2,Average,vikram singh,Active,single,2,4,31.0,
50269,Isha Sharma,isha.sharma56@company.com,9191180820,Male,1989-05-28,39,operations,Business Analyst,Full Time,2024-03-18 00:00:00,Noida,,4.5,658693,65869.3,Good,Rahul Rao,Inactive,Single,3,2,30.0,Good performer
50806,Arjun Patel,arjun.patel30@company.com,9839614928,Other,1982-02-09,39,,Operations Executive,Contract,2024-04-17 00:00:00,Mumbai,Bachelor's,1.0,2082907,-5000, Excellent,Priya Sharma,On Leave,Married,27,1,43.0,Needs training
50905,Arjun Joshi,arjun.joshi79@company.com,9816359751, Female ,1988-05-02,25,Finance,HR Executive,Intern,2020-05-04 00:00:00,Kolkata,Diploma,10.6,1839822,147185.76,Needs Improvement,meera nair,Resigned,Divorced,25,2,11.0,Good performer
50268, Pooja Joshi,pooja.joshi50@company.com,9914889456,Other,1970-12-21,30,operations,Marketing Analyst,Intern,2024-09-28 00:00:00,Bengaluru,Master's,4.4,2131772,426354.4,Good,Priya Sharma,Inactive,Single  ,21,1,15.0,Fast learner
50059,AMIT SINGH,amit.singh30@company.com,9289563636,mALE,1974-10-17,63,Operations,Account Executive,Intern,2019-08-25 00:00:00,Mumbai,Bachelor's,5.2,403381,0.0,Needs Improvement,Priya Sharma,Active,Divorced,4,1,4.0,
50654,Priya Kumar,priya.kumar16@company.com,9276685023,Male,2008-05-05,20,Operations,Data Analyst,Intern,2025-12-17 00:00:00,Delhi,Diploma,12.8,1975583,0.0,Average, Rahul Rao ,On Leave,Divorced,7,4,15.0,
50567,Neha Reddy,neha.reddy38@company.com,9720083462,Female,1985-03-11,55,Marketing,Software Engineer,Intern  ,2024-06-26 00:00:00,Chennai,Diploma,3.7,1469559,293911.8,Good,Vikram Singh,Resigned,Divorced,18,2,37.0,
50326,Sneha Gowda,sneha.gowda74@company.com,9136899034,Other,2000-11-24,20,Finance,Account Executive,,2021-11-01 00:00:00,,PhD,16.6,2006449,100322.45,Needs Improvement,Rahul Rao,Inactive,Divorced,10,2,6.0,
50237, meera kumar,meera.kumar56@company.com,9479641792,Female,1970-07-15,58,It,Data Analyst,Contract,2024-06-15 00:00:00,Mysuru,Bachelor's,17.8,320875,64175.0,Needs Improvement,Vikram Singh,Active,Married,35,5,13.0,
50557,Pooja Reddy,pooja.reddy15@company.com,9419055029,Male,1971-03-08,46,operations,Financial Analyst,Full Time,2021-12-19 00:00:00,kOLKATA,PhD,11.9,739843,147968.6,Average,Vikram Singh,On Leave,Divorced,31,4,28.0,Needs training
51065, Pooja Rao ,pooja.rao62@company.com,9602342786,Female,1972-04-03,,Operations,Financial Analyst,Part Time  ,2022-06-14 00:00:00,Kolkata,Master's,7.4,2109093,105454.65,Excellent,Rahul Rao  ,Resigned,Single,23,5,35.0,Good performer
50351,Manish Verma,manish.verma33@company.com,9902346750,Other,1989-08-01,50,Sales,Data Analyst,Full Time,,Bengaluru,PhD,5.0,426252,85250.4,Excellent,Vikram Singh,Resigned,Divorced,30,1,39.0,
50308,Vivek Das,vivek.das96@company.com,9472147677,Male,1999-05-22,62,Finance,Marketing Analyst,Part Time,2019-09-13 00:00:00,Noida,Master's,7.8,947767,189553.4,Needs Improvement,,Active,Divorced,3,1,8.0,
51196,NIKHIL REDDY,nikhil.reddy41@company.com,9446652874,Other,2007-05-11,0,Operations,Sales Executive,Part Time,2026-05-08 00:00:00,Mumbai,Master's,11.5,1664662,0.0,Average,Anil Kumar,Active,Married,12,2,10.0,Good performer
50771,Neha Nair  ,neha.nair57@company.com,9687703809,Male,1980-12-03,55,IT,Support Specialist,Part Time,2021-06-30 00:00:00,Pune,PhD,9.7,1525911,305182.2,Good,Sneha Patel,Inactive,Divorced,16,1,22.0,Needs training
50598,Neha Patel,,+91-9951900027,Male,1979-12-18,59,IT,Financial  Analyst,Part Time,2021-10-06 00:00:00,Bengaluru,,4.2,1125172,112517.2,Excellent,Rahul Rao,Inactive,Divorced,15,5,14.0,
50063,meera kumar,meera.kumar71@company.com,9370624968,Other,1972-08-30,25,Customer Support,Data Analyst,Intern,2020-09-05 00:00:00,Pune,Master's  ,unknown,647234,32361.7,Average,Sneha Patel,Active,Divorced,8,5,18.0,
50101,vIVEK gOWDA,vivek.gowda13@company.com  ,9548365397,Other,1990-05-26,38,IT,Financial Analyst,Contract,2022-07-30 00:00:00,Noida,Diploma,4.8,2031301,406260.2,needs improvement,Rahul Rao, On Leave ,Divorced,32,1,24.0,Needs training
50151,Sneha Verma,sneha.verma81@company.com,9321618860,Female,1984-01-02,20,Customer Support,Operations Executive,Full Time,2025-10-01 00:00:00,Hyderabad,Master's,14.9,931927,,Needs  Improvement,Meera Nair,ON LEAVE,Divorced,26,4,36.0,
51060,Pooja Sharma,pooja.sharma17@company.com,9655997633,Female,1991-08-24,23,IT,Support Specialist,Part Time,2026-08-26 00:00:00,Mumbai, Master's ,8.7,820253,"₹123,037",Needs Improvement,Vikram Singh,On Leave,married,5,4,32.0,Fast learner
50180,Rohit Kumar,rohit.kumar38@company.com,9399171775,Female,1995-11-14,150,Operations,HR Executive,Part Time,2020-01-12 00:00:00,Gurugram,Master's,3.7,1850694,370138.8,Good,vIKRAM sINGH, ,Married,30,3,32.0,Needs training
50571,Isha Gowda,isha.gowda10@company.com,9411430021,Male,1972-04-13,57,,Account Executive,Intern,2024-03-11 00:00:00,Chennai,Diploma,9.0,1333132,0.0,Needs Improvement,Rahul Rao,Resigned,Single,5,4,41.0,
50491, Amit Singh,amit.singh17@company.com,9558708946,Other,1976-03-10,27,cUSTOMER sUPPORT,Operations Executive,Full Time,2024-09-02 00:00:00,Bengaluru,Master's,12.7,1466162,-5000,Good,Anil Kumar,Active,Divorced,8,3,,
50827,Manish Gowda,manish.gowda16@company.com,9590703003,Other,1996-06-27,,Customer Support,software engineer,Part Time,2024-03-17 00:00:00,Hyderabad,Master's,8.4,1143466,114346.6,Needs Improvement,Priya Sharma,On Leave,Single,25,2,27.0,
50458, Manish Joshi, manish.joshi70@company.com ,9909656788,,1976-04-23,27,sales,Financial Analyst,Intern,2021-05-17 00:00:00,Chennai, PhD,6.1,515801,25790.05,Average,Vikram Singh,Inactive,Single,17,3,32.0,
50928,Sneha Reddy,sneha.reddy5@company.com,9490262517,Other,1987-07-01,28,Procurement,Sales Executive,Full  Time,2021-08-30 00:00:00,Kolkata,Master's,13.5,361466,0.0,Excellent,Rahul Rao,on leave,Divorced,22,3,35.0,
50675,Akash Rao,akash.rao78@company.com,9418824487,Female,1968-07-24,25,Marketing,Data Analyst,Full Time,2024-03-11 00:00:00,,Bachelor's,14.4,1812819,181281.9,Average,Priya Sharma,Active,divorced,7,5,21.0,
50758,Rahul Verma,rahul.verma23@company.com,9775020989,Other,1989-01-30,65,Human Resources,Sales Executive,Part Time,2021-11-09 00:00:00,Delhi,Bachelor's,17.2,650278,0.0,Average,Rahul  Rao,On Leave,Single,25,5,29.0,Fast learner
50743,Shreya Mehta,shreya.mehta96@company.com,9250290327,Other,2005-04-04,55,Customer Support,Business Analyst,Part Time,2024-06-20 00:00:00,Mysuru,Bachelor's,9.1,1031991,51599.55,Excellent,Meera Nair,Resigned,Married,10,2,5.0,
50523,Priya Patel,priya.patel61@company.com,9851143007,,2008-02-24,28,SALES,Marketing Analyst,Contract,2025-05-16 00:00:00,Delhi,PhD,4.5,716879,107531.85,Average,Priya Sharma,resigned,Divorced,34,5,,Fast learner
50027,ananya nair,ananya.nair62@company.com,9463726335,Male,2002-05-13,20,HR,Marketing Analyst,Contract,2024-05-03 00:00:00,Pune,Bachelor's,14.0,2025370,202537.0,Average,Vikram Singh,on leave,Single,,2,34.0,Good performer
50759,Sneha Das,,9758951732, Female,1972-12-31,64,Finance,HR Executive,Contract,2025-04-21 00:00:00,Mysuru,PhD,1.1,1495734,0.0,Good,Sneha Patel,on leave,Married,24,2,14.0,
51086, Pooja Rao ,pooja.rao92@company.com,9960948205,Male,1966-10-20,29,Procurement,Marketing Analyst,Part Time,2021-10-03 00:00:00,Bengaluru,Bachelor's,6.0,992260,0.0,Needs Improvement,,active,Married,0,1,29.0,Good performer
51148,Sneha Gowda,sneha.gowda18 @company.com,9591540297,Male,1966-02-06,63,IT,HR Executive,Contract,2023-05-21 00:00:00,Noida,Master's,11.5,1548455,123876.4,Good,Vikram Singh,Active,Married,2,2,15.0,Good performer
50657,VIVEK PATEL,vivek.patel88@company.com,9789266685, Female,1996-07-21,46,Operations,Marketing Analyst,Part Time,2019-01-01 00:00:00,Pune,PHD,14.8,1951512,156120.96,Average,Vikram Singh,Active,married,26,1,5.0,Fast learner
50812,iSHA rEDDY,isha.reddy27@company.com,9254342033,Male,1965-06-06,63,Finance,Financial Analyst,Contract,2024-05-15 00:00:00,PUNE,,10.9,1584711,237706.65,Average,Priya Sharma,Resigned,Married,17,5,18.0,Good performer
50669,Vivek Patel,vivek.patel53@company.com,9135958916,Female,2006-08-13,50,HR,Software Engineer,Intern,2021-04-01 00:00:00,Mysuru,Bachelor's,7.6,766799,153359.8,Excellent,Vikram Singh,Inactive,SINGLE,22,2,13.0,
51018,Meera Sharma,meera.sharma4@company.com,9954797628, MALE ,1996-06-21,29,Marketing,Marketing Analyst,Full Time,2023-12-24 00:00:00,Pune,Diploma,5.3,736048,110407.2,Needs Improvement,Sneha Patel,Resigned,Single,35,4,32.0,Needs training
50529,Divya Reddy,divya.reddy56@company.com,+91-9230411749,Female,1997-01-06,36,IT, HR Executive,Full Time,2020-01-15 00:00:00,Mumbai,Master's,15.0,574441,114888.2,Excellent,Meera Nair,Inactive,Single,twenty,1,41.0,Good performer
50644,dIVYA sHARMA,divya.sharma67@company.com,9856606255,Other,1989-02-10,53,it,Support Specialist, Intern,2019-04-21 00:00:00,Mumbai,Master's,5 years,1723413,0.0,Excellent,Meera Nair,resigned,Single,12,5,25.0,Needs training
50357,Arjun Sharma,arjun.sharma79@company.com,9776348921,Female,2000-04-13,33,HR,Software Engineer,Full Time,2023-01-08 00:00:00,,Master's,-2,1287472,193120.8,Excellent,Meera Nair,Resigned,Married,27,3,13.0,
51047,Priya Gowda,priya.gowda57@company.com,9899418690,Female,1978-12-24,37,Customer Support,Marketing Analyst,full-time,2023-01-02 00:00:00,Kolkata,Master's,3.8,1784948,0.0,Excellent,Rahul Rao  ,On Leave,Divorced,18,4,25.0,
50987,Isha Patel,isha.patel36@company.com,9346648051,Female,1974-04-11,47,Sales,Sales Executive,Full Time,2022-09-13 00:00:00,Noida,Bachelor's,8.2,408502,32680.16,Average,Rahul Rao,Resigned,Single,19,3,22.0,Needs training
50596,Arjun Rao,arjun.rao7@company.com,9786416544,Male,1978-04-08,60,Procurement,Sales Executive,Part Time,2026-04-08 00:00:00,Noida,Bachelor's,4.4,933748,93374.8,Average,Vikram Singh,Resigned,Married,19,5,8.0,
50373,AKASH VERMA,akash.verma50@company.com,9513585211,male,1999-09-29,-3,Customer Support,Business Analyst,Intern,2023-06-26 00:00:00,Chennai,Diploma,6.3,1531290,306258.0,Excellent,Priya Sharma,Resigned,Divorced,,1,7.0,
50174,Sanjay Reddy,sanjay.reddy12@company.com,9756576916,Other,1977-04-30,39,Sales,Support Specialist,Part Time,2019-03-22 00:00:00,Mysuru,Master's,10.2,1358301,67915.05,AVG,Vikram Singh,Active,Single,13,1,31.0,Good performer
51140,Kavya Nair,kavya.nair49@company.com,9679156357,Female,2001-10-06,55,Marketing,Software Engineer,Part Time,2023-01-08 00:00:00,Chennai,PhD,6.6,1057908,52895.4,Excellent,Sneha Patel,Inactive,Married,24,3,26.0,
51167,Akash Joshi,akash.joshi76@company.com,9501308479,Female,1991-10-04,40,Sales,Software Engineer,Full Time,2020-11-01 00:00:00,Hyderabad,Diploma,1.3,1399206,139920.6,AVERAGE,Rahul Rao,Resigned,Married,24,5,25.0,
50883,Ananya Kumar,ananya.kumar25@company.com,9328413280,Male,2005-05-02,31,Customer Support,Software Engineer,Fulltime,2026-06-06 00:00:00,Gurugram,Master's,1.8,811317,0.0,Needs Improvement,Vikram Singh,Active,Single,11,1,22.0,
50353,Manish  Singh,manish.singh1@company.com,9479986718, Other,1995-03-12,65,Procurement,Software Engineer,Part Time,2020-12-01 00:00:00,Noida, PhD ,,767563,153512.6,average,Sneha Patel,Resigned,Married,16,4,42.0,
51146,Kavya Sharma,kavya.sharma40@company.com,9398973085,Female,1978-08-11,62,pROCUREMENT,HR Executive,Contract,2024-08-26 00:00:00,Mumbai,PhD,5.5,2046060,306909.0,Needs Improvement,Vikram Singh,Resigned, Divorced ,-2,4,twenty,
50031,MANISH NAIR,manish.nair78@company.com,9330686646,Male,1993-04-14,-3,HR,HR Executive,Intern,2020-03-11 00:00:00,Gurugram,,9.2,2180923,174473.84,Needs Improvement,Priya Sharma,On Leave,Married,25,5,39.0,
51157,Sneha Mehta,sneha.mehta57@company.com,9896402258,Female,1991-11-01,50,Procurement,Operations Executive,Part Time,2025-06-02 00:00:00,Noida,bachelor,6.0,1039236,51961.8,Needs Improvement,Anil Kumar,Resigned,Single,18,3,37.0,
50524,Kiran Gowda,kiran.gowda33@company.com,9805991015,Female,1966-12-18,23,Procurement,Support Specialist,Full Time  ,2025-10-18 00:00:00,Mysuru,Diploma,11.7,879492,70359.36,Average,Rahul Rao,Resigned,Divorced,30,2,13.0,
50228,Ananya Nair,ananya.nair61@company.com,9795677771, Female,1999-03-24,34,Sales,Marketing Analyst,Intern,2024-05-08 00:00:00,Gurugram,Diploma,10.6,316136,0.0,Good,Meera Nair,On Leave,Single,1,5,18.0,
50690,Kavya Patel,kavya.patel27@company.com,9199283869,Other,1967-03-21,20, Operations ,Account Executive,Contract,2026-06-08 00:00:00,Pune,PhD,13.0,660895,52871.6,Needs Improvement,Sneha Patel,On  Leave,Single,21,five,26.0,Fast learner
51110,Kiran Sharma,kiran.sharma38@company.com,9179280982,M,1996-02-15,56,Customer Support,SOFTWARE ENGINEER,Intern,2020-05-26 00:00:00, Mysuru,Master's,-2,1109071,110907.1,Average,Meera Nair,On Leave,Single,30,3,4.0,Fast learner
50878,priya reddy,priya.reddy37@company.com,9198969342,Other,1983-09-04,24,HR,Marketing Analyst,Contract,2024-08-04 00:00:00,Delhi,Bachelor's,3.3,1235497,123549.7,Excellent,Rahul Rao,Active,Single,20,2,11.0,Needs training
50133,Kiran Joshi,kiran.joshi89@company.com,9995402959,Other  ,1994-12-26,150,cUSTOMER sUPPORT,Financial Analyst,Part Time,2025-06-13 00:00:00,Kolkata,Master's,5.2,1263297,63164.85,Excellent,Meera Nair,Resigned,married,1,4,150,
50686,rohit das,rohit.das5@company.com,9920370120,Other,2002-11-15,58,Procurement,HR Executive,part-time,2022-01-16 00:00:00,,PhD,0.6,1787644,178764.4,Average,Anil Kumar,on leave,Married,12,2,4.0,
50251,Arjun Gowda,arjun.gowda41@company.com,9999646102,Male  ,2007-12-08,28,Finance,Financial Analyst,Full Time,2025-02-16 00:00:00,BENGALURU,Diploma,14.5,1548362,309672.4,Needs Improvement,Meera Nair,Active,Married,28,2,24.0,Needs training
50607,Sanjay Reddy,sanjay.reddy95@company.com,9100323142,Female,1971-08-15,42, Procurement ,Sales Executive  ,Part Time,2022-07-04 00:00:00,Chennai,Diploma,16.1,571110,57111.0,Needs Improvement,Anil Kumar, On Leave,Divorced,30,2,2.0,Fast learner
50770,Rahul Patel,rahul.patel52@company.com,9400002004,Female,1980-10-29,28,Procurement,Sales Executive,Intern,2019-12-23 00:00:00,Delhi,Master's,14.7,"437,030",21851.5,Average,rAHUL rAO,ACTIVE,Divorced,20,5,27.0,
50304,Rahul Joshi,rahul.joshi56@company.com,9688245074,M,1975-05-01,21,HR,Data Analyst,Part Time,2022-11-29 00:00:00,Kolkata,Master's,9.1,793927,158785.4,Average,Vikram Singh,Inactive,Divorced,4,3,36.0,
51055,Rahul Mehta,rahul.mehta88@company.com,9992432414,Female,1978-01-23,45,Operations,sALES eXECUTIVE,Part Time,2022-07-16 00:00:00,Pune,Master's,12.4,770392,77039.2,Excellent,Meera Nair,Inactive,Married,20,4,8.0,
50469,Shreya Singh,shreya.singh6@company.com,9735196941,Male,1974-05-29,21,IT,Financial Analyst,Full Time,2022-01-25 00:00:00,Mumbai,Master's,17.7,389914,19495.7,Good ,Rahul Rao,Resigned,mARRIED,10,1,23.0,
50591,isha nair,invalid-email,9886024153,Male,1975-08-07,35,Finance,Marketing Analyst,Intern,2023-05-29 00:00:00,Noida,Diploma,0.3,603166,0.0,Excellent,Rahul Rao,Resigned,divorce,33,,9.0,Good performer
50153,Shreya Singh,shreya.singh48@company.com,939-327-9316,Other,1966-09-02,32,Operations,Financial Analyst,FULL TIME,2021-05-29 00:00:00,Pune,Bachelor's,8.8,847435,84743.5,Good,Vikram Singh,active,Married,1,3,7.0,
50617,Amit Kumar,amit.kumar88@company.com,9403872922,Male,1975-07-21,36,Customer Support,Data Analyst,Contract,2022-01-05 00:00:00,Noida,Master's,7.2,1080880,,Needs Improvement,Vikram Singh,On Leave,Single,,2,20.0,Good performer
50656,Nikhil Rao,nikhil.rao91@company.com,9249179459,Male,1970-07-29,60,Procurement,Software Engineer,Intern,2021-06-30 00:00:00,Delhi,Master's,2.9,1514149,151414.9,Needs Improvement,Anil Kumar,Active,Single,26,1,18.0,Good performer
50634,Manish Singh,manish.singh13@company.com,9753949481,Other,1981-11-21,26,IT,Business Analyst,Contract,2021-03-09 00:00:00,Delhi,Diploma,17.5,"₹1,277,866",0.0,Needs Improvement,Anil Kumar,Inactive,Divorced,33,3,20.0,Needs training
50121,Rohit Sharma,rohit.sharma7@company.com,967-741-8127,Female,1987-06-18,28,Procurement,Support Specialist,Part Time,2019-02-02 00:00:00,Delhi,PhD,4.9,1433509,114680.72,Average,Priya Sharma,Resigned,Married,14,4,40.0,
50303,Neha Kumar,neha.kumar61@company.com,9567466712,Male,1998-04-12,60,Marketing,Financial Analyst,Full Time,2023-08-15 00:00:00,Mumbai,diploma,1.2,1170894,175634.1,Good, Vikram Singh ,Active,Married,1,4,37.0,Good performer
50020,Shreya Mehta,shreya.mehta95@company.com,9208181146,Male,1976-11-21,52,HR,Account Executive,Contract,2020-07-19 00:00:00,Mysuru,Bachelor's,17.2,1738870,173887.0,Good,Vikram Singh,Active,Single,9,five,21.0,
50693,Ananya Gowda,ananya.gowda28@company.com,9949277441,Other,2004-01-15,51,Finance,Business Analyst,Intern,2025-03-26 00:00:00,,master,4.2,821655,41082.75,Good, Anil Kumar ,Resigned,Single,5,2,24.0,Good performer
51180,Sneha Rao,sneha.rao14@company.com,9507495787,Female,1982-02-16,41,Customer Support,Support Specialist,Intern,2022-10-28 00:00:00,Noida,Bachelor degree,7.1,254563,50912.6,Needs Improvement,Priya Sharma,Resigned,Married,10,3,39.0,Good performer
50350,rAHUL kUMAR,rahul.kumar7@company.com,98653 57137,Other,1989-08-24,22,Finance,Software Engineer,Intern,2021-09-22 00:00:00,Pune,Bachelor's,17.4,806506,161301.2,Excellent,anil kumar,Resigned,Divorced,0,2,,
50450,Kiran Sharma,kiran.sharma59@company.com,9946066649,Female,1970-09-23,25,Operations,Data Analyst,Full Time,2019-08-10 00:00:00,Hyderabad,MASTER'S,3.8,1894943,151595.44,Average,Sneha Patel,Inactive,Divorced,,4,41.0,
51013,Sanjay Rao,sanjay.rao32@company.com,9989379291,,2006-09-21,21,Marketing,Marketing Analyst,,2023-05-26 00:00:00,Bengaluru,PhD,8.5,1756636,140530.88,Excellent,Priya Sharma,Resigned,Single,30,2,32.0,Good performer
50700,Kiran Joshi,kiran.joshi63@company.com,98765ABCDE,Other,1989-02-25,18,Marketing,Support  Specialist,,2020-11-13 00:00:00,,PhD,1.8,326900,0.0,Needs Improvement,Meera Nair,Active,Married,21,4,5.0,Good performer
50095,Pooja Mehta,pooja.mehta76@company.com,9268720291,mALE,1982-10-09,47,Marketing, HR Executive,Part Time,2024-09-20 00:00:00,Mumbai,Master's,15.8,1113895,89111.6,Needs Improvement,Anil Kumar,On Leave,Divorced,1,2,40.0,
50874,Sneha Joshi,sneha.joshi14@company.com,9126406899,FEMALE,1992-01-05,34,HR,Support Specialist,Intern,2026-08-19 00:00:00,Mumbai,PhD,15.2,1492678,119414.24,Average,Anil Kumar,active,Single,5,4,22.0,
51139,Vivek Reddy,vivek.reddy45@company.com,9292963101,Other,1985-06-09,20,Marketing,Marketing Analyst,Contract,2021-04-09 00:00:00,Chennai,Bachelor's,15.2,1635401,163540.1,Excellent,Rahul Rao,Active,Divorced,9,1,14.0,Needs training
50427,isha kumar,isha.kumar16@company.com,9378752140,Male,1974-07-01,50,Customer Support,Operations Executive,Part Time,2022-08-15 00:00:00,Delhi,PhD,4.4,970482,194096.4,Needs Improvement,Rahul Rao,Resigned,Single,35,2,19.0,Needs training
50582,Sneha Rao,sneha.rao24@company.com,9422375573,Female,1995-12-09,31,Procurement,Account Executive,Full Time,2025-01-05 00:00:00,Noida,Bachelor's,12.3,743805,111570.75,Excellent,Anil Kumar,On Leave,Divorced,34,2,37.0,Needs training
50480,Rohit Joshi,,926-414-2356,Other,1972-10-31,46,Sales,Financial Analyst,Full Time,2020-01-07 00:00:00,Bengaluru,Bachelor's,50,1616976,161697.6,Average,Anil Kumar,Resigned,SINGLE,31,1,24.0,Fast learner
50996,Sanjay Gowda,sanjay.gowda30@company.com,9997338975,Male,2006-12-27,49,Sales,,Contract,2022-06-07 00:00:00,Gurugram,Diploma  ,14.3,1332385,0.0,good,Sneha Patel, ,Married,5,1,5.0,Good performer
50506,shreya rao,shreya.rao35@company.com,9179883165,Male,1976-03-28,47, HR ,Financial Analyst,Contract,2019-01-23 00:00:00,Mysuru,Diploma,6.2,1590505,238575.75,Needs Improvement,Anil Kumar,Inactive,Married,17,4,26.0,Fast learner
51042,Pooja Mehta,pooja.mehta42@company.com,9155839218,Male,1981-09-18,30,Marketing,Financial Analyst,Contract,2026-08-03 00:00:00,Hyderabad,Master's,8.8,1388778,69438.9,Needs Improvement,Rahul Rao,Resigned,Single,15,2,6.0,Fast learner
50919,Rohit Sharma,rohit.sharma69@company.com,9328180082,Other,2002-05-21,50,IT,Business Analyst,Intern,2019-09-02 00:00:00,Delhi,Master's,6.1,448042,44804.2,Excellent,Anil Kumar,On Leave,Single  ,17,1,12.0,Fast learner
50802,Sneha Gowda,sneha.gowda54@company.com,9941293391,Male,1967-12-12,32, Sales ,Software Engineer,Full Time,2019-07-18 00:00:00,Chennai,Diploma,3.2,888390,133258.5,Average,Priya Sharma,Inactive,Single,28,4,33.0,Needs training
50416, Amit Patel ,amit.patel2@company.com,9173694689,Other,1986-04-27,63,HR,HR Executive,Part Time,2026-07-21 00:00:00,Mumbai,Diploma,7.8,"276,117",13805.85,Good,Vikram Singh,Inactive,Married,0,1,4.0,Good performer
50274,AKASH SINGH,akash.singh34@company.com,972-056-9806,Other,1966-02-11,38,Procurement,Software Engineer,Intern,2025-08-06 00:00:00,Chennai,Bachelor's,16.7,1824101,273615.15,Excellent,Sneha Patel,On Leave,Married,15,2,3.0,Needs training
50559,Meera Kumar,meera.kumar71@company.com,9738338436,Female,2004-08-16,29,sALES,Software Engineer,Part Time,2021-12-17 00:00:00,Hyderabad,Bachelor's,13.3, 1501933 ,0.0,Average,PRIYA SHARMA,On Leave,Single,1,2,22.0,Fast learner
50397, Divya Sharma,divya.sharma51@company.com,9970248292,Other,1985-06-22,62,hr,Data Analyst,Full Time,2025-10-18 00:00:00,Hyderabad,Diploma,2.4,2102041,210204.1,Needs Improvement,meera nair,Inactive,divorced,1,3,31.0,
50831,Arjun Das,arjun.das91@company.com,9791799140,Other,1979-11-14,25,IT,Business Analyst,,2020-11-18 00:00:00,Mysuru,Master's,13.9,2093669,209366.9,Needs Improvement,Meera Nair,INACTIVE,Married,18,3,24.0,Needs training
50174,Sanjay Reddy,sanjay.reddy12@company.com,9756576916,Other,1977-04-30,39,Sales,Support Specialist,Part Time,2019-03-22 00:00:00,Mysuru,Master's,10.2,1358301,67915.05,AVG,Vikram Singh,Active,Single,13,1,31.0,Good performer
51014,Arjun Sharma,arjun.sharma74@company.com,9703264337,Male,1977-09-04,57,Sales,Operations Executive,Part time,2020-03-09 00:00:00,Noida,BACHELOR'S,2.9,891382,0.0,Needs Improvement,Meera Nair,Active,SINGLE,10,2,9.0,
51153,Akash Verma,akash.verma55@company.com,,Male,1979-03-07,62,Marketing,Account Executive,Intern,2023-11-11 00:00:00,gurugram,Bachelor's,6.5,746521,111978.15,Good,Vikram Singh,resigned,Divorced,14,2,17.0,
50531,Ananya Das,ananya.das21@company.com,9585634533,Male,1998-05-11,41,Customer Support,Account  Executive,cONTRACT,2021-11-25 00:00:00,Hyderabad,Bachelor's,9.8,1907252,₹0,Good,Priya Sharma,Active,Married,3,5,,Needs training
51021,Amit Gowda,amit.gowda12@company.com,9284016753,Other,1997-11-29,47,Marketing,Data Analyst,Intern,2025-07-09 00:00:00,Hyderabad,Master's  ,15.3,1502029,0.0,Average,Sneha Patel,Resigned,Divorced,35,2,24.0,
51112,Isha Verma,isha.verma69@company.com,9332311180,Other,1989-06-15,54,Procurement,Operations Executive,Intern,2022-03-10 00:00:00,Mysuru,BACHELOR'S,10.7,1684328,₹0,Excellent,Anil Kumar,Inactive,Single,24,3,29.0,
50475,Kavya Kumar,kavya.kumar10@company.com,9580383785,Male,1968-01-26,21,procurement,Sales Executive,Intern,2023-07-07 00:00:00,Delhi,Bachelor degree,13.8,622933,124586.6,Needs Improvement,,On Leave,Single,14,5,150.0,
50459,Amit Sharma,amit.sharma1@company.com,9807799310,Other,1973-10-18,38,IT,Data Analyst,Part time,2024-08-13 00:00:00, Hyderabad,PhD,2.1,773744,77374.4,Good,Rahul Rao,Active,Married,3,5,29.0,Good performer
50527,Shreya Kumar,shreya.kumar56@company.com,9146382977,Other,1973-10-29,,Customer Support,Account Executive,intern,2023-04-01 00:00:00,Hyderabad,PhD,13.0,1799666,0.0,Average,Rahul Rao,Inactive,Married,24,3,10.0,Needs training
50057,Sanjay Mehta,sanjay.mehta85@company.com,9461249298,Female,2006-04-27,59,Customer Support  ,Account Executive,Intern,2026-02-25 00:00:00,Mysuru,PhD,12.2,497494,39799.52,Needs Improvement,Meera Nair,Resigned,Divorced,20,5,24.0,Needs training
50135,Pooja Sharma,pooja.sharma27@company.com,9694696085, FEMALE ,1977-02-28,46,Finance,marketing analyst,contractual,2021-03-15 00:00:00,Gurugram,Master's,10.8,841390,67311.2, Needs Improvement,Vikram Singh,Active,Divorced,27,2,4.0,Good performer
50187,Sneha Singh,sneha.singh13@company.com,9241259955,Male,1990-05-15,27, Operations ,Sales  Executive,Full Time,2020-03-17 00:00:00,Noida  ,Master's,11.8,890757,89075.7,Good,Priya Sharma,Resigned,Divorced,29,4,19.0,
51149,Amit Reddy,amit.reddy30@company.com,9191302889,Female,1983-06-07,50,Sales,sALES eXECUTIVE, Full Time,2023-05-31 00:00:00,bengaluru,Diploma,16.3, 2172813 ,173825.04,Needs Improvement,Meera Nair,Resigned,Single,7,4,,
50796,Arjun Rao,arjun.rao14@company.com,9567537483,,2005-07-02,34,Operations,Data Analyst,,2025-06-26 00:00:00,Mysuru,Diploma,,1531781,76589.05,Excellent,Anil Kumar,Active,Divorced  ,5,1,23.0,
50282,Pooja Verma,pooja.verma19@company.com,9985971920,Male,2008-02-20,39,Marketing,Account Executive,Intern,2021-04-06 00:00:00,Pune,Diploma,3.3,1675920,83796.0,Good,Anil Kumar, On Leave,Divorced,22,2,45.0,
50934,Arjun Singh,arjun.singh96@company.com,9640782155,Female,1994-10-15,25,Procurement,Support Specialist,Intern,2022-03-07 00:00:00,Pune,Diploma,60,404629,0.0,Good,,iNACTIVE,Single,2,3,37.0,
50429,Neha Verma, neha.verma17@company.com ,9775367008,Female,1980-02-27,53,Operations,Account Executive,full-time,2022-04-16 00:00:00,Pune,Master's,12.7,316162,31616.2,nEEDS iMPROVEMENT,Priya Sharma,On Leave,MARRIED,4,4,15.0,
50425,Pooja Patel,pooja.patel82@company.com,9371111560,Female,2004-06-30,24,Customer Support,Account Executive,Intern,2024-03-29 00:00:00,Pune,Master's,15.8,1473456,147345.6,Excellent,Priya Sharma,Resigned,Single,35,3,8.0,Fast learner
50124,Sanjay Gowda,invalid-email,9523880534,Other,1966-04-14,42,Procurement,Operations Executive,Contract,2023-05-12 00:00:00,Chennai,PhD,10.7,338717,50807.55,Good,,Resigned,Divorced,7,4,29.0,
50716,Arjun Kumar,arjun.kumar84@company.com,9814906332,Other,1995-09-01,38,SALES, Support Specialist ,Full Time,2019-11-21 00:00:00,Hyderabad,mASTER'S,17.2,862499,86249.9,Excellent,Rahul Rao,On Leave,Single,32,,35.0,
50191, Sneha Sharma,,9283120793,Female,1967-08-11,,hr,Sales Executive,Contract,2026-04-22 00:00:00,Kolkata,Bachelor's,unknown,694275,138855.0,Needs Improvement,Sneha Patel,On Leave,Single,20,3,12.0,
50002, sanjay singh,sanjay.singh46@company.com,9964508088,female,1982-10-27,65,marketing,Software Engineer,Full Time,2021-10-27 00:00:00,Gurugram,Diploma,5.2,969091,48454.55,Average,Anil Kumar,On Leave,Married,29,4,5.0,
50960,Vivek Singh,vivek.singh80@company.com,9960420731,Male,2002-08-02,-3, Sales,Sales Executive,Full Time,2022-06-24 00:00:00,Delhi,Bachelor's,,325256,26020.48,Needs Improvement,Anil Kumar,Inactive,Married  ,17,2,26.0,Fast learner
51071, Pooja Mehta,pooja.mehta4@company.com,9582316163,Other,2001-12-20,59,operations,Software Engineer,Full Time,2022-03-25 00:00:00,Gurugram,Master's,8.8,1925817,0.0,Good,Anil Kumar,Resigned,MARRIED,7,3,41.0,Good performer
50318,Priya Gowda,priya.gowda98@company.com,9986626335,Female,1983-09-04,58,Procurement,Business Analyst,Full Time,2023-04-19 00:00:00,Pune,Diploma,15.7,1550599,124047.92,Average,Vikram Singh,On Leave,divorce,-2,2,16.0,
50722, Arjun Verma,arjun.verma42@company.com,9722393587,Male,1972-01-10,35,IT,Sales Executive,Contract,2021-12-28 00:00:00,Chennai,Bachelor's,9.5,10000000,70365.75,NEEDS IMPROVEMENT,Priya Sharma,Active,Married,11,3,2.0,
50414,Ananya Gowda,ananya.gowda61@company.com,9382439686,Other,1965-11-13,45,SALES,Marketing Analyst,Contract,2025-06-28 00:00:00,Mysuru,Master's,1.4,667843,0.0,Needs Improvement,Rahul  Rao,On Leave,Single,23,1,27.0,Fast learner
50933, Arjun Das,arjun.das42@company.com,9384626915,Female,1978-03-07,28,Sales,Financial Analyst,Full Time,2021-02-01 00:00:00,Mysuru,Masters,1.3,"₹1,805,545",0.0,Needs Improvement,Meera Nair,Inactive,Single,21,1,7.0,Good performer
50611,Isha Rao,isha.rao20@company.com,9277612194,Other,1996-09-29,26,Marketing,operations executive,Contract,2024-08-18 00:00:00,Noida,MASTER'S,8.5,820803,41040.15,Excellent,Vikram Singh,Resigned,Married,34,1,7.0,Needs training
50915,Pooja Mehta,pooja.mehta14@company.com,9113798892,Other,1975-07-31,49, Marketing,HR Executive,part-time,2019-06-05 00:00:00,Pune,Master's,15.7,1406777,281355.4,Good,Anil Kumar,Resigned,Married,100,2,31.0,
50682, Nikhil Nair ,,9934501291,Male,1996-08-28,55,Customer Service,Software Engineer,Intern,2019-12-10 00:00:00,Gurugram,Bachelor's,2.2,1305321,65266.05,Average,Sneha Patel,Resigned,Married,-2,5,5.0,
50807,Sneha Sharma,sneha.sharma39@company.com,9524003068,Male,1966-01-21,44,Sale,Operations Executive,Contract,2026-03-30 00:00:00,Noida,Diploma,7.6,"703,735",70373.5,Average,Meera Nair,On Leave,Divorced,32,1,19.0,Fast learner
50412,Priya Patel,priya.patel28@company.com,9945030736,Female,2000-09-17,60,IT,Data Analyst,Contract,2021-03-21 00:00:00,Kolkata,PhD,17.8,855818,85581.8,Excellent,Sneha Patel,Active,Single,27,4,5.0,
51171,Pooja Gowda,pooja.gowda99@company.com,,Female,2004-10-09,59,Operations,Financial Analyst,Full Time,2026-02-23 00:00:00,Mysuru,PhD,0.7,714361,,Needs Improvement,Sneha Patel,Inactive,Divorced,3,1,26.0,Needs training
50393,Priya Sharma,priya.sharma99@company.com,9300372650,female,1970-01-20,32,Procurement,Sales Executive,Part time,2023-01-14 00:00:00,Hyderabad,Bachelor's,7.5,1749726,174972.6,Excellent,Sneha Patel,On Leave,Divorced,100,4,24.0,Needs training
50608,Divya Rao,divya.rao13@company.com,9881623090,Other,2002-08-03,32,IT,Sales Executive,Intern,2023-04-18 00:00:00, Noida ,BACHELORS,11.8, 632104 ,31605.2,Excellent,Sneha Patel,Active,Single,2,5,7.0,Fast learner
51127,Pooja Mehta,pooja.mehta30@company.com,966-035-6458,Female,1983-04-11,50,Sales,Operations Executive,Part Time,2025-11-26 00:00:00,Hyderabad,PhD,1.8,1681278,0.0,Needs Improvement,Priya Sharma,On Leave,Divorced,twenty,3,33.0,Needs training
50406,Sneha Singh,sneha.singh45@company.com,9308869333,Male,1976-03-30,20,Finance,Account Executive,contract,2024-02-25 00:00:00,Kolkata,PhD,11.7,1280343,102427.44,Excellent,MEERA NAIR,Resigned,Divorced,3,2,150,
50168,Isha Joshi,isha.joshi96@company.com,9230664355,Male,1993-03-22,38,Marketing,Software Engineer,Intern,2019-03-01 00:00:00,Gurugram,pHd,11.5,397872,59680.8,Average, Vikram Singh,Resigned,Married,3,2,25.0,
50453,Rahul  Gowda,invalid-email,9534168660,Other,1981-02-21,62,IT,Business Analyst,Intern,2020-05-04 00:00:00,Mysuru,Master's,9.3,1365731,273146.2,Excellent,Priya Sharma,Inactive,Divorced  ,17,,13.0,
50519,Rahul Kumar,rahul.kumar10@company.com,9607364549,Female,1976-11-11,27,Sales,Business Analyst,Intern,2022-04-04 00:00:00,Mumbai,PhD,16.4,1660689,83034.45,Average,Meera Nair,ON LEAVE,Divorced,32,3,twenty,
50854,Shreya Rao,shreya.rao38@company.com,9756035339,Other,2008-05-22,26,Operations,Marketing Analyst,Full Time,2023-08-30 00:00:00,Bengaluru,Master's,14.2,1418547,,needs improvement,Rahul Rao,Active,Married,24,3,5.0,Needs training
51029,Pooja Reddy,pooja.reddy33@company.com,9281454908,Other,1974-05-01,27,IT,Software Engineer,Contract,2023-10-28 00:00:00,Delhi,Master's,,624602,124920.4,Average,Vikram Singh,Active,Divorced,27,1,18.0,Fast learner
50650,Akash Kumar, akash.kumar29@company.com ,9903560861,male,1965-11-04,18,HR,Data Analyst,Intern,2019-05-29 00:00:00,Noida, PhD,13.0,643359,32167.95,Average,Rahul Rao,Resigned,MARRIED,22,3,44.0,Fast learner
50760,Meera Verma,meera.verma67@company.com,9349716393, FEMALE ,2007-03-27,64,HR,Sales Executive,Fulltime,2019-12-15 00:00:00,Gurugram,Diploma,10.6,635261,0.0,Needs Improvement,Rahul Rao,Resigned,Single,31,2,18.0,Fast learner
50473,PRIYA NAIR,priya.nair42@company.com,9565632220,Other,1977-04-30,31,Ops,Data Analyst,Intern,2021-06-13 00:00:00,Mysuru,Master's,0.1,1671783,133742.64,Good,Sneha Patel,Inactive,dIVORCED,7,4,11.0,
50199,Ananya Joshi,ananya.joshi42@company,9421419404,Female,1986-08-19,0,Operations,Sales Executive,Contract,2025-04-05 00:00:00,Delhi,Bachelor's,14.9,408625,20431.25,Needs Improvement,Sneha Patel,On Leave,Divorced,30,2,,Fast learner
50697,Shreya Singh,shreya.singh45@company.com,9108418900,male,1977-05-18,36,Customer Support,Sales Executive,Intern,2024-08-03 00:00:00,Mumbai,Master's,0.8,383758,0.0,Excellent,Rahul  Rao,Inactive,Divorced,3,4,23.0,
50901,Arjun Das,arjun.das89@company.com,+91 9523682213,Male,2001-12-22,60,Marketing, Business Analyst ,Intern,2022-12-03 00:00:00,Kolkata,PhD,13.2,920900,73672.0,Good,Rahul Rao, Active ,Divorced,33,4,-5,Needs training
50676,Neha Verma,neha.verma58@company.com,9121859060,Male,1992-08-27,60,Operations,Sales Executive,Intern,2025-10-09 00:00:00,Noida,BACHELOR'S,2.9,1009842,0.0,Excellent,Rahul Rao,RESIGNED,SINGLE,23,4,14.0,
50115,Kavya Nair,kavya.nair70@company.com,9352654434,Female,2005-08-03,,Sales,Financial Analyst,internship,2025-12-31 00:00:00,Mumbai,Bachelor's,17.9,951670,76133.6,Good,Vikram Singh,on leave,Married,19,4,1.0,Needs training
50193,Sneha Sharma,sneha.sharma78@company.com,9937609141,Other,1972-02-22,39,Operations,Marketing Analyst,Full Time,2020-06-08 00:00:00,Gurugram,,9.9,1853255,92662.75,Average,Vikram Singh,On Leave,Divorced,34,5,15.0,Needs training
50173,Rahul Joshi,rahul.joshi34@company.com,9940270024,Male,1971-07-26,60,Finance,Account Executive,Intern,2024-04-29 00:00:00,Gurugram,PhD,8.4, 583950 ,29197.5,Needs Improvement,Rahul Rao,Inactive,Divorced,30,1,23.0,
50442,Vivek Nair,vivek.nair32@company.com,98765ABCDE,Male,1968-02-01,51,IT,Business Analyst,Part Time,2020-04-11 00:00:00,Mysuru,Bachelor's,5.0,1913680,153094.4,Good,Priya Sharma,Resigned,Single,1,2,6.0,Fast learner
50885,Isha Das,isha.das2@company.com,9527967040,Male,2007-09-12,-3,Operations,Marketing Analyst,Intern,2024-11-09 00:00:00,Delhi,Bachelor's,4.1, 1352732 ,135273.2,Excellent,Meera Nair,Resigned,divorced,17,1,10.0,Fast learner
50360,rAHUL gOWDA,rahul.gowda43 @company.com,9464596803,Male,1983-03-11,34,Marketing,Account Executive,Part time,2021-02-16 00:00:00,Chennai, Diploma,7.7,933103,74648.24,Good,Sneha Patel,ACTIVE,Single,19,3,32.0,Fast learner
50820,Isha Gowda,isha.gowda44@company.com,9154576063,Other,1976-08-05,63,IT,Support Specialist,Full Time,2023-02-21 00:00:00,Hyderabad,Bachelor's,11.2,1299143,129914.3,EXCELLENT,Rahul Rao,Active,Divorced,17,5,2.0,
50399, ,meera.das43@company.com,9972904218, MALE ,1999-11-11,54,Customer Service,Marketing Analyst,Intern,2025-01-04 00:00:00,Mysuru,Bachelor's,17.1,2006942,100347.1,Good,Sneha Patel,Inactive,divorced,3,3,25.0,
51111,Sneha  Patel,sneha.patel83@company.com,9391582204,Female,1994-03-23,62,Marketing,Sales Executive,Part Time,2022-01-14 00:00:00,Mysuru,Bachelor's,0.6,1264319,126431.9,Excellent,Priya Sharma,On Leave,Divorced,27,4,35.0,
50411,Divya Das,divya.das2@company.com,9678285301,Other,1993-04-07,48,Customer Support,Operations Executive,Intern,2023-12-14 00:00:00,Pune,Bachelor's,7.6,516697,25834.85,Needs Improvement,Meera Nair,aCTIVE,Single,27,5,25.0,Fast learner
50560, Arjun Reddy,arjun.reddy18@company.com,9501323489,Female,1976-08-05,19,finance,Account Executive,Part Time,2020-07-25 00:00:00,Chennai,Diploma,3.1,1423274,142327.4,Average,Meera Nair,Active  ,Married,25,5,44.0,
50104,Isha Rao,isha.rao50@company.com,9308832106,Other,1985-08-24,53,Customer Support,Account Executive,Full Time,2024-01-22 00:00:00,Gurugram, Bachelor's ,5.5,1170119,234023.8,Average,Anil Kumar,Resigned,Single,14,3,2.0,
50409,Amit Gowda, amit.gowda5@company.com ,9642547073,Other,1967-09-18,61, HR ,Account Executive,Part time,2025-11-03 00:00:00,Mumbai,PhD,9.7,783147,62651.76,Good,vikram singh, On Leave,Single,21,3,7.0,
50083, ,,9855120876,Male,1981-03-27,45,HR,,Full Time,2020-05-03 00:00:00,Noida,Bachelor's,17.3,349585,0.0,good,Rahul Rao,Inactive,Single,23,1,26.0,Needs training
51195,Rohit Nair,rohit.nair69@company.com,9584795045,Male,1974-02-15,57,IT,Marketing Analyst,Intern,2020-12-24 00:00:00,Hyderabad,Diploma,3.0,1168166,0.0,Average,Sneha Patel, ,Single,23,3,19.0,Good performer
50388,Rohit Gowda,rohit.gowda95 @company.com,9871205160,Male,1995-11-07,39,Operations,Marketing Analyst,Full Time,2022-01-29 00:00:00,Delhi,Master's,7.1,50000000,152423.7,Average,Anil Kumar,Resigned,Married,20,1,-5,Good performer
50569,Kiran Rao,kiran.rao23@company.com,9848527599,Male,1973-09-14,43,Customer Support,HR Executive,Part Time,2025-07-17 00:00:00,Noida,master,9.9,300259,15012.95,Good,Priya Sharma,Resigned,Married,29,4,36.0,Fast learner
50432,Shreya Gowda  ,shreya.gowda92@company.com,9311435178,Female,2003-10-22,27,marketing,HR Executive,Intern,2019-06-10 00:00:00,Chennai,Master's,5.7,938292,140743.8,Excellent,Priya Sharma,Active,Single,24,5,3.0,
51199, ,amit.patel16@company.com,9212866305,fEMALE,2002-05-17,44,HR,Support Specialist,Contract,2019-12-02 00:00:00,Noida,Master's,17.6,1058471,211694.2,Average,Sneha Patel,Resigned,Married,33,5,,Good performer
50275,Neha Joshi,neha.joshi8@company.com,9400487193,Female,1969-12-25,46,Operations,Software Engineer,Intern,2026-05-17 00:00:00,Bengaluru,PhD,11.0,424233,33938.64,EXCELLENT,Anil Kumar,Inactive,Single,4,2,28.0,Needs training
50906,Amit Reddy,amit.reddy6@company.com,9839048592,Other,1980-05-20,18,pROCUREMENT,Support Specialist,Intern,2020-07-27 00:00:00,Bengaluru,Bachelor's,0.2,574926,57492.6,Good,Sneha Patel,Inactive,Single,8,5,8.0,
50034,Vivek Mehta,vivek.mehta97@company.com,9130159062,Male,1996-05-01,50,HR,MARKETING ANALYST,Intern,2021-11-19 00:00:00,Kolkata,Master's,15.0,929484,46474.2,Good , Priya Sharma,Resigned,Single,23,0,34.0,
50390,Pooja Reddy,pooja.reddy57@company.com,9404977995,Other,1981-03-15,29,IT,,Contract,2022-03-06 00:00:00,Noida,Diploma,4.0,2096916,0.0,Needs Improvement,Rahul Rao,Active,Married,34,2,26.0,Good performer
50284,Nikhil Singh,nikhil.singh87@company.com,9828156997,Male,2003-02-04,28,Finance,Sales Executive,Intern,2021-08-03 00:00:00,Chennai,PhD,16.8,1935801,0.0,Needs Improvement,Vikram Singh,Inactive,Single,24,1,31.0,
50964,Kiran Mehta,kiran.mehta91@company.com,9264520433,oTHER,1969-08-04,63,Customer Support,Financial Analyst,Full Time,2020-12-26 00:00:00,Delhi,Bachelor's,14.2,1187244,0.0,average,Sneha Patel,Inactive,Single,26,4,24.0,
50876,Vivek Gowda,vivek.gowda47@company.com,9865931293,Female,1998-05-15,60,Sales,Marketing Analyst,Contract,2024-11-09 00:00:00,Delhi,,0.4,1404269,140426.9,Excellent,Anil Kumar,Inactive,Single,-2,2,27.0,
51138,Isha Das,isha.das24@company.com,9429564337,Male,1991-06-19,60,Customer Support,Support Specialist,Intern,2025-03-23 00:00:00,Hyderabad,Bachelor's,12.0,888295,44414.75,Needs Improvement,Anil Kumar,Inactive,Divorced,1,3,0.0,
50129,Priya Sharma,,9805072019,MALE,2007-05-24,42,Customer Support,Financial Analyst,Intern,2019-12-15 00:00:00,Mysuru,PhD,3.7,532515,53251.5,Needs Improvement,Sneha Patel,Resigned,Divorced,30,1,24.0,
50962,Ananya Kumar,ananya.kumar98@company.com  ,9920844105,oTHER,1971-08-08,57,Finance,Sales Executive,Full Time,2024-08-17 00:00:00,Delhi,Bachelor's,11.5,1439258,0.0,Average,Meera Nair,On Leave,divorced,15,5,25.0,
50130,Isha Singh,isha.singh70@company.com,9709442734,male,1968-02-28,54,IT,Sales Executive,Part Time,2023-10-25 00:00:00,Noida,Phd,5.2,811025,81102.5,Good,Priya Sharma,On Leave, Married ,0,1,16.0,
51197,Meera Verma, meera.verma96@company.com ,98765ABCDE,male,1991-02-03,22,Marketing,HR Executive,Full Time,2023-03-22 00:00:00,,Diploma,1.1,958927,47946.35,Excellent,Meera Nair,On Leave,Divorced,22,4,9.0,
50314,Arjun Joshi,arjun.joshi32@company.com,9303298642,oTHER,1984-07-11,52,IT,Software Engineer,Contract,2022-10-24 00:00:00,Hyderabad,Bachelor's,9.9,2008267,100413.35,Average,sNEHA pATEL,Inactive,Divorced,0,4,8.0,Good performer
50161,Rohit Mehta,rohit.mehta75@company.com,9717131210,Other,2001-01-03,57,Operations,Account Executive,Intern,2025-11-22 00:00:00,Pune,Diploma,13.9,1775259,177525.9,Good,Anil Kumar,On Leave,Married,17,5,37.0,Needs training
50898,Manish Gowda,MANISH.GOWDA41@COMPANY.COM,+91 9777651971,Other,2008-03-18,42,Finance,Support Specialist,Intern,2020-03-17 00:00:00,Mysuru,master,11.3,1281939,128193.9,Excellent,Rahul Rao,Resigned,Single,6,5,12.0,
50149,Amit Mehta,amit.mehta89@company.com,9331495808,Female,1993-12-12,56,Marketing,Sales Executive,FULL TIME,2020-04-10 00:00:00,Noida,Master's,16.2,962535,,Needs Improvement, Priya Sharma,Inactive,MARRIED,20,5,36.0,Needs training
51005,Priya Mehta,priya.mehta14@company.com,9838866443,Female,1979-03-07,18,Sales,Marketing Analyst,Contract,2021-06-01 00:00:00,Bengaluru,PhD,15.4,1710997,256649.55,Average,Sneha Patel,On Leave,mARRIED,24,5,9.0,Good performer
50926,Shreya Nair,shreya.nair99@company.com,9486409278,Female,1985-02-11,55,IT,Business Analyst,Contract,2022-03-26 00:00:00,Kolkata,Diploma,15.8,1143172,228634.4,Excellent,Rahul Rao,On  Leave,Divorced,29,1,39.0,Needs training
50316,Neha Nair,neha.nair53 @company.com,9422171497,FEMALE,1987-01-08,65,Marketing, Support Specialist,Full Time,2022-11-14 00:00:00,Delhi,Diploma,1.0,1821494,273224.1,poor,Priya Sharma,Inactive,Married,16,2,2.0,
51151,Isha Das,isha.das13@company.com  ,9774202385,Male,1978-12-18,61,Marketing,Operations Executive,Contract,2026-04-16 00:00:00,Gurugram,PhD,2.2,2134953,0.0,Needs Improvement,Priya Sharma,On Leave,Married,18,2,,
51098, Kavya Mehta ,kavya.mehta97@company.com,9177462373,Female,1980-07-22,49,,support specialist,PART TIME,2023-07-29 00:00:00,Kolkata,PhD,0.1,1736570,347314.0,Good,Rahul Rao,Resigned,Single,28,3,27.0,
50485,DIVYA VERMA,,9664871391,Other,1987-02-10,53,Customer Support,HR Executive,Intern,2022-10-24 00:00:00,nOIDA,Diploma,13.9,866279,86627.9,EXCELLENT,Anil Kumar,Active,Single,10,1,37.0,Good performer
50392,Rahul Joshi,rahul.joshi15@company.com,9707179052,Male,2003-11-17,21,IT,Financial Analyst,Intern,2021-11-02 00:00:00,Bengaluru,Bachelor's,11.9,1951024,156081.92,Good,Sneha Patel,On Leave,Divorced,6,3,28.0,
50956,Rahul Verma,rahul.verma24@company.com,9843659572,Male,1981-07-06,32,IT,Marketing Analyst,Contract,2025-12-18 00:00:00,Hyderabad,PhD,16.1,507774,101554.8,Excellent,Anil Kumar,Active,Married,8,2,30.0,Needs training
50673,Ananya Sharma,ananya.sharma68@company.com,9631338298,Male,1970-12-28,50,HR,Sales Executive,Fulltime,2019-12-15 00:00:00,Gurugram,Diploma,17.2,1256709,251341.8,Average,Anil Kumar,Resigned,Married,14,4,23.0,
50125,Priya Singh,priya.singh17@company.com  ,9305279288,Female,2005-09-27,38,Customer Support,Operations  Executive,Full Time,2022-03-30 00:00:00,Delhi,PhD,12.1,2090075,104503.75,Needs Improvement,Rahul Rao,On Leave,Divorced,29,3,6.0,Needs training
50003,Vivek Verma,vivek.verma65@company.com,9961730688,Other,1987-05-12,49,Customer Support,Business Analyst,Contract,2020-04-21 00:00:00,Kolkata,PhD,9.2,1132219,0.0,Good,Priya Sharma,Active,Divorced,33,0,45.0,
50838,Neha Joshi,neha.joshi16@company.com,9887708096,Male,1993-02-04,57,Procurement,Sales Executive,Intern,2026-07-12 00:00:00,Mysuru,Diploma,6.0,993138,49656.9,Average,Sneha Patel,Active,Divorced,12,2,35.0,
50045,Manish Singh,manish.singh89@company.com,925-997-0637,Other,2001-11-28,38,Finance,Support Specialist,Full  Time,2024-04-26 00:00:00,Delhi,Bachelor's,14.7,2065720,0.0,Needs Improvement,Meera Nair,Resigned,Divorced,21,5,22.0,Good performer
50774, ,divya.patel58@company.com,9931314941,Male,2000-10-02,44,Sales,Support Specialist,Part Time,2022-06-29 00:00:00,Pune,Master's,7.5,,0.0,AVG,Priya Sharma,On Leave,Married,31,1,28.0,
50092,Isha Nair,isha.nair23@company.com,9912945056,Other,1995-01-06,26,Finance,Sales Executive,iNTERN,2019-04-02 00:00:00,Bengaluru,Bachelor's,11.3,301760,30176.0,Good,Vikram Singh,oN lEAVE,Married,11,4,33.0,Fast learner
50112,Divya Gowda,divya.gowda12@company.com,9277508521,Female  ,1973-10-07,41,Finance,Business Analyst,Intern,2020-07-20 00:00:00,Noida  ,Bachelor's,4.1,"₹709,773",141954.6,Needs Improvement,Rahul Rao,On Leave,Single,18,2,2.0,
50212,Kavya Kumar,kavya.kumar92@company.com,9594831619,Male,1995-07-25,23,procurement,Business Analyst,Intern,2022-12-20 00:00:00,Bengaluru,Bachelor's,16.4,1148451,91876.08,Excellent,Priya Sharma,resigned,Divorced,12,3,6.0,
50674,Kiran Singh, kiran.singh1@company.com ,9883888122,Female,1973-04-22,33,Sales,Financial Analyst,Contract,2021-07-26 00:00:00,Mumbai,Master's,11.5,1049707,209941.4,Average,Anil Kumar,Inactive,Married,7,2,32.0,
50467,Rohit Kumar,,,Male,1997-09-02,51,Human Resources,oPERATIONS eXECUTIVE,Contract,2024-09-15 00:00:00,Mumbai,Diploma,5.9,948331,75866.48,Needs Improvement,Vikram Singh,Active, Single ,twenty,4,17.0,
50587,Vivek Reddy,vivek.reddy20@company.com,9675727031,Male,1983-10-05,22,Sales,Business Analyst,Contract,2024-05-31 00:00:00,Pune,Bachelor's,10.0,1009120,151368.0,Needs Improvement,Sneha Patel,resigned,Single,19,3,10.0,Needs training
50749,Meera Rao,meera.rao55@company.com,9229183239,Other,2006-02-03,37,Customer Support,Operations Executive,Contract,,Chennai,Diploma,-2,632724,0.0,Excellent,sneha patel,On Leave,Divorced,35,5,17.0,
51089,Akash Patel,akash.patel19@company.com,9519340176, Male ,2007-12-03,47,Procurement,Marketing Analyst,Part Time,2025-05-20 00:00:00,Delhi,Master's,1.0,562120,56212.0,Excellent,Sneha Patel,Resigned,Married,29,2,17.0,
50788, Neha Verma,neha.verma84@company.com,9528674288,Other,1999-04-14,58,IT,Financial Analyst,Intern,2023-04-28 00:00:00,hyderabad,PhD,10 ,2100294,105014.7,Average,Sneha  Patel,Inactive,Divorced,27,3,33.0,
50652,Meera Kumar,meera.kumar68@company.com,9311103664,Other,1982-03-19,42,operations,Software Engineer,Part Time,2021-01-14 00:00:00,Mysuru  ,PhD,16.8,990364,148554.6,Needs Improvement,Rahul Rao,Inactive,Single,35,5,5.0,
50813, ,priya.sharma26@company.com,9652035476,Male,1982-08-09,38,Finance,Account Executive,PART  TIME,2019-08-31 00:00:00,Mysuru,Bachelor's,12.4,278799,13939.95,Average,Anil  Kumar,Active,Divorced,13,5,9.0,Fast learner
50541,NEHA JOSHI,neha.joshi87@company.com,9821704710,Male,2004-07-24,34,Customer Support,HR Executive,contractual,2025-06-14 00:00:00,Mysuru,Bachelor's,7.0,1694501,84725.05,Average,Priya Sharma,Inactive,Single,13,2,20.0,
50952,Neha Mehta,neha.mehta58@company.com,9532042087,Male  ,1986-12-23,27,Finance,Marketing Analyst,Intern,2021-09-10 00:00:00,Chennai,Bachelor's,0.6,286990,0.0,Average,Priya Sharma,Inactive, Divorced ,29,4,5.0,
50325,Pooja Verma,pooja.verma27@company.com,948-673-0867,Other,1982-11-07,0,marketing,Account Executive,full-time,2025-08-14 00:00:00,Mumbai,PhD,0.1,459340,45934.0,Good,Anil Kumar,Inactive,Single,34,2,0.0,
50620,Meera Sharma,,9886215863,Male,2000-12-30,27,Sales,Financial Analyst,Full Time,2022-01-13 00:00:00,Chennai,Diploma,7.3,1121019,224203.8,good,Meera Nair,On Leave,Single,14,5,16.0,Good performer
50331,Shreya Mehta,shreya.mehta2@company.com,9949601959,Female,1984-06-03,62,Procurement,Business Analyst,contract,2021-04-21 00:00:00,,Bachelor's,9.5,1495980,224397.0,Excellent,Priya Sharma,On Leave,Married,10,2,8.0,
50655,SNEHA MEHTA,sneha.mehta15@company.com,9359520991, FEMALE ,2008-03-18,30,Marketing,Account Executive,Intern,2026-01-20 00:00:00, Hyderabad,Master's,1.7,689351,68935.1,Needs Improvement,Anil Kumar,Active,Married,5,1,-5,
51132, Nikhil Kumar ,nikhil.kumar98@company.com,9962823381,Other,1984-07-23,45,Customer Support, oPERATIONS eXECUTIVE,Contract,2022-05-20 00:00:00,Mysuru,Bachelor's,0.7,1381091,0.0,Average,,Resigned,Married,24,3,22.0,
50520,Pooja Verma,pooja.verma4@company.com,9256922498,Male,1987-11-15,62,Marketing,account executive,Contract,2024-11-23 00:00:00,Mumbai,Master's,15.4,615613,123122.6,Average,Vikram Singh,Resigned,SINGLE,0,2,20.0,Good performer
51144,Nikhil Mehta,nikhil.mehta33 @company.com,9264330557,Female,1975-07-16,33,Marketing,HR Executive,FULL TIME,2022-12-23 00:00:00,Mumbai,PhD,2.5,1088965,217793.0,Needs Improvement,Meera Nair,Inactive,Single,1,4,39.0,Needs training
50350,rAHUL kUMAR,rahul.kumar7@company.com,98653 57137,Other,1989-08-24,22,Finance,Software Engineer,Intern,2021-09-22 00:00:00,Pune,Bachelor's,17.4,806506,161301.2,Excellent,anil kumar,Resigned,Divorced,0,2,,
50376,Nikhil Reddy,nikhil.reddy5@company.com,9541489977,Female,1995-10-04,64,Procurement,Support Specialist,Intern,2024-01-29 00:00:00,Mysuru,PhD,5.4,1250032,62501.6,Good,Vikram Singh,Resigned,married,29,2,0.0,Fast learner
50612,Neha Patel,neha.patel36@company.com,9477809419, MALE ,1993-04-30,35,Procurement,Operations Executive, Intern,2019-07-23 00:00:00,Bengaluru,Master's,5.9,414138,20706.9,Needs Improvement,Vikram Singh,Active,single,16,4,25.0,
50727,Sanjay Joshi, sanjay.joshi78@company.com,9188662951,M,1981-10-23,33,HR,Business Analyst,Contract,2023-07-20 00:00:00,Chennai,dIPLOMA,9.1,1960454,392090.8,Excellent,Priya Sharma,inactive,Divorced,20,1,10.0,Fast learner
50257,Isha Verma,isha.verma76@company.com,9899055034,Other,1969-05-01,0,Customer Support,Sales Executive,Intern,2023-12-23 00:00:00,Bengaluru,Diploma,5.3,995330,0.0,Average,Vikram Singh,Active  ,Divorced,15,3,11.0,Fast learner
50296,PRIYA MEHTA,invalid-email,9333033384,Female,1978-05-11,57,Sales,Operations Executive,intern,2025-07-06 00:00:00,Kolkata,Bachelor's,5.5,645263,51621.04,Needs Improvement,Vikram Singh,Resigned,Married,33,3,12.0,Good performer
50941,Arjun Sharma,arjun.sharma43@company.com,9258989384,Female,1971-07-10,21,Procurement,Software Engineer,contractual,2019-01-27 00:00:00,Pune,Master's,8.4,1276064,102085.12,Excellent,Anil Kumar,Resigned,Divorced,14,3,31.0,
50339,ananya patel,ananya.patel76@company.com,9304821435,Other,1969-01-27,19,IT,Business Analyst,Intern,2023-11-27 00:00:00,Bengaluru,Diploma,unknown,1628500,244275.0,GOOD,Sneha Patel,on leave,DIVORCED,,1,twenty,Good performer
50106, Nikhil Rao,nikhil.rao19@company.com,9113660431,Male,1968-06-26,50,IT,,Contract,2020-11-29 00:00:00,Delhi,Diploma,14.8,2057460,0.0,Good,Meera Nair,On Leave,Divorced,29,5,43.0,
50731,Pooja Nair,pooja.nair34@company.com,9224560742,Male,1979-09-17,51,it,HR Executive,Contract,2020-01-04 00:00:00,Hyderabad,Master's,14.6,1846041,369208.2,Excellent,Vikram Singh,Resigned,Divorced,25,4,21.0,
50712,Shreya Joshi,shreya.joshi4@company.com,+91-9690967887,Other  ,1970-01-21,36,HR,Sales Executive,Intern,2025-06-06 00:00:00,Noida,Master's,0.5,637379,63737.9,needs improvement,Vikram Singh,Active,MARRIED,29,2,0.0,Good performer
50516,Divya Nair,divya.nair68@company.com,9923761168,Male,1987-12-18,44,Sales,Data Analyst,Full Time,2024-09-15 00:00:00,Noida,Bachelor's,1.0,2011925,201192.5,Good,Vikram Singh,On Leave,Single,31,0,5.0,Fast learner
50899,Kavya Reddy,kavya.reddy12@company.com,+91-9461655587,Other,2007-03-10,39,Operations,Marketing Analyst,Full Time,2025-06-27 00:00:00,Bengaluru,PhD,1.3,625283,50022.64,Excellent,Meera Nair,Resigned,Single,12,3,4.0,
50912,Manish Gowda,manish.gowda11@company.com,9773497233, Male,1989-05-29,38,Procurement,Support Specialist,Intern,2019-06-22 00:00:00,Delhi,PhD,10.1,386713,77342.6,Average,Meera Nair,On Leave,Married,15,5,150,Needs training
51081,Pooja Patel,pooja.patel8@company.com,9165962209, Other ,2005-06-30,60,sales,DATA ANALYST,Full Time,2022-07-20 00:00:00,Bengaluru,Master's,11.6,2116002,423200.4,Excellent,Vikram Singh,Active,Married,14,4,27.0,Needs training
50666,kavya patel,kavya.patel24@company.com,9262433261,Male,1970-04-22,56,IT,HR Executive,Contract,2025-02-18 00:00:00,Mumbai,Master's,1.3,1554471,310894.2,Good,Vikram Singh,oN lEAVE,Divorced,2,3,8.0,Fast learner
50572,Rohit Joshi,rohit.joshi70@company.com,9429501441,F,1989-10-20,46,Sales,Software Engineer,Part Time,2021-03-31 00:00:00,Hyderabad,Bachelor's,6.1,,197709.6,Average,Sneha Patel,Active,Married,30,4,16.0,Fast learner
50999, ,divya.patel82@company.com,9596291504,Male,1987-08-21,32,Finance  ,Marketing Analyst,Part Time  ,2023-12-29 00:00:00,noida,mASTER'S,17.3,1887699,94384.95,Good,Priya Sharma,Resigned,Single,25,1,28.0,
50415,Akash Reddy,akash.reddy11@company.com,9744807451,Male,1988-11-12,23,Sales,Sales Executive,Contract,2020-10-11 00:00:00,Kolkata,PhD,9.7,2171711,217171.1,Excellent,Anil Kumar,Inactive,Married,28,4,34.0,Good performer
51019,Sneha Joshi,sneha.joshi2@company.com,9107345677,Female,1969-01-24,36,Sales,Marketing Analyst,Intern,2024-03-15 00:00:00,Mumbai,PhD,7.3,50000000,256124.4,Good,Priya Sharma,On Leave,Married,1,1,23.0,
50564,Shreya Gowda,shreya.gowda2@company.com,9691631021,Female,1979-12-12,27,CUSTOMER SUPPORT,hr executive,Intern,2025-08-23 00:00:00,Pune,PhD,13.1,414221,62133.15,Needs Improvement,VIKRAM SINGH,On Leave,Divorced,0,3,42.0,Good performer
51009,Vivek  Rao,vivek.rao59@company.com,9431414265,Female,1997-05-02,60,Sales,Marketing Analyst,Full Time,2024-10-28 00:00:00,Hyderabad,Master's,14.2,401929,40192.9,Good,Priya Sharma,On Leave, Divorced ,4,5,1.0,
50478,Manish Joshi, manish.joshi94@company.com ,9283902395,Male,1965-11-24,55,Customer Service,HR Executive,Contract,2024-07-27 00:00:00,Hyderabad,Bachelor's,14.1,"547,692",0.0,gOOD,Priya Sharma,Inactive,Single,30,3,9.0,
51124,Amit Nair,amit.nair99@company.com,9210783258,Male,1974-10-16,60,Customer Support,Business Analyst,Contract,2019-11-15 00:00:00,Chennai,DIPLOMA,50,599618,119923.6,Good,Sneha Patel,Inactive,Married,29,4,44.0,Good performer
50114,Divya Rao, divya.rao49@company.com,9523794890,Male,1968-04-15,,Procurement,Marketing Analyst,contractual,2022-08-29 00:00:00,Pune,Master's,0.4,1365709,273141.8,Average,Meera Nair,RESIGN,Married,23,1,5.0,
50007,Rahul Joshi,rahul.joshi16@company.com,9766873846,Male,2000-08-10,52,IT,Software Engineer,part time,2021-03-25 00:00:00,Bengaluru,Diploma,12.0,759753,113962.95,Needs Improvement,Meera Nair,Inactive,Divorced,14,4,37.0,
50496,Rahul Singh,rahul.singh16@company.com,9794207912,Male,1973-03-14,61,Operations,Data Analyst,Part Time,2025-05-01 00:00:00,Noida,Master's,9.2,1464514,117161.12,Excellent,aNIL kUMAR,Active,Divorced,1,3,-5,
50474,Isha Singh,isha.singh73@company.com,9879125830,Female,1992-01-29,65,Customer Support,Software Engineer,Intern,2020-10-25 00:00:00,Gurugram,PhD,7.3,,37804.5,EXCELLENT,Priya Sharma,On Leave,Single,19,2,20.0,Needs training
50136,Kiran Verma,kiran.verma42@company.com,9975435547,Male,1970-01-22,36,Procurement,Business Analyst,Intern,2019-08-18 00:00:00,Pune,Master's,0.7,"734,581",58766.48,Excellent,Priya Sharma,Resigned,Divorced,29,3,28.0,Needs training
50128,Rahul Gowda,rahul.gowda62@company.com,9477110138,Male,1975-05-11,29,Procurement,Financial Analyst,full-time,2023-09-16 00:00:00,Pune,Diploma,13.1,1826052,365210.4,Needs Improvement,RAHUL RAO,Active,Married,19,4,8.0,
50043,Kiran Singh,kiran.singh83@company.com,9146820256,Female,1965-04-30,34,Marketing,Business Analyst,Part  Time,2022-03-21 00:00:00,Gurugram,Master's,8.9,1535509,0.0, Average ,Priya Sharma,Resigned,Married,5,2,2.0,Good performer
51078,Rahul Singh,rahul.singh88@company.com  ,9392104024,Female,1965-09-23,44,IT, Marketing Analyst ,Intern,2025-07-06 00:00:00, Pune, Diploma ,-2,1649923,247488.45,Average,Rahul Rao,Active,Single,15,3,16.0,
50200,Akash Patel,akash.patel6@company.com,9809448224,Male,2008-04-27,60,Procurement, Marketing Analyst,part-time,2019-04-10 00:00:00,Gurugram,Diploma,12.2,1886473,188647.3,Good,Rahul Rao,Active,SINGLE,0,,4.0,
50340,nikhil joshi,nikhil.joshi59@company.com,9575194601,Other,1978-10-26,63,Operations,HR Executive,Part time,2022-03-13 00:00:00, Pune,Diploma,9.0,1523881,0.0,Excellent,Priya Sharma,Inactive,Divorced,7,3,44.0,Good performer
50589,Kavya Gowda,kavya.gowda93@company.com,9234213687,Other,1976-03-31,35 years, Operations,HR Executive,Part Time,2020-08-30 00:00:00,Hyderabad,Master's,8.0, 1491201 ,74560.05,Average,Priya Sharma,Active,Single,30,1,20.0,
50924,Vivek Sharma,vivek.sharma47@company.com,9992284185,Male,1990-09-07,48, Customer Support,Data Analyst,Intern,2022-10-29 00:00:00,Chennai,Bachelor's,13.7,960998,48049.9,Excellent,Vikram Singh,Resigned,Married,3,3,24.0,Fast learner
50737, Manish Joshi ,manish.joshi72@company.com,9854935964,Male,1976-05-13,21,IT,Operations Executive,Part Time,2023-08-01 00:00:00,Pune,Master's,14.1,1723620,172362.0,Excellent,Sneha Patel,On Leave,Divorced,13,3,150,Fast learner
50244,Pooja Joshi,pooja.joshi38@company.com,9485289144,Female,1970-11-27,32,Finance,Marketing Analyst,Contract,2023-02-10 00:00:00,Noida,Diploma,13.1, 546248 ,43699.84,Good ,Anil Kumar,Inactive,Single,34,5,38.0,
50426,Neha Kumar,invalid-email,9457648537,Female,1974-04-30,22,Marketing,Operations Executive,Part Time,2026-02-15 00:00:00,Gurugram,Master's,8.1,1829042,365808.4, Excellent,Sneha Patel,Inactive, single ,26,5,3.0,Good performer
50938,Manish Mehta,manish.mehta88@company.com,9520257705,Male,1984-12-12,41,Finance,Support Specialist,INTERN,2019-01-14 00:00:00,Bengaluru,Diploma,17.8,595990,0.0,AVERAGE,Sneha Patel,Inactive,SINGLE,22,5,21.0,Needs training
50742,Amit Kumar,amit.kumar70@company.com,9256948465,Male,1971-02-09,150,Customer Support,Business Analyst,Full Time,2026-01-05 00:00:00,Chennai,Masters,11.1,1482395,74119.75,Needs Improvement,Rahul Rao,Resigned,Married,14,3,40.0,
50184,Nikhil Sharma,nikhil.sharma36@company.com,9249723494,Female,2006-05-13,50,Marketing,Support Specialist,Part Time,2023-08-20 00:00:00,Pune,Master's,1.9,1014623,101462.3,Excellent,Sneha Patel,On Leave,Divorced,7,1,21.0,Good performer
50296,PRIYA MEHTA,invalid-email,9333033384,Female,1978-05-11,57,Sales,Operations Executive,intern,2025-07-06 00:00:00,Kolkata,Bachelor's,5.5,645263,51621.04,Needs Improvement,Vikram Singh,Resigned,Married,33,3,12.0,Good performer
50333,Divya Reddy,divya.reddy70@company.com  ,9294856264,Female,1998-07-16,52,Operations,Account Executive,Contract,2019-05-21 00:00:00,Chennai,Diploma,11.5,734782,73478.2,Needs Improvement,Meera Nair,Inactive,Divorced,100,2,39.0,Fast learner
51107,Arjun Mehta,arjun.mehta74@company.com,9572304825,Male,2002-09-17,43,HR,HR Executive,full time,2020-03-10 00:00:00,Bengaluru,phd,12.0,1664645,0.0,good,Meera Nair,Resigned,Divorced,6,,33.0,Needs training
50757,Divya Gowda,divya.gowda17@company.com,9194763106,Male,2004-05-02,unknown,HR,Sales Executive,Intern,2024-03-06 00:00:00,mYSURU,PhD,6.8,276135,27613.5,Excellent,Vikram Singh,On Leave,SINGLE,29,1,41.0,Needs training
50091,Shreya Verma,shreya.verma32@company.com,9714874008,Female,1972-11-06,28,Finance,Sales Executive,Intern,2019-07-02 00:00:00,Kolkata,Diploma,4.5,1627088,,Needs Improvement,,Active,divorced,1,5,33.0,
50908,Priya Singh,priya.singh84@company.com,9131722293,Other,1971-09-19,36,Operations,Sales Executive,internship,2024-01-23 00:00:00,Kolkata,Master's,10.6,1016984,101698.4,average, Vikram Singh , ,Married,29,3,23.0,
51028,Rahul Joshi,rahul.joshi64@company.com,9775239031,mALE,1994-12-07,31,Sales,Software Engineer,Full Time,2025-03-06 00:00:00,Hyderabad,PhD,,1764625,88231.25,Excellent,Rahul Rao, Resigned,Single,2,1,42.0,Fast learner
50341,Rohit Das,rohit.das92@company.com,9812371770,Other,1971-07-19,40,PROCUREMENT,Financial Analyst,Full Time  ,2022-04-20 00:00:00,Mysuru,PhD,6.9,895788,71663.04,Needs Improvement,Rahul Rao,RESIGN,Married,2,1,19.0,
50219,Sneha Nair,sneha.nair38@company.com,9317920651,Other,2001-06-09,44,Customer Support,Support Specialist  ,Contract,2020-09-06 00:00:00,Pune,BACHELORS,8.5,2118178,423635.6,NEEDS IMPROVEMENT,Sneha Patel,Inactive,single,8,1,19.0,
50714,Manish Nair,manish.nair87@company.com,9661921807,F,1976-05-05,29,Marketing,Data Analyst,Part Time,2020-09-20 00:00:00,Chennai,Diploma,15.2,1838471,275770.65,Excellent,Vikram Singh,Inactive,Divorced,1,2,8.0,
50733,Priya Reddy,priya.reddy63@company.com,9596322619,Female,2001-01-22,41,Operations,Sales Executive,Intern,2020-10-06 00:00:00,Gurugram,Bachelor's,15.9,859739,68779.12,Excellent,Vikram Singh,On Leave,Divorced,33,1,14.0,Good performer
50080,Priya Nair,priya.nair70@company.com,9659331584,Other,1967-09-14,60,Procurement,Sales Executive,Contract,2026-04-05 00:00:00, MUMBAI,Diploma,2.2,50000000,73775.55,Excellent,Anil Kumar,Inactive,Single,9,3,11.0,
50050,Divya Kumar,divya.kumar75@company.com,9234256254,Female,2003-01-11,42,Procurement, SALES EXECUTIVE ,Contract  ,2023-10-30 00:00:00,Bengaluru,Diploma,10.1, 1645384 ,164538.4,good,Meera Nair,On Leave,Divorced,32,3,22.0,
50175,Ananya Sharma,ananya.sharma34@company.com,9790732678,Female,2003-02-08,24,Customer Support,Operations Executive,pART tIME,2022-12-28 00:00:00,,Diploma,10.6,1256200,251240.0,Average,Anil Kumar,Inactive,Married,11,2,1.0,Needs training
50748,Priya Sharma,priya.sharma59@company.com,9380330975,Other,1974-02-02,150,Sales,Financial Analyst,Full Time,2021-08-21 00:00:00,Delhi,Bachelor's,14.6,790089,158017.8,Excellent,Sneha Patel,Active,Single,6,1,33.0,Needs training
50280,Divya Patel,divya.patel48@company.com,9125337546,OTHER,2002-05-11,25,Procurement,Sales Executive,Part Time,2024-11-20 00:00:00,Kolkata,Master's,11.4,707330,70733.0,Good,Sneha Patel,On Leave,Divorced,23,1,19.0,
51122,akash patel,akash.patel90@company.com,98261 34547,Male,2003-01-16,63,Sales,Data Analyst,Intern,2026-08-25 00:00:00,Hyderabad,Bachelor's,8.7,1639255,327851.0,Needs Improvement,Rahul Rao,Active,Single,1,5,45.0,Fast learner
50240,Isha Rao,isha.rao65@company.com,9562010861,Other,1978-08-04,21,IT,Operations Executive,Part Time,2022-08-04 00:00:00,Mysuru,PhD,2.9,,189899.4,good,Priya Sharma,Resigned,Single,23,1,32.0,
50850, Shreya Reddy,shreya.reddy73@company.com,9355301662,,1973-04-18,46,sales,Financial Analyst,Contract,2023-08-03 00:00:00,Pune,PhD,7.2,350553,17527.65,Good,Sneha Patel,Active,Divorced,22,3,42.0,Fast learner
50728,Rohit Reddy,rohit.reddy55@company.com,9615878340,Female,1985-12-16,56,Operations,Software Engineer,Contract,2024-11-17 00:00:00,Gurugram,Master's,14.3,1432284,0.0,Needs Improvement,Anil Kumar,Resigned,Single,10,2,26.0,
50397,Divya Sharma,divya.sharma51@company.com,9970248292,Other,1985-06-22,62,hr,Data Analyst,Full Time,2025-10-18 00:00:00,Hyderabad,Diploma,2.4,2102041,210204.1,Needs Improvement,meera nair,Inactive,divorced,1,3,31.0,
50969,Vivek Rao,vivek.rao10@company.com,9929007953,Female,1991-01-12,31,Procurement,Financial Analyst,iNTERN,2023-12-28 00:00:00,Gurugram,mASTER'S,1.9,945028,94502.8,Excellent,Sneha Patel,Resigned,Single,18,5,13.0,
50243,Vivek Gowda, vivek.gowda35@company.com ,9768033641,Other,1993-12-26,45,HR,Software Engineer,,2026-03-31 00:00:00,Pune,Bachelor degree,50,1774858,141988.64,Needs Improvement,Rahul Rao,Active,sINGLE,21,3,150,
50234,Meera Mehta,meera.mehta88@company.com,9818700074,Male,1967-10-29,64,marketing,Business Analyst,Contract,2023-07-10 00:00:00,Gurugram,PhD,9.6,1643862,,Excellent,Rahul Rao,On Leave,Divorced,26,1,22.0,Fast learner
50484,Shreya Kumar,shreya.kumar59@company.com,98831 08634,Female,2004-10-26,0,fINANCE,hr eXECUTIVE,Full Time,2020-03-05 00:00:00,Kolkata,PhD,9.7,1594491,127559.28,Average,Priya Sharma,Inactive,MARRIED,31,2,23.0,
51003,Nikhil Mehta,nikhil.mehta95@company.com,9449545560,Female,1969-09-07,35,HR,Business Analyst,Part Time,2019-02-08 00:00:00,Kolkata,Bachelor's,7.9,686932,137386.4,Needs Improvement,Vikram Singh,Active,Married,10,3,14.0,
50440,Divya Singh,divya.singh60@company.com,9806180331,Male,2000-02-08,29,IT,Operations Executive,Full Time,2020-03-31 00:00:00,Bengaluru,Master's,17.0,1599644,159964.4,Excellent,Anil Kumar,On Leave,Single,6,5,44.0,Good performer
50028,Sneha Kumar,sneha.kumar27@company.com,9750775672,Other,1979-10-21,28,Information Technology,Marketing Analyst,,,Gurugram,Bachelor degree,1.9,,96956.32,Needs Improvement,anil kumar,Inactive,Divorced,32,2,30.0,Needs training
50010,Priya  Singh,priya.singh83@company.com,9684938506,Male,1994-01-13,46,HR,Support Specialist,Full Time,2020-12-11 00:00:00,Delhi,Master's,14.1,334868,50230.2,EXCELLENT,Priya Sharma,Inactive,Married,17,6,34.0,
50247,Kiran Sharma,kiran.sharma34@company.com,9600369396,OTHER,1995-09-23,44,HR,HR Executive,Contract,2022-08-12 00:00:00,Pune,Master's,5.8,909032,0.0,Excellent,Rahul Rao,On Leave,Married,30,3,10.0,Fast learner
50119,Ananya Kumar,ananya.kumar60@company.com,9148736776,Other,1991-10-07,30,Customer Support,Marketing Analyst,Part Time,2025-01-21 00:00:00,Gurugram,PhD,3.8,,84385.2,Good,Sneha Patel,INACTIVE,Single,26,5,0.0,Needs training
50087,Divya Mehta,divya.mehta22@company.com,9407296730,Female,1965-07-15,51,Operations,Data Analyst,Part Time,2023-01-12 00:00:00,Chennai,Master's,13.6,879474,87947.4,Average,Anil Kumar,Inactive,Divorced,31,3,16.0,
50428,Kavya Sharma,kavya.sharma60@company.com,9576869532,Female,2005-03-04,35 years,HR,Operations Executive,Part Time,2024-08-08 00:00:00,Pune,PhD,12.6,1912598,382519.6,Average,Vikram Singh,Resigned,Single,35,3,,Fast learner
50412,Priya Patel,priya.patel28@company.com,9945030736,Female,2000-09-17,60,IT,Data Analyst,Contract,2021-03-21 00:00:00,Kolkata,PhD,17.8,855818,85581.8,Excellent,Sneha Patel,Active,Single,27,4,5.0,
50452,Sanjay Kumar,sanjay.kumar54@company.com,9366921150,Male,1982-01-15,26,Sales,Financial Analyst,Part Time,2023-09-28 00:00:00,Bengaluru,Bachelor's,15.3,1608723,241308.45,Good,Meera Nair, ,Married,,5,28.0,
50351,Manish Verma,manish.verma33@company.com,9902346750,Other,1989-08-01,50,Sales,Data Analyst,Full Time,,Bengaluru,PhD,5.0,426252,85250.4,Excellent,Vikram Singh,Resigned,Divorced,30,1,39.0,
50756,Kavya Mehta,KAVYA.MEHTA8@COMPANY.COM,9558704320, Female ,1998-02-07,150,IT,Business Analyst,Intern,2023-05-09 00:00:00,Mysuru,Bachelor's,16.4,1470456,220568.4,Needs Improvement,Vikram Singh,Active,Divorced,1,3,26.0,Fast learner
50016,Ananya Patel,ananya.patel67@company.com,9480148254,Other,1970-04-22,59,IT,Sales Executive,Intern,2019-06-02 00:00:00,Mysuru,Master's,6.4,503574,50357.4,Needs Improvement,Priya Sharma,Resigned,Divorced,14,2,150,
50503,Kiran Joshi,kiran.joshi52@company.com,9442866564,Male,1998-10-06,33,Procurement,Software Engineer,Part Time,2019-08-30 00:00:00,Bengaluru,Bachelor's,4.2,1672234,,Needs Improvement,Meera Nair,inactive,Married,27,1,41.0,Good performer
50362,Rahul Patel,rahul.patel59@company.com,9784506908,Other,1971-09-17,35,Operations,Operations Executive,Intern,2021-05-26 00:00:00,Pune,Master's,15.4,613102,122620.4,Needs Improvement,Anil Kumar,Inactive,Married,29,2,33.0,Needs training
51184,Rahul Singh,rahul.singh64@company,9538600726, Other ,2005-04-20,39,SALES,Software Engineer,Part Time,2019-07-26 00:00:00,Noida,PhD,8.8,397025,,Good,Anil Kumar,Resigned,Single,13,1,33.0,Needs training
51191,Sanjay Gowda,sanjay.gowda59@company.com,9289829653,Female,1965-11-02,41,Marketing,Sales Executive,FULL TIME,2025-09-11 00:00:00,Gurugram,Bachelor's,,785399,"₹157,079",poor,Priya Sharma,Inactive,Divorced,30,2,20.0,Fast learner
50415,Akash Reddy,akash.reddy11@company.com,9744807451,Male,1988-11-12,23,Sales,Sales Executive,Contract,2020-10-11 00:00:00,Kolkata,PhD,9.7,2171711,217171.1,Excellent,Anil Kumar,Inactive,Married,28,4,34.0,Good performer
50664,Arjun Singh,arjun.singh64@company.com,9383606406,Female,1974-04-24,35,Finance,Financial Analyst,Full Time,2022-10-07 00:00:00,Mysuru,PhD,7.4,712222,106833.3,Excellent,Meera Nair,Active,Married  ,8,2,17.0,
50868,Rahul Kumar,rahul.kumar58@company.com,9232273497,Male,1986-03-07,53,HR,Business  Analyst,Contract,2021-04-06 00:00:00,Pune,Diploma,6.5,898211,71856.88,EXCELLENT,Anil Kumar,Active,Married,31,4,8.0,
50542,Isha Patel,isha.patel78@company.com,9474732760,Other,1972-02-27,29,Marketing,Business Analyst,Full Time,2022-06-11 00:00:00,Chennai,PhD,7.9,1573171,314634.2,Good,Meera Nair,Active,Single,26,5,37.0,Needs training
51032,Rohit Patel,rohit.patel98@company.com,9127312276,Male,2007-04-26,65,Customer Support,Operations Executive,Part Time,2026-07-04 00:00:00,Chennai,Bachelor's,14.0,1063328,53166.4,Good,Anil Kumar,On Leave,Married,,4,35.0,
51056,Divya Nair,divya.nair23@company.com,9243882701,Female,2001-12-26,61,Operations,fINANCIAL aNALYST,Part  Time,2023-03-30 00:00:00,Chennai,Diploma,17.0,1007770,80621.6,Needs Improvement,Vikram Singh,Inactive,divorced,33,2,27.0,
50552,VIVEK SHARMA,vivek.sharma69@company.com,9134855628,,1992-04-11,55,IT,Software Engineer,Full Time,2024-03-18 00:00:00,Chennai,PhD,0.4,1183958,94716.64,Good,,Inactive,Divorced,30,4,28.0,Needs training
50474,Isha Singh,isha.singh73@company.com,9879125830,Female,1992-01-29,65,Customer Support,Software Engineer,Intern,2020-10-25 00:00:00,Gurugram,PhD,7.3,,37804.5,EXCELLENT,Priya Sharma,On Leave,Single,19,2,20.0,Needs training
50017,Amit Das,amit.das72@company.com,9526123484,Female,1997-03-05,27,HR,Sales Executive,,2025-01-26 00:00:00,Chennai,phd,7.5,1673932,133914.56,Good,Meera Nair,Active,Single,35,1,41.0,
50468,ISHA DAS,isha.das81@company.com,9683066717,Male,2007-08-24,21,HR, Account Executive,Intern,2024-03-01 00:00:00,Delhi,Bachelor degree,2.5,873353,131002.95,Good,Rahul Rao, ,Single,23,2,17.0,Fast learner
50951,Akash Verma,,+91-9545547239,Other,1988-11-02,43,Finance,Software Engineer,Part Time,2019-05-21 00:00:00,Pune,Master's,10.3,1719144,171914.4,Needs Improvement,Priya Sharma,Resigned,Single,21,,36.0,Good performer
50599,VIVEK MEHTA,vivek.mehta93@company.com,9180302189,Female,2004-01-07,49,Procurement,Financial  Analyst,Part Time,2025-10-12 00:00:00,Chennai,Masters,50,1124700,0.0,Excellent,Priya Sharma,Resigned,Married,1,5,0.0,Needs training
50940,Arjun Joshi,arjun.joshi70@company.com,9560418909,Male,2000-12-17,-3,Customer Service,Software Engineer,Intern,2022-01-20 00:00:00,Delhi,PhD,3.3,2003437,0.0,Average,Meera Nair  ,Resigned,Married,34,1,twenty,Needs training
50209,Meera Reddy,meera.reddy36@company.com,9887033866,Other,1987-01-02,42,IT,Financial Analyst,Intern,2023-05-01 00:00:00, Noida,Diploma,2.2,366186,0.0,Needs Improvement,Meera Nair,On Leave,Married,11,4,29.0,
50947,Vivek Sharma,vivek.sharma73@company.com,9319070959,Male,1990-05-12,49,Procurement,Software Engineer,Part Time,2022-08-31 00:00:00,Delhi,Bachelor's,3.7,1887974,0.0,Excellent,Priya Sharma,On Leave,Single,13,2,42.0,Fast learner
50530, Pooja Rao,pooja.rao6@company.com,9744019739,Female,1970-06-05,33,procurement,Account  Executive,Contract,2026-05-21 00:00:00,Mysuru,Diploma,14.6,,231024.0,Needs Improvement,Rahul Rao,oN lEAVE,Divorced,21,1,19.0,Fast learner
50001,Sneha Reddy,sneha.reddy14@company.com,9339749960,Other,1987-07-18,57,Customer Support,ACCOUNT EXECUTIVE,Fulltime,2024-09-27 00:00:00, Mysuru,PhD,4.3,1597272,239590.8,Excellent,Anil Kumar,On Leave,Single,28,1,43.0,
50724,Arjun Gowda,arjun.gowda22@company.com,9840883093,mALE,1965-05-21,55,Sales,Business Analyst,Contract,2021-11-27 00:00:00, Chennai,Master's,9.3,414430,33154.4,Excellent,Rahul Rao,On Leave,Single,21,2,29.0,Good performer
50892,Amit Verma,amit.verma88@company.com,9697876603,Other,2005-11-19,39,Operations,Software Engineer,part time,2025-12-10 00:00:00,Delhi,Bachelor's,13.1,"1,400,133",140013.3,Good,priya sharma,Inactive,Single,24,5,12.0,
50447,NIKHIL SHARMA,nikhil.sharma59@company.com,9214383937,Other,2003-05-12,39,Marketing,Software Engineer,Part Time,2024-11-21 00:00:00,Gurugram,Master's,8.2,1627262,81363.1,Excellent,Rahul Rao,Resigned,Married,14,2,3.0,Needs training
50259,Arjun Reddy,arjun.reddy83@company.com,9164873071,Female,1999-10-08,54, Procurement,Account Executive,,2019-10-13 00:00:00,Chennai,Master's,3.8,1959532,195953.2,Needs Improvement,Rahul Rao,Inactive,Single,32,5,15.0,Needs training
51039,Rahul Singh,rahul.singh85@company.com,9788145106,Female,1970-09-10,49,Marketing,HR Executive,Full Time,2023-10-04 00:00:00,Gurugram,PhD,50.0,1089087,54454.35,Excellent,Rahul Rao,Active, Divorced,,5,23.0,
50690, Kavya Patel,kavya.patel27@company.com,9199283869,Other,1967-03-21,20, operations ,Account Executive,Contract,2026-06-08 00:00:00,Pune,PhD,13.0,660895,52871.6,Needs Improvement,Sneha Patel,On  Leave,Single,21,five,26.0,Fast learner
50988,Isha Nair,isha.nair87@company.com,9786698260, Male ,2007-01-13,43,Finance,HR Executive,Part Time,2024-12-05 00:00:00,Chennai,Diploma,11.5,1488223,297644.6,Excellent,aNIL kUMAR,inactive,Married,9,2,33.0,Good performer
50142,Divya Mehta,divya.mehta39@company.com,9271786001,Male,1992-05-07,35,HR,Marketing Analyst,Part Time,2021-01-29 00:00:00,Pune,PhD,13.1,,41804.4,Excellent,Anil Kumar,Inactive,Divorced,21,4,36.0,
50430,Sanjay Verma,sanjay.verma44@company.com,9891093855,male,1989-08-08,41,IT,Data Analyst,Contract,,Bengaluru,Master's,0.4,1751728,87586.4,Needs Improvement,Vikram Singh,Active,Single,32,3,13.0,
50163,Neha Mehta,neha.mehta32@company.com,9516806800,Other,1978-11-06,43,HR  ,Operations Executive,Intern,2025-04-23 00:00:00,Gurugram,Bachelor's,0.9,1884776,150782.08,Excellent,Sneha Patel,Inactive,Divorced,22,5,27.0,Needs training
50809,Akash Mehta,akash.mehta12@company.com,9195738960,Other,1973-10-26,58,Marketing,operations executive,Part Time,2022-12-29 00:00:00,Delhi,Bachelor's,14.0,912684,182536.8,Average,Sneha Patel,Resigned,divorced,20,2,31.0,
50848,Kavya Verma,kavya.verma2@company.com,9655711954,Male,1985-07-09,24,IT,Business Analyst,Intern,2021-06-03 00:00:00,Gurugram,Diploma,5.4,2083210,208321.0,Excellent, Meera Nair,Inactive,Single,25,1,29.0,
50627,KAVYA REDDY,kavya.reddy15@company.com,9385332770, FEMALE ,1989-01-02,45,Procurement,Marketing Analyst,Intern,2022-04-16 00:00:00,Bengaluru,Master's,0.4,1484542,74227.1,Excellent,Vikram Singh,on leave,Divorced,6,1,30.0,
50152,Meera Das,meera.das36@company.com,9554356318,Female,1969-06-11,33,Information Technology,Marketing Analyst,Full Time,2024-02-24 00:00:00,Noida,PhD,17.4,1425902,71295.1,Average,Sneha Patel,on leave,Married,2,5,3.0,Good performer
51061,Ananya Singh,ananya.singh5@company.com,9640831294,Other,2000-01-11,51,Procurement,Support Specialist,Part  Time,2025-08-03 00:00:00,Mumbai,PhD,7.9,822102,123315.3,Average,Vikram Singh,Active,SINGLE,9,4,38.0,
50342,Priya Singh, priya.singh25@company.com,9499126614,Other,1997-05-18,29,Marketing,Data Analyst,Contract,2021-08-20 00:00:00,Noida,Bachelor's,12.3,1621033,81051.65,Excellent,Sneha Patel,Resigned,Single,1,4,15.0,Good performer
51090,Arjun Patel,arjun.patel92@company.com,9275211540,Female,1975-06-12,42,Customer Support,Support Specialist,Part Time,2025-05-04 00:00:00,Delhi,Bachelor's,2.8,1947273,155781.84,nEEDS iMPROVEMENT,Meera Nair,Resigned,Married,27,3,19.0,Needs training
50998,Isha Rao,isha.rao5@company.com,9112359997,Other,1988-05-23,33,Finance,Business Analyst,Contract,2019-03-11 00:00:00,Kolkata,Diploma,4.1,1453046,290609.2,Average,Sneha Patel,On Leave,Divorced,twenty,3,35.0,
50242,Priya Mehta,priya.mehta44@company.com,9685321058,Male,1966-07-25,37,Operations,Marketing Analyst,full time,2019-12-28 00:00:00,Gurugram,Diploma,15.2,572222,,Average,Meera Nair,Resigned,Divorced,1,2,7.0,Good performer
50395,Meera Kumar,meera.kumar54@company.com,9767650673,,1981-02-12,,Procurement,Business Analyst,Full  Time,2024-02-26 00:00:00,Mumbai,Diploma,1.0,745563,111834.45,Good,Sneha Patel,Active,Single,1,2,19.0,
50819,Shreya Patel,shreya.patel34@company.com,9934471634,Male,1968-04-02,57,HR,Financial Analyst,Contract,2026-01-11 00:00:00,Hyderabad,Bachelor's,7.1,,121322.4,Average,Sneha  Patel, On Leave,Single,26,5,24.0,
50678,Shreya Reddy,shreya.reddy1@company.com,98765ABCDE,Female,1967-07-24,35,Marketing,dATA aNALYST,Full Time,2023-04-13 00:00:00,Mysuru,PhD,13.1,563907,45112.56,Needs Improvement,Rahul Rao,On Leave,Single,16,3,21.0,Fast learner
50975,Manish Patel,manish.patel55@company.com,9533364726,F,1977-06-01,53,FINANCE,Financial Analyst,Contract,2025-01-30 00:00:00,Pune,Diploma,16.6,2088950,167116.0,Needs Improvement,Priya Sharma,Inactive,Married,34,1,28.0,
50165,Amit Sharma,amit.sharma16@company.com,9380770315,Other,1986-01-05,150,HR,Sales  Executive,Part Time,2022-08-27 00:00:00,Chennai,Bachelor's,0.2,1846770,0.0,Average,Anil Kumar,On Leave,Married,18,3,18.0,
50160,Priya Joshi,priya.joshi9@company.com,9576461534,Other,1980-04-12,18,Finance,Support Specialist,Intern,2020-02-16 00:00:00,Pune,Master's,1.5,1628204,162820.4,Good,Anil Kumar,On Leave,Married,26,1,14.0,
50075,Divya Kumar,divya.kumar57@company.com,9192823383,Female,1982-07-01,49,Marketing,Software Engineer,Contract,2021-03-17 00:00:00,Delhi,Master's,16.5,1823778,0.0,Good,Sneha Patel,Resigned,Single,32,1,9.0,
51011,Manish Gowda,manish.gowda79@company.com  ,9437178640, Male ,1986-12-24,34,Customer Support,Business Analyst,Part Time,2025-01-08 00:00:00,Noida,,50,754687,37734.35,Average,Rahul Rao,On Leave,Single  ,9,4,37.0,
50862,Amit Sharma,amit.sharma92@company.com,9818003404,Female,1981-03-27,55,customer support,Sales Executive, Contract ,2021-10-21 00:00:00,Noida,Master's,1.9,"1,427,741",114219.28,Good,Anil Kumar,Resigned,Divorced,4,4,33.0,
50829,Manish Mehta,manish.mehta70@company.com,9253887830,Male,1971-10-07,61,IT,Account Executive,contractual,2026-01-04 00:00:00,Kolkata,Diploma,7.8,1882983,282447.45,Average,Sneha Patel,Inactive,MARRIED,34,,11.0,
50123, Isha Nair,isha.nair20@company.com,9536905545,Male,1985-01-21,41,marketing,Business Analyst,Contract,2023-01-09 00:00:00,Gurugram,Master's,,1626226,81311.3,Excellent,sneha patel,Resigned  ,Single,6,2,5.0,
51161,Manish Verma,manish.verma99@company.com,9631847970,Female,1980-01-03,56,Sales,Account Executive,Intern,2020-12-10 00:00:00,Mumbai,Diploma,,504986,₹0,Good, Vikram Singh ,Inactive,Single,21,1,3.0,Good performer
50044,Pooja Nair,pooja.nair87@company.com,9768438867,Male,1989-12-08,-3,Human Resources, Financial Analyst ,Part Time,2020-01-02 00:00:00,Gurugram,Diploma,7.2,1165122,233024.4,Good,Sneha Patel,Active,Single,22,1,twenty,
50703,Sanjay Gowda,sanjay.gowda39@company.com,9510189668,Other,1987-09-30,,Marketing,fINANCIAL aNALYST,Part Time,2023-01-08 00:00:00,Chennai,Bachelor'S,0.4,674864,0.0,Good,Vikram Singh,aCTIVE,Divorced,29,2,17.0,Needs training
51064,Sneha Gowda,sneha.gowda68@company.com,+91-9679626481,Other,1983-11-12,18,Sales, Sales Executive ,Contract,2020-08-21 00:00:00,Delhi,PhD,16.4,463628,92725.6,eXCELLENT,Vikram Singh,Active,Single,14,2,0.0,Fast learner
51030,Amit Verma,amit.verma38@company.com,98765ABCDE,Female,2004-12-30,,Marketing,Software Engineer,Full Time,2019-05-24 00:00:00,Noida,PhD,3.2,398349,59752.35,Good,Meera Nair  ,On Leave,Married,0,2,31.0,Fast learner
50502,NEHA JOSHI,neha.joshi42@company.com,9864403851,Male,1984-04-07,34,IT,Account Executive,Intern,2024-06-13 00:00:00,Mysuru,PhD,0.3,1142473,171370.95,Good,Meera Nair,ON LEAVE,Divorced,16,4,15.0,Needs training
50263,Shreya Sharma,shreya.sharma89@company.com,9124142970,M,2001-05-23,45,Finance,Sales Executive,Part Time,2020-10-23 00:00:00,hYDERABAD,DIPLOMA,13.9,276234,22098.72,Good,Sneha Patel,Inactive,sINGLE,5,1,11.0,
50405,Vivek Singh,vivek.singh99@company.com,9670687532,Female,1966-12-06,27,Finance,HR Executive,Part Time,2021-10-23 00:00:00,Bengaluru,Diploma,16.5,1792208,89610.4,Excellent,Sneha Patel,On Leave,Divorced,13,3,15.0,Good performer
50355,Ananya Verma,ananya.verma66@company.com,9898176852,Male,1999-11-23,61,HR,Account Executive,Intern,2025-09-13 00:00:00,Delhi,PHD,17.3,1045806,0.0,Excellent,Anil Kumar,Inactive,Single,25,3,22.0,Fast learner
50631,Rohit Reddy,rohit.reddy84@company.com,9349541887,Other,2000-03-09,47, Marketing ,Financial Analyst,Full Time,2019-04-02 00:00:00,Kolkata,Bachelor's,10.7,1976832,98841.6,Good,Rahul Rao,On Leave,Single,17,2,43.0,Needs training
51015,Meera Joshi,meera.joshi11@company.com,9882083176,Female,2001-12-23,32,Customer Support, Software Engineer ,Intern,2023-06-15 00:00:00,Delhi,Bachelor's,9.4,1510765,151076.5,Average,Priya Sharma,Resigned,Married,18,1,28.0,Needs training
50148,Divya Joshi,divya.joshi43@company.com,9347640144,Male,1986-04-06,42,operations,Operations Executive,Part Time,2024-02-03 00:00:00,Bengaluru,Bachelor's,2.0,288797,0.0,Excellent,Vikram Singh,Resigned, Married,14,1,31.0,Good performer
51155,Amit Patel,amit.patel89@company.com,9236841124, MALE ,1978-03-12,63,Finance,Business Analyst,Intern,2021-09-05 00:00:00,Chennai,PHD,13.3,350736,28058.88,Good,Meera Nair,Resigned,Divorced,18,6,11.0,Needs training
50948,Manish Verma,manish.verma32@company.com,9791629943,Other,2002-07-12,,Customer Support,Financial Analyst,Part Time,2019-11-23 00:00:00,Mysuru,Master's,16.1,680113,102016.95,Excellent,Vikram Singh  ,Resigned,SINGLE,15,3,5.0,Good performer
50291,Divya Gowda,divya.gowda17@company.com,9709502278,Female,1982-04-24,18,operations,Software Engineer,Contract,2025-12-07 00:00:00,Pune,PhD,4.7,1841066,0.0,Average, Priya Sharma,Inactive,Divorced,4,4,17.0,Good performer
50329,Shreya Mehta,shreya.mehta45@company.com,9389604701, Other,1978-01-17,63,Marketing,Account Executive,internship,2019-08-12 00:00:00,Hyderabad,PhD,18.0,929055,74324.4,Needs Improvement,Sneha  Patel,Inactive,Divorced,8,3,4.0,
50540,Ananya Das,ananya.das12@company.com,9496640028, Other,1987-06-20,55,IT,HR Executive,Part Time,2024-08-18 00:00:00,Kolkata,Bachelor's,17.8,1931215,386243.0,Average,Rahul Rao,Active,Divorced,-2,2,36.0,
50521,Kavya Joshi,kavya.joshi61@company,9160546028,Other,1993-03-18,59,Ops,Sales Executive,Full Time,2022-01-17 00:00:00,Noida,PhD,2.6,1497498,224624.7,Good,MEERA NAIR,On Leave,Single,9,4,22.0,Fast learner
51158,Neha Joshi,neha.joshi93@company.com,9197084681,Female,1971-08-15,53,Procurement,Account Executive,Full Time,2020-08-25 00:00:00,Gurugram,Bachelor's,11.0,2081876,104093.8, Needs Improvement,Rahul Rao,Inactive,divorce,22,3,32.0,Needs training
50205,Rohit Gowda,rohit.gowda86@company.com,12345,Male,2003-03-07,37,Sales,Account Executive,Contract,2021-12-11 00:00:00,Chennai,Bachelor's,12.7,281080,56216.0,Needs  Improvement,rahul rao,Active,Single,12,5,31.0,
50575,Shreya Reddy,shreya.reddy39@company.com,9384324672,male,1985-06-15,29,Marketing,Operations Executive,Full Time,2025-09-20 00:00:00,Mumbai,Diploma,16.6,1743741,348748.2,needs improvement,Priya Sharma,On Leave,Married,22,five,35.0,Fast learner
50058, Amit Reddy,amit.reddy33@company.com,9940023513,,1982-05-01,18,operations,Operations Executive,Intern,2022-12-07 00:00:00,Bengaluru,Bachelor's,10 ,1901667,152133.36,Excellent,ANIL KUMAR,On Leave,Married,16,4,19.0,Needs training
50792,Shreya Gowda,shreya.gowda30@company.com,9696043623,Other,1993-07-02,33,Marketing,Business Analyst,Intern,2024-11-12 00:00:00,Hyderabad,Master's,13.4,1197267,95781.36,Average,Rahul Rao,On Leave,Single,3,3,12.0,Good performer
51011,Manish Gowda,manish.gowda79@company.com  ,9437178640, Male ,1986-12-24,34,Customer Support,Business Analyst,Part Time,2025-01-08 00:00:00,Noida,,50,754687,37734.35,Average,Rahul Rao,On Leave,Single  ,9,4,37.0,
50053,Sneha Das,sneha.das71@company.com,9621530299,Female,1969-09-25,56,,Marketing Analyst,Full Time,2021-02-20 00:00:00,Pune,Master's,2.7,2073285,207328.5,Excellent,Vikram Singh,Resigned,Single,5,1,43.0,
50019,Meera Reddy,meera.reddy71@company.com,9971274398,,1985-08-08,61,IT,HR Executive,Part Time,2026-02-22 00:00:00,Kolkata,master's,8.7,50000000,0.0,Average,Vikram Singh,Resigned,Single,11,1,19.0,Needs training
50507,Arjun Das,arjun.das99@company.com,9993942085,Female,1998-08-03,28,Human Resources,HR Executive,Intern,2020-05-08 00:00:00,Noida,Diploma,2.3,1959811,195981.1,Needs Improvement,Sneha Patel,On Leave,Single,13,3,44.0,
50089,Kiran Mehta,kiran.mehta66@company.com,9599944090, Other,1974-11-15,56,Finance,Operations Executive,Intern,2021-07-24 00:00:00,Noida,Bachelor's,0.2,666412,99961.8,Needs Improvement,Rahul Rao,On Leave,Married,25,5,19.0,Good performer
50192,Rohit Reddy, rohit.reddy56@company.com ,9420290883,Male,1978-11-14,51,Customer Support,Financial Analyst,Full  Time,2025-08-11 00:00:00,Pune,Diploma,8.5,627067,62706.7,Excellent,Priya Sharma,Resigned,divorce,19,4,9.0,Fast learner
50626,Sneha Joshi,sneha.joshi38@company.com,9533953630,Other,1989-04-15,52,Marketing,Sales Executive,Contract,2024-07-16 00:00:00,Gurugram,Master's,4.5,820057,82005.7,Average,Vikram Singh,On Leave,Single,1,4,43.0,
50176,Amit Reddy  ,amit.reddy58@company.com,9822724472,Other,1978-07-28,32,Operations  ,Account Executive,Part Time,2019-09-27 00:00:00,Gurugram,Diploma,7.6,1351547,0.0,poor,Anil Kumar,Inactive,Married,30,5,11.0,
50164,Manish Reddy,manish.reddy91@company.com,9667046110,Male,1971-08-21,61,Marketing,Financial Analyst,Full Time,2023-05-18 00:00:00,Kolkata,dIPLOMA,1.3,2005812,200581.2,good,Anil Kumar,Active,Single,20,2,17.0,
50369,Rahul  Reddy,rahul.reddy14@company.com,9762338879,mALE,1998-03-08,26,Operations,Marketing Analyst  ,Full Time,2026-01-05 00:00:00,Chennai,Bachelor's,5.0,1059455,0.0,Needs Improvement,Meera Nair,Active,Divorced,15,5,34.0,
50931,Kiran Das,kiran.das59@company.com,9664182192,Other,1988-02-14,58,Customer Support,Support Specialist,Part Time,2026-01-20 00:00:00,Hyderabad,Bachelor's,10.9,724261,"₹72,426",Needs Improvement,sneha patel,Active,Single,25,5,24.0,
50299,Meera Verma,meera.verma42@company.com,9884300692,Other,1992-12-27,50,IT,Software Engineer,Contract,2025-08-21 00:00:00,Pune,PhD,11.6,1004395,100439.5,Good,rahul rao,Resigned,Divorced,13,3,8.0,
50052,Meera Sharma,meera.sharma15@company.com,9333374925, MALE ,1989-06-18,25,Procurement,Account Executive,Contract,2019-12-13 00:00:00,Gurugram,Bachelor's,7.5,452857,36228.56,average,Anil Kumar,Active, Single,21,2,29.0,
51017,Divya Singh,divya.singh62@company.com,9185262342,Male,1988-12-13,37,HR,HR Executive,Full Time,2020-06-10 00:00:00,Chennai  ,Bachelor's,5 years,890375,178075.0,Excellent,Meera Nair,On Leave,Single,25,2,33.0,Fast learner
50825,Arjun Singh,arjun.singh15@company.com,9154190718,Other,2005-06-01,26,HR,Operations  Executive,Part Time,2023-01-01 00:00:00,Bengaluru,Diploma,-2,873386,131007.9,Good,Priya Sharma,Resigned,Married,7,3,36.0,Good performer
51172,Vivek Das,vivek.das17@company.com,9300414173,Other,1998-03-12,22,Customer Support, Operations Executive ,Part Time,2019-05-28 00:00:00,Noida,PhD,12.7,1845994,184599.4,Needs Improvement,Meera Nair,On Leave,Married,14,4,14.0,Fast learner
50448,Arjun Singh,arjun.singh51@company.com,9113518763,Male,1989-04-22,34,Customer Support,Financial Analyst,Full Time,2024-03-31 00:00:00,Mysuru,Bachelor's,0.5,438722,21936.1,Excellent,Sneha Patel,Resigned,Divorced,33,4,8.0,Fast learner
50330,Vivek Reddy,vivek.reddy85@company.com,9716047992,Other,2008-07-09,42,Procurement,Operations Executive,Contract,2020-12-01 00:00:00,MUMBAI, Master's,5.3,792434,158486.8,Needs Improvement,mEERA nAIR,Inactive,Married,31,2,22.0,
50434,Pooja Kumar,pooja.kumar86@company.com,9371061769,Male,1995-03-21,30,Sales,Support Specialist,Intern,2025-01-31 00:00:00,Hyderabad,PhD,11.7,668296,53463.68,Excellent,Vikram Singh,Active,Married,10,4,22.0,
51031,Sneha Sharma,sneha.sharma41@company.com,9498592810,Female,1989-03-27,55,Procurement,Sales Executive,Part Time,2024-09-13 00:00:00,Mumbai,Master's,17.7,,98054.2,Excellent,Priya Sharma, Active,married,21,1,,Fast learner
50006,Kiran Gowda,kiran.gowda94@company.com,9614479365,Male,2006-11-05,59,IT,Support Specialist,Contract,2021-01-19 00:00:00,MUMBAI,Master's,13.5,1132918,113291.8,GOOD,Sneha Patel,Active,single,0,4,37.0,
50701, ,arjun.verma31@company.com,9934038393,Other,1993-01-04,27,Operations,Marketing Analyst,Part Time,2021-02-17 00:00:00,Bengaluru,Bachelor's,10.2,507973,50797.3,Excellent,Priya Sharma,Active,Married,25,1,15.0,Good performer
50032,Rohit Kumar, rohit.kumar20@company.com ,9882480858,,1992-03-21,26,Sales,Sales Executive,Contract,2025-03-08 00:00:00,Chennai,Master's,2.5,1718110,257716.5,Average,Priya Sharma, Resigned ,Single,11,1,11.0,Fast learner
50530,Pooja Rao,pooja.rao6@company.com,9744019739,Female,1970-06-05,33,Procurement,Account  Executive,Contract,2026-05-21 00:00:00,Mysuru,Diploma,14.6,,231024.0,Needs Improvement,Rahul Rao,oN lEAVE,Divorced,21,1,19.0,Fast learner
50382,Sneha Gowda,sneha.gowda37@company.com,9468906356,Other,1965-12-30,29,HR,Operations Executive,Part Time,2020-07-09 00:00:00,Hyderabad,Master's,8.0,1068760,213752.0,Excellent,Sneha Patel,On Leave,Married,5,5,26.0,Good performer
50766,SNEHA JOSHI,sneha.joshi37@company.com,9543754938,female,1989-06-09,23,Finance,Business Analyst,Intern,2023-05-29 00:00:00,Delhi,Bachelor's,14.3,272327,21786.16,Good,Meera Nair, On Leave ,Single,10,3,26.0,Good performer
51194,PRIYA MEHTA,priya.mehta80@company.com,9922209470,Female,2001-09-17,23,HR,Account Executive,Intern,2026-03-05 00:00:00,Hyderabad,Diploma,50,2100335,210033.5,Needs Improvement,Priya Sharma  ,Resigned,Married,10,5,9.0,Good performer
51008,Manish Reddy,manish.reddy71@company.com,9336526011,Male,1967-04-14,29,IT,hr  eXECUTIVE,Contract,2025-07-30 00:00:00,Mysuru,PhD,8.7,1735398,173539.8,Good,Anil Kumar,Inactive,Divorced,7,2,0.0,
50518,Rohit Kumar,rohit.kumar83@company.com,9955701616,Other,2001-06-20,34,Finance, financial analyst,Full  Time,2025-03-14 00:00:00,Pune,Master's,10.1,1680773,134461.84,Excellent,Rahul Rao,Resigned,Single,8,1,17.0,
51138,Isha Das,isha.das24@company.com,9429564337,Male,1991-06-19,60,Customer Support,Support Specialist,Intern,2025-03-23 00:00:00,Hyderabad,Bachelor's,12.0,888295,44414.75,Needs Improvement,Anil Kumar,Inactive,Divorced,1,3,0.0,
51083,Isha Singh,isha.singh33@company.com,9302068208,Male,1974-04-26,25,HR,Account Executive,Intern,2025-04-16 00:00:00,Noida,Masters,1.7,1243395,248679.0,Good, Vikram Singh,Inactive,Married,23,3,23.0,Needs training
50030,Vivek Sharma,vivek.sharma9@company.com,9879419380,Other,2001-07-22,59,IT,Support Specialist,Full Time,2023-08-10 00:00:00,Gurugram,Diploma,8.8,2049702,409940.4,Average,Rahul Rao,Inactive,Single,35,2,16.0,
50808,Akash Kumar,akash.kumar76@company.com,9795402759,FEMALE,1976-07-24,25,Finance,Operations Executive,Intern,2024-04-25 00:00:00,Delhi,bACHELOR'S,unknown,417233,62584.95,Good,Anil Kumar,Inactive,Divorced,32,4,31.0,
50338,Nikhil Joshi,nikhil.joshi83@company.com,9583061896,Other,1993-12-06,52,Sales,HR Executive,Full Time,2023-01-22 00:00:00,Mysuru,Bachelor's,0.6,555997,44479.76,Excellent,Rahul Rao,Active,Divorced,19,3,22.0,
50109,Isha Gowda, isha.gowda26@company.com ,12345,Other,1976-09-06,35,Sales,HR Executive,Part Time,2024-11-03 00:00:00,Bengaluru,Bachelor's,50,2123272,212327.2,Good,Priya Sharma  ,Active,Single,20,4,21.0,
50526,Meera Nair,meera.nair74@company.com,9727323843,Other,1976-02-19,23,HR,Software Engineer,Contract,2022-10-25 00:00:00,Noida,PhD,4.4,762274,76227.4,Average,Sneha Patel,Resigned,Married,16,3,2.0,Fast learner
50830,Sneha Kumar,sneha.kumar95@company.com,9813070716,male,1985-10-09,34, IT ,Operations Executive,Contract,2020-06-21 00:00:00,Gurugram,Diploma,-2,1364503,0.0,Average,Anil Kumar,Resigned,Married,25,1,23.0,
50740,Pooja Sharma,pooja.sharma20@company.com,9918360075,Male,1992-02-20,150,Finance,Financial Analyst,Contract,2023-04-26 00:00:00, Delhi,Bachelor's,1.5,1324357,0.0,aVERAGE,mEERA nAIR,Inactive,Divorced,18,3,7.0,Needs training
51004, Rahul Rao ,rahul.rao99@company.com,9465695569,Female,2008-01-18,32,Customer Service,Operations Executive,Part Time,2025-08-16 00:00:00,Mysuru,PhD,14.3,1518676,303735.2,Average,Sneha Patel,Inactive,Married,33,5,5.0,Needs training
50918,Kiran Nair,kiran.nair77@company.com,9646553426, OTHER,1966-04-21,65,Procurement,Marketing Analyst,Part Time,2020-12-20 00:00:00,Bengaluru,Bachelor's,4.2,1714381,171438.1,average,Vikram  Singh,Active,Married,-2,3,15.0,Fast learner
50436,Arjun Patel,arjun.patel11@company.com,9902293090,Female,1977-11-21,63,HR,Sales Executive,Part Time,2023-03-10 00:00:00,Kolkata,Bachelor'S,15.6,268441,26844.1,Needs Improvement,Anil Kumar,Inactive,Single,,5,45.0,Fast learner
50343,Pooja Sharma,pooja.sharma38@company.com,+91 9497117720,Male,1972-10-31,,hr,Operations Executive,FULL TIME,2023-07-02 00:00:00,Bengaluru,PhD,7.1,2108860,,Good,PRIYA SHARMA,Active,Divorced,-2,4,17.0,
50204,Divya Sharma,divya.sharma25@company.com,9417515428,F,1993-05-05,37,Marketing,Software Engineer,Contract,2024-03-14 00:00:00,Kolkata,Master's,7.9,1329913,265982.6,Good  ,Rahul Rao,On Leave,Married,2,3,14.0,
50144, Kiran Sharma ,kiran.sharma53@company.com,9595056623,Male,1969-10-18,24,CUSTOMER SUPPORT,Marketing Analyst,Full  Time,2022-08-06 00:00:00,Delhi,Bachelor's,17.2,2114912,-5000,Excellent,Sneha Patel,On Leave,Married,22,3,35.0,Needs training
50188,Priya Gowda,,9180813987,Male,2000-09-07,37,Finance,,Intern,2023-06-25 00:00:00,Noida,dIPLOMA,2.2,1766386,176638.6,Average,Rahul Rao,Resigned,single,32,3,17.0,
51053,Ananya Singh,ananya.singh47@company.com,9499575447,Female,1982-07-17,28,Customer Support,Account Executive,Part Time,2021-05-20 00:00:00,Delhi,PhD,5.1,2138451,,Average, Sneha Patel,On Leave,Married,35,5,2.0,Fast learner
51156,Rohit Kumar,rohit.kumar33@company.com,9656285065,Female,1999-08-25,28,procurement,Account Executive,Intern,2021-05-30 00:00:00,Delhi, Diploma ,5.2,700065,140013.0,Good, Vikram Singh,On Leave,divorce,15,3,45.0,
50058,Amit Reddy,amit.reddy33@company.com,9940023513,,1982-05-01,18,Operations,Operations Executive,Intern,2022-12-07 00:00:00,Bengaluru,Bachelor's,10 ,1901667,152133.36,Excellent,ANIL KUMAR,On Leave,Married,16,4,19.0,Needs training
50781,Neha Reddy,neha.reddy1@company.com,9313664122,Female,1977-07-12,40,Marketing,HR Executive,Intern,2022-09-29 00:00:00,Delhi,Bachelor's,15.4,499668,24983.4,Excellent,Vikram Singh, Active ,Single,32,3,30.0,Fast learner
51113,Arjun Kumar,,,Other,1988-03-23,21,Operations  ,Sales Executive,Part Time,2020-12-22 00:00:00,Kolkata,Master's,9.6,635274,63527.4,Average,Sneha Patel, On Leave ,Divorced,26,five,11.0,
50877,Priya Reddy,priya.reddy53@company.com,9500406806,Female,1965-07-20,41,FINANCE,Support Specialist,Contract,2021-07-22 00:00:00,Noida,PhD,2.0,740290,74029.0,Good,,On Leave,Married,31,2,11.0,
50024,Manish Verma,manish.verma93@company.com,9805503213,Female,1979-11-18,43,oPERATIONS,Financial Analyst,Part Time,2022-08-14 00:00:00,Noida,mASTER'S,15.6,2142338,171387.04,Average,Sneha Patel,rESIGNED,Single,9,4,36.0,Fast learner
50238,Sanjay Nair,sanjay.nair92@company.com,9946914030, Male,1985-05-07,35,Procurement,,Full Time,2025-02-19 00:00:00,Noida,Bachelor's,9.1,606259,0.0,Excellent,Priya Sharma,active,Divorced,15,1,7.0,Needs training
50254,Amit Mehta,amit.mehta81@company.com,9969703827,Female,1967-06-16,36,Operations,Account Executive,Contract,2022-03-30 00:00:00, Bengaluru , PhD,16.5,1488688,0.0,Excellent,Vikram Singh,Active,Divorced,-2,2,9.0,
50800,Isha Nair,isha.nair86@company.com,9425259334,Other  ,1998-02-26,36,Procurement, Financial Analyst ,Intern,2020-09-20 00:00:00,Delhi,Masters,14.2,1899535,189953.5,Excellent,Priya  Sharma,Resigned  ,Single,9,3,17.0,Good performer
50870,Vivek Joshi,vivek.joshi86@company.com,9145659006,Other,1983-09-17,44,Sales,Data Analyst,Intern,2022-06-26 00:00:00,Chennai,Master's,9.9,1591340,238701.0,Average,Rahul Rao,Inactive,Married,32,2,25.0,
50132,Vivek Nair,vivek.nair32@company.com,9674377683,Female,1967-02-06,38,HR,Software Engineer,Full Time,2024-05-11 00:00:00,Mysuru,Bachelor's,10 ,1154817,,Needs Improvement,Sneha Patel,Active  ,Divorced,15,4,21.0,Good performer
51067,Arjun Rao,arjun.rao45@company.com,9532949682,Male,1972-06-30,51,Finance,HR Executive,Intern,2024-05-26 00:00:00,Mysuru,Bachelor's  ,9.5,805843,-5000,Excellent,Priya Sharma,Active,Married,8,3,9.0,Good performer
50939,Priya Reddy,priya.reddy59@company.com,9456992305,Other,2006-04-19,22,Finance,Business Analyst,Part Time,2023-12-05 00:00:00,Bengaluru,PhD,8.5,1042184,52109.2,Excellent,Meera Nair,Resigned,Single,14,3,2.0,
50942, ,sneha.kumar8@company.com,9795576775,Other,1976-05-11,19,Finance,Business Analyst,CONTRACT,2025-02-03 00:00:00,Gurugram,Master's,15.7,1991990,0.0,Good,Sneha Patel,On Leave,Divorced,2,3,35.0,
50221,Kiran Kumar,kiran.kumar6@company.com,9726469593,Other,1986-05-28,29,Finance,OPERATIONS EXECUTIVE,Contract,2024-05-01 00:00:00,mUMBAI,bACHELOR'S,3.5,538429,43074.32,Excellent,Sneha Patel,Active,divorce,12,3,22.0,
50111,Rahul Gowda,rahul.gowda99@company.com,9233093939,Other,2004-02-16,150,HR,Software Engineer,Full Time,2022-02-23 00:00:00,Mumbai,Diploma,10.4,899238,89923.8,Needs Improvement,Priya Sharma,Resigned,married,30,3,30.0,Good performer
50971,RAHUL GOWDA,rahul.gowda71@company.com,9398756103,Female,1974-09-11,62,Customer Support,Data Analyst,INTERN,2020-05-12 00:00:00,Chennai,dIPLOMA,15.1,1526994,76349.7,Average,Priya Sharma  ,Resigned,Single,4,3,22.0,Good performer
50218,Shreya Sharma,shreya.sharma77@company.com  ,9975604780,Other,1967-02-11,0,Information Technology,Financial Analyst,Contract,2021-03-21 00:00:00,Kolkata,Bachelor's,16.4,889234,0.0,Needs Improvement,rAHUL rAO,Active,Divorced,29,3,28.0,
50579,Kavya Nair,kavya.nair70@company.com,98765ABCDE,OTHER,1966-12-02,60,Marketing,Business Analyst, Full Time,2026-01-21 00:00:00,Hyderabad,Diploma,9.2,1516961,121356.88,Needs Improvement,Priya Sharma,Active,Married,2,1,17.0,
50805,Vivek Sharma,vivek.sharma12@company.com,9632317858,Male,1977-07-18,46,Finance,aCCOUNT eXECUTIVE,Intern,2022-09-28 00:00:00,Chennai,PHD,2.6,1250236,125023.6,Good,Anil Kumar,On Leave,Single,18,3,44.0,
50301,Neha Joshi,neha.joshi12@company.com,9932420908,Other,1980-06-22,63,Finance,Support Specialist,Contract,2020-10-05 00:00:00,Mumbai,Master's,17.3,1987030,158962.4,Excellent,Priya Sharma, Resigned ,Divorced,17,5,6.0,Needs training
50407,Rahul Joshi,rahul.joshi63@company.com,12345,FEMALE,1987-03-12,57,Finance,Account Executive,Contract,2021-05-28 00:00:00, Chennai ,Bachelor's,0.4,649005,64900.5,Needs Improvement,Priya Sharma,Active,Single,5,5,37.0,
50500,Pooja Verma,pooja.verma80@company.com,9297623261,Male,1966-07-30,28, Finance ,Software Engineer,Part Time,2025-03-08 00:00:00,Gurugram,Bachelor's,14.5,486259,24312.95,Good,Anil Kumar,Resigned,Married,16,,15.0,Good performer
50605,Meera Sharma,meera.sharma38@company.com,9865960061,Female,1991-04-17,22,Sales,Sales Executive,Part Time,2024-01-30 00:00:00,Kolkata,Master's,50,617721,"₹92,658",Excellent,Vikram Singh,On Leave,Divorced,4,4,22.0,Needs training
50047, Isha Patel,isha.patel79@company.com,9666353053,Female,1968-01-12,27,customer support,Data Analyst,Full Time,2020-06-04 00:00:00,Noida,Diploma,17.1,248340,24834.0,AVG,Sneha Patel  ,Active,Single,14,five,28.0,Good performer
50222,Manish Singh,manish.singh70@company.com,9114154530,Male,1988-01-27,58,Marketing,Financial Analyst,Contract,2020-06-24 00:00:00,Bengaluru,Bachelor's,7.9,272798,21823.84,Good,Meera Nair,inactive,Divorced,8,,0.0,
50044,Pooja Nair,pooja.nair87@company.com,9768438867,Male,1989-12-08,-3,Human Resources, Financial Analyst ,Part Time,2020-01-02 00:00:00,Gurugram,Diploma,7.2,1165122,233024.4,Good,Sneha Patel,Active,Single,22,1,twenty,
50051,Manish Singh,manish.singh55@company.com,9515978949, Other,1965-08-10,41,HR,Business Analyst,Intern,2023-09-22 00:00:00,Pune,Bachelor's,1.9,1342434,67121.7,Good,Sneha Patel  ,Resigned,Married,10,4,32.0,Fast learner
50850,Shreya Reddy,shreya.reddy73@company.com,9355301662,,1973-04-18,46,Sales,Financial Analyst,Contract,2023-08-03 00:00:00,Pune,PhD,7.2,350553,17527.65,Good,Sneha Patel,Active,Divorced,22,3,42.0,Fast learner
51174,Neha Verma,,9620797185,Other,1980-11-12,55,Marketing,Sales Executive,Full Time,2020-08-10 00:00:00,Kolkata,PhD,13.8,1609417,160941.7,Excellent,Sneha Patel,Resigned,Divorced,24,2,17.0,Needs training
50993,Amit Singh,amit.singh16@company.com,9141132702,Other,1987-04-22,63,Procurement,Software Engineer,Part Time,2025-01-11 00:00:00,Delhi,Bachelor's,13.1,1530729,306145.8,Average,Rahul Rao,leave,Married,31,1,2.0,
51147,Isha Singh,isha.singh52@company.com,9561768805,Other,1993-12-02,51,Marketing,Financial Analyst,Full  Time,2024-08-31 00:00:00,Kolkata,Bachelor's,,1680940,84047.0,Average,Meera Nair,RESIGN,Divorced,4,4,34.0,
50166,Nikhil Sharma,nikhil.sharma50@company.com,9389524607,Female,1986-10-15,47,HR,Marketing Analyst,Contract,2019-11-20 00:00:00,Pune,Master's,13.2,1465231,293046.2,Excellent,Rahul Rao,On Leave  ,single,0,2,21.0,Needs training
51016,Isha Rao,isha.rao94@company.com,9992536008,Other,1973-09-26,31,Finance,Account Executive,Intern,2023-08-08 00:00:00,Bengaluru,Master's,0.9,435583,0.0,Good,Rahul Rao,On Leave,single,9,5,35.0,
50492,Arjun Singh,arjun.singh52@company.com,+91 9987647798,Female,1974-01-17,24,HR,Account Executive,Full Time,2025-06-09 00:00:00, Hyderabad,Bachelor's,1.1,1376930,275386.0,Excellent,Rahul Rao,Resigned,Divorced  ,-2,1,,
50639,Sanjay Gowda,sanjay.gowda38@company.com,9454150700,Female  ,2000-12-29,65,HR,Hr Executive,Contract,2023-11-03 00:00:00,mYSURU,Diploma,12.6,"1,563,674",78183.7,Needs Improvement,Priya Sharma,Active,Married,26,3,32.0,Fast learner
50662,Akash Singh,akash.singh85@company.com,9806072744,Male,1974-01-13,48,HR,Support Specialist,Full Time,2024-06-24 00:00:00,Hyderabad,PhD  ,7.0,799154,79915.4,Good,Rahul Rao,Inactive,Divorced,16,2,27.0,
51119,Pooja Gowda, pooja.gowda39@company.com ,9767455504,Male,1987-07-14,30,Procurement,Software Engineer,Part Time,2023-05-02 00:00:00,Kolkata,PhD,13.3,1284210,192631.5,poor,Meera Nair,Resigned,Married,2,,31.0,
50454,Arjun Rao,arjun.rao73@company.com,9158579464, FEMALE ,1995-02-13,18,Finance,Sales Executive,Intern,2024-11-26 00:00:00,Delhi,Diploma,11.9,867023,43351.15,Average,Sneha Patel,Resigned,Married,33,3,4.0,Needs training
50546,Vivek Nair,vivek.nair23@company.com,9199421194,male,1984-12-14,36,Operations,Financial Analyst,Intern,2023-07-03 00:00:00,Gurugram, Master's,11.3,750160,150032.0,Good,Meera Nair,Inactive,Married,35,1,32.0,Needs training
50719,Manish Singh,,,Female,1989-03-01,58,Procurement,Data Analyst,Intern,2022-03-15 00:00:00, kOLKATA ,PhD,6.5,644439,96665.85,Good,Meera Nair,Inactive,Single,4,5,32.0,Good performer
50913,Akash Mehta,akash.mehta89@company.com,9230853494,Male,1982-04-26,35 years,Operations,Business Analyst,Part Time,2020-03-08 00:00:00,hyderabad,Diploma,unknown,966238,48311.9,Average,Rahul Rao,RESIGN,Married,12,5,39.0,
50499,Pooja Verma,pooja.verma81@company.com,9190582936,Female,2000-08-13,49,,Support Specialist,Full Time,2022-10-31 00:00:00,,Bachelor's,15.4,1759217,,Excellent,Anil Kumar  ,Resigned,divorce,31,3,13.0,Fast learner
50997,Amit Nair,amit.nair94@company.com,9348338133,Female,1998-08-26,26,Customer Support,Software Engineer,FULL TIME,2022-05-14 00:00:00,Pune,Bachelor's,11.9,1911607,0.0,Needs Improvement,Meera Nair,On Leave,Single,20,1,16.0,
50584,Sanjay Verma,sanjay.verma21@company,9362648869,Male,1991-06-19,40,,financial analyst,Intern,2024-03-27 00:00:00,Kolkata,Master's,5.7,491966,0.0,Excellent,Priya Sharma,Inactive,Married,17,1,31.0,
51010,Vivek Singh,vivek.singh28@company.com,9586763146,Other,1984-03-30,29,Sales,Financial Analyst,Full Time,2026-06-19 00:00:00,Chennai,Diploma,11.8,998637,49931.85,Good,Vikram Singh,Active,Divorced,6,5,24.0,
50061,Vivek Nair  ,vivek.nair82@company.com,9782859856, Male ,2001-11-04,18,IT,Marketing Analyst,Part Time,2024-05-11 00:00:00,kOLKATA,master's,4.9,1165034,233006.8,AVG,Vikram Singh,Inactive,Single,20,2,44.0,
50456, Akash Verma,akash.verma2@company.com,9284330171,Male,1968-07-30,30,marketing,Marketing Analyst,Contract,2026-07-08 00:00:00,Hyderabad,Diploma,10.7,"828,150",0.0,Excellent, Sneha Patel ,Inactive,Married,14,2,3.0,
51092,Amit Mehta,amit.mehta11@company.com,9599643463,Female,1980-10-17,47,Customer Support,Software Engineer,Contract,2026-04-21 00:00:00,Kolkata,Bachelor's,9.6,660102,52808.16,Average,Rahul Rao,Resigned,Married,2,,6.0,Fast learner
50746,Ananya Sharma,ananya.sharma46@company.com,9550296865, Other,1997-06-23,51,Operations,HR Executive,Full Time,2025-01-05 00:00:00,Hyderabad,Bachelor's,3.5,1392000,69600.0,Excellent,sneha patel, Resigned ,divorce,5,1,4.0,
51049,Kiran Reddy,kiran.reddy63@company.com,9334294931,Female,1991-11-14,61,MKTG,Sales  Executive,Full Time,2021-09-17 00:00:00,Mumbai,Bachelor's,10.5,819960,40998.0,Average,Priya Sharma,Inactive,Single,21,3,13.0,
50659, sanjay nair,sanjay.nair73@company.com,9310865318,Male,1980-02-26,33,Finance,HR Executive,Full Time,2019-01-04 00:00:00,Gurugram,PhD,1.7,1365700,204855.0,Needs Improvement,Priya Sharma,Resigned,Married,24,1,41.0,
50519,Rahul Kumar,rahul.kumar10@company.com,9607364549,Female,1976-11-11,27,Sales,Business Analyst,Intern,2022-04-04 00:00:00,Mumbai,PhD,16.4,1660689,83034.45,Average,Meera Nair,ON LEAVE,Divorced,32,3,twenty,
50207,Arjun Das,arjun.das53@company.com,9760396825,Female,2004-12-22,25,Customer Support,Business Analyst,Part Time,2026-06-02 00:00:00,Noida,Bachelor's,13.8,1873122,280968.3,Good,Vikram Singh,Resigned,Married,35,5,9.0,
50077,Sneha Kumar,sneha.kumar77@company.com,9743232251,Male,2001-06-15,36,Procurement,Sales Executive,Intern,2025-07-19 00:00:00,Noida,diploma,5.7,2043769,306565.35,Average,Anil Kumar,Resigned,Married,14,3,6.0,
50651,Rahul Joshi,rahul.joshi30@company.com,9876198883,Other,1974-11-16,21,HR,Support Specialist,Full Time,2023-07-01 00:00:00,Gurugram,master,11.8,1768464,176846.4,Good,Meera Nair,Active,Married,25,4,4.0,Fast learner
50438,Sneha Joshi,sneha.joshi63@company.com,9116840030,Female,2004-12-04,41,Procurement,HR Executive,Intern,2023-09-01 00:00:00,Mumbai,Diploma,4.3,1022503,153375.45,Needs Improvement,Vikram Singh,RESIGNED,Married,6,3,21.0,Good performer
50158,Isha Kumar,isha.kumar87@company.com,9180792782,Male,1997-10-02,24,Procurement,Business Analyst,Contract,2025-10-25 00:00:00,noida,Bachelor's,16.2,1045301,83624.08,Good , Rahul Rao,Active,Divorced,32,3,twenty,
50084, Shreya Reddy ,shreya.reddy72@company.com,9803726204,Female,1966-08-03,52,Sales,Marketing Analyst,full-time,2025-09-01 00:00:00,CHENNAI,Master's,1.9,"₹2,054,342",0.0,Excellent,Priya Sharma,Active,Single,11,3,0.0,Fast learner
50556,Priya Singh, priya.singh46@company.com ,9440516161,Male,1972-05-02,58,it,Software Engineer,Full Time,2024-07-06 00:00:00,Delhi,Master's,16.9,758935,75893.5,Needs Improvement,Anil Kumar,On Leave,Divorced,12,4,,
50264,Akash Reddy,akash.reddy85@company.com,12345,Other,1991-03-23,50,Operations,Financial Analyst,Intern,2025-02-28 00:00:00,Noida, Bachelor's,8.9,1605824,160582.4,Good,anil kumar,Active,Single,22,2,37.0,Good performer
51108,Priya Mehta,priya.mehta30@company.com,9397108437,Female,2005-06-30,49,Sales,Software Engineer, Part Time,2021-09-15 00:00:00,Kolkata,Bachelor's,17.1,959365,47968.25,Needs Improvement,Anil Kumar,Resigned,single,16,4,6.0,Needs training
50532,Rohit Sharma,rohit.sharma77@company.com,9141596845,Other,1974-01-09,30,HR,Data Analyst,Full Time,2024-11-02 00:00:00,Delhi,Master's,0.5,1250110,0.0,Good,Sneha Patel,Inactive,Divorced,32,1,8.0,Good performer
50324,Vivek Rao,vivek.rao23@company.com,9954234443,FEMALE,1975-06-29,26, Procurement ,hr executive,Contract,2025-05-05 00:00:00, Delhi ,Bachelor's,6.9,1609426,80471.3,Needs Improvement,Vikram Singh,INACTIVE,Married,34,2,45.0,Good performer
50720,Neha Patel,neha.patel42@company.com,9142252297, Other ,1998-08-23,43,IT,Business Analyst,Contract,2021-01-19 00:00:00,Kolkata,Phd,12.2,1628830,81441.5,Needs Improvement,Priya Sharma,On Leave,Single,27,5,40.0,
50116,Meera Patel,meera.patel29@company.com,9154764071, FEMALE ,2008-08-11,58,Sales,Support Specialist,Full Time,2026-01-25 00:00:00,Chennai,master,5.9,1311581,104926.48,Average,Sneha Patel,Inactive,Divorced  ,10,2,17.0,
50307, Manish Mehta,manish.mehta97@company.com,9277032537,Female,2005-12-11,28,Procurement,Marketing Analyst, Contract ,2021-05-11 00:00:00,Mumbai,Diploma,9.5,,0.0,Average,Vikram Singh,Resigned,Single,12,3,39.0,
51106,Sanjay Sharma,sanjay.sharma98@company.com,9969653596,Other,1978-01-24,54,mARKETING,sOFTWARE eNGINEER,Full Time,2021-09-10 00:00:00,Mysuru,Master's,4.0,1146164,114616.4,Good,Meera Nair,inactive,single,6,,12.0,
50278,Manish Singh,manish.singh34@company.com,9939877277,Female,1999-05-04,26,HR  ,Support Specialist,Contract,2019-09-20 00:00:00,Kolkata,PhD,7.3,934184,74734.72,excellent,Meera Nair,On Leave,Single,13,4,12.0,Good performer
50784,Rahul Verma,rahul.verma16@company.com,9269306090,Female,1968-07-15,43,Marketing,Account Executive,Contract,2022-09-29 00:00:00,Chennai,PhD,4.9,,,Good,Rahul Rao,On Leave,Single,twenty,5,36.0,Good performer
50953,Isha Joshi,isha.joshi6@company.com,9765804414,Other,1999-10-18,46,Marketing,HR Executive,Full Time,2020-08-07 00:00:00,Kolkata,Master's,4.2,772601,154520.2, Needs Improvement ,Anil Kumar,On Leave,divorce,33,5,29.0,
51193,Akash Gowda,akash.gowda43@company.com,9609378920,Male,1978-09-14,55,Procurement,Support Specialist,Intern,2021-04-04 00:00:00,Pune,Master's,6.6,2068424,103421.2,Good,Priya Sharma,Inactive,Single,4,3,29.0,
50842,Arjun Nair,arjun.nair61@company.com,9837313022,Female,1999-09-24,63,Procurement,Operations Executive,Part Time,2025-11-02 00:00:00,Hyderabad,Bachelor's,2.1,1448007,289601.4,Average,Meera Nair,Active,Married,,1,39.0,
50677,Amit Singh,amit.singh14@company.com,9239324786,female,2003-02-24,24,IT,,Part Time,2023-02-05 00:00:00,Hyderabad,Diploma,17.6,1297509,103800.72,Excellent,mEERA nAIR,On Leave,Divorced,8,3,26.0,Needs training
50201, ,akash.kumar4@company.com,9549061064,Other,1980-08-17,52,Customer Support,HR Executive,full-time,2020-06-15 00:00:00, Hyderabad ,pHd,5.3,10000000,117394.65,Average,Rahul Rao,Inactive  ,Divorced,5,1,23.0,
50431,Shreya Kumar,shreya.kumar93@company.com,9255598745,Male,1980-07-02,55,Procurement,Software Engineer,Full Time,2026-01-01 00:00:00,Gurugram,Bachelor's,17.4,1734588,86729.4,Needs Improvement,Anil Kumar,Active,Single,23,2,15.0,Good performer
50511,Rahul Nair,rahul.nair65@company.com,9392684295,Other,1989-08-11,62,It,Software Engineer,Contract,2019-12-14 00:00:00,Pune,Bachelor's,0.0,1898280,284742.0,Excellent, Meera Nair,Inactive, sINGLE ,19,2,32.0,Needs training
51169, Vivek Rao,vivek.rao75@company.com,9488195150,Male,2005-12-24,52,it,Support Specialist,Contract,2023-10-28 00:00:00,Hyderabad,Master's,0.8,897383,134607.45,Needs Improvement,mEERA nAIR,Resigned,Divorced,1,3,0.0,Good performer
50793,Priya Mehta, priya.mehta20@company.com,9849553611,Other,1978-12-22,41,Customer Support,Sales Executive,Part Time,2021-11-08 00:00:00,Pune,Master's,1.4,1188437,0.0,Average,Vikram Singh,On Leave,Married,14,5,7.0,Needs training
50842,Arjun Nair,arjun.nair61@company.com,9837313022,Female,1999-09-24,63,Procurement,Operations Executive,Part Time,2025-11-02 00:00:00,Hyderabad,Bachelor's,2.1,1448007,289601.4,Average,Meera Nair,Active,Married,,1,39.0,
50195, ,vivek.patel67@company.com,98765ABCDE,Male,1979-12-01,64,Marketing,Account Executive,Full Time,2024-10-25 00:00:00,Kolkata,Master's,12.2,1968380,393676.0,Needs Improvement,Anil Kumar,aCTIVE,Married,8,5,45.0,Needs training
50056,Ananya Rao,,9892913727,Female,1988-08-27,31,Procurement,Financial Analyst,Contract,2024-02-28 00:00:00,Gurugram,diploma,17.1,848461,67876.88,AVG,Vikram Singh,Inactive,Single,12,5,38.0,
50185,Pooja Sharma,pooja.sharma29@company.com,,Male,1972-07-25,22,Marketing,Data Analyst,Contract,2019-12-18 00:00:00,Chennai,Diploma,13.6,2096418,419283.6,Needs Improvement,Anil Kumar,Active,Married,18,4,13.0,
51025,Amit Patel,amit.patel12@company.com,9547838427,Other,1973-10-13,65,Hr,Account Executive,contract,2019-05-21 00:00:00,Hyderabad,PhD,3.4,1361069,-5000,Needs Improvement, PRIYA SHARMA ,Resigned,Divorced,17,4,21.0,Needs training
50483,Manish Reddy,manish.reddy46@company.com,9527239096,Male,1969-08-20,34,Sales,Sales Executive,Full Time,2019-12-08 00:00:00,Mysuru,Master's,11.4,1682484,84124.2,Good,Rahul Rao,Inactive,Married,3,2,13.0,Fast learner
50873,Ananya Rao,ananya.rao25@company.com,9468749094,Female,1968-07-05,55,Procurement,Software Engineer,Intern,2019-07-16 00:00:00,MYSURU, Master's ,15.8,1221794,183269.1,Excellent,Meera Nair,Resigned,Divorced,5,2,36.0,
50295,Manish Gowda,manish.gowda20@company.com,9463763084,Male,1992-05-22,56,HR,HR Executive,Part Time,2023-12-07 00:00:00,Delhi,Diploma,50,536062,80409.3,Good,Priya Sharma,Active,Married,5,4,11.0,
51190,Shreya Verma,shreya.verma51@company.com,9906682929,Female,1999-02-10,64,Marketing,Software Engineer,contractual,2022-07-08 00:00:00,Bengaluru,PhD,15.5,1832392,91619.6,good,Rahul Rao,Inactive,Single,18,,1.0,
50261,Amit Patel,amit.patel52@company.com,9630214228,Male,1988-04-16,54,Sales,Sales Executive,Full Time,2024-10-28 00:00:00,Kolkata,PhD,14.2,2157157,431431.4,Good,Anil Kumar,On Leave,Single,11,1,14.0,
50444,Amit Rao,amit.rao52@company.com,9508483848,Female,1986-05-22,52,Marketing,Account Executive,Part Time,2019-05-31 00:00:00, Mysuru ,PhD,6.7,476871,47687.1,Needs Improvement,Rahul Rao,Resigned,Single,25,1,10.0,Good performer
50812,iSHA rEDDY,isha.reddy27@company.com,9254342033,Male,1965-06-06,63,Finance,Financial Analyst,Contract,2024-05-15 00:00:00,PUNE,,10.9,1584711,237706.65,Average,Priya Sharma,Resigned,Married,17,5,18.0,Good performer
50844,Kiran Patel,kiran.patel70@company.com,9844512670,Female,1981-08-19,18,Finance,sOFTWARE eNGINEER,Full Time,2024-05-26 00:00:00,Hyderabad, Bachelor's,-2,891214,89121.4,Needs Improvement,Priya Sharma,Inactive,single,17,6,20.0,
50286,Kiran Singh,kiran.singh46@company.com  ,9552566167, FEMALE ,1997-01-08,26,HR,Software  Engineer,Part Time,2024-07-29 00:00:00,Delhi,Diploma,0.7,683412,68341.2,Needs Improvement,Meera Nair,On Leave,Married,9,2,7.0,Needs training
50583,Akash Reddy,akash.reddy87@company.com,9737694903,Other,1984-04-17,32,Finance  ,Operations Executive,Contract,2026-04-26 00:00:00,Mumbai, Master's ,14.3,2109188,168735.04,Excellent,Sneha Patel,On Leave,Divorced,30,5,40.0,Good performer
50982, ,priya.nair90@company.com,9645735702,Other,1999-06-22,34,Operations,Data Analyst,Intern,2019-03-13 00:00:00,Mumbai,Master's,2.3,1132420,90593.6,Good,Sneha Patel,ACTIVE,Divorced,29,3,twenty,Good performer
51198,Vivek Mehta,vivek.mehta3@company.com,9879692345,fEMALE,1972-09-30,,Finance,HR Executive,Full Time,2019-10-07 00:00:00,Chennai,Master's,3.0,1570730,235609.5,Good,Meera Nair,Resigned,Married,13,2,2.0,Needs training
50310,Ananya Rao,ananya.rao40@company.com,9223026346,Male,1993-08-16,18,IT,Software Engineer,Part Time,2021-12-24 00:00:00,Mumbai,Master's,17.4,1033243,154986.45,Needs Improvement,Vikram Singh,Resigned, Divorced,25,5,35.0,Good performer
50586,Rahul Mehta,rahul.mehta13@company.com,9332896316,Male,1975-08-30,64,CUSTOMER SUPPORT,Data Analyst,Part Time,2021-12-30 00:00:00,Bengaluru,,1.9,1474958,221243.7,Excellent,Sneha Patel,Active,Single,,4,22.0,Fast learner
50508,Akash Das,akash.das91@company.com,9119930853,Male,2001-10-28,35,Customer Support,HR Executive,Intern,2025-05-29 00:00:00,Mysuru,PhD,17.5,1959250,0.0,Excellent,Meera Nair,Inactive,Divorced,22,5,7.0,
51163,Pooja Singh,pooja.singh94@company.com,9149415140,Female,1999-02-22,37,Procurement,Software Engineer,Intern,2023-03-14 00:00:00,Mysuru,Diploma,14.7,732808,0.0,Average,Sneha Patel,On Leave,Married,33,4,22.0,
50038,Manish Gowda,manish.gowda83@company.com,9959197729,F,1990-04-26,47,hr,Business Analyst,Full Time,2020-03-21 00:00:00,Delhi,Diploma,2.4,1049991,0.0,Needs Improvement,Anil Kumar, Inactive,Divorced,16,0,2.0,
51097,Kavya Kumar,kavya.kumar65@company.com,9696407717,Male,1984-06-30,40,Sales,HR Executive,Full Time,2019-08-29 00:00:00,Kolkata,Master's,6.1,1491183,298236.6,Needs Improvement,Rahul Rao,Inactive,Divorced,25,5,33.0,
50322,Pooja Kumar,pooja.kumar40@company.com,9972058303,FEMALE,1995-11-20,41,Finance,aCCOUNT eXECUTIVE,Intern,2019-12-01 00:00:00,Mysuru,Diploma,11.5,,54114.2,needs improvement,Priya Sharma,Active,Married,13,3,16.0,Needs training
50283,Arjun Sharma,arjun.sharma38@company.com,9220176664,,1989-06-03,49, pROCUREMENT ,hr eXECUTIVE,Full Time,2021-03-21 00:00:00,noida,Master's,14.3,304259,30425.9,Needs Improvement,Anil Kumar,On Leave,Married,25,2,16.0,
50015,Nikhil Rao,,9867910823,Female,2007-06-26,19,IT,Software Engineer,Contract,2022-12-30 00:00:00,Mumbai,Diploma,13.8,360860,28868.8,Excellent,Vikram Singh,On Leave,Single,35,1,-5,Fast learner
50368,Arjun Joshi  ,arjun.joshi15@company.com,9497764351,mALE,1987-12-02,unknown,Sales,software engineer,Fulltime,2026-03-29 00:00:00,Pune,Master's,5.3,1998700,99935.0,Average,Priya Sharma, Active, Single ,35,4,18.0,
50920,Amit Gowda,amit.gowda4@company.com,9731957618,Male,2007-03-28,56,Customer Support,Financial Analyst,Intern,2026-06-19 00:00:00,mYSURU,master,15.1,376795,56519.25,Good,Anil Kumar,Inactive,Single,21,1,20.0,
51062,ROHIT SINGH,rohit.singh34@company.com,9660668651,Male,1974-01-17,20,Operations,Data Analyst,full-time,2023-06-28 00:00:00,Noida,Bachelor's,5.6,1683013,0.0,Excellent,Meera Nair, ,Divorced,12,2,18.0,
51159,Rohit Rao,rohit.rao26@company.com,9590148787,MALE,2004-10-10,22,Customer Support,Software Engineer, Contract,2024-01-01 00:00:00,Kolkata,PhD,9.6,1776548,142123.84,Excellent,Meera Nair,Resigned,divorce,18,2,30.0,
51046,KIRAN PATEL,kiran.patel33@company.com,9950945727,Female,1975-01-19,47,Finance,HR Executive,Contract,2024-05-15 00:00:00,Mysuru,Bachelor's,1.1,1273317,63665.85,Good,rahul rao,Resigned,Married,13,3,21.0,
50968,Amit Reddy,amit.reddy21@company,9351050438,Female,2002-04-04,47,HR,Data Analyst,Full Time,2020-11-18 00:00:00,Mysuru,Diploma,6.5,1273799,101903.92,Needs Improvement,Meera Nair,Inactive,Married,5,5,32.0,
50315,Neha Singh,neha.singh94@company.com,9934063537,Other,1972-07-25,45,Marketing,Software Engineer,Full Time,2026-02-13 00:00:00,Bengaluru,Diploma,0.8,25000000,69673.15,Excellent,Rahul Rao,On Leave,Single,30,3,31.0,
51164,Akash Verma,akash.verma59@company.com,9239796006,Female,1974-06-10,19,it,HR Executive,Full Time,2023-08-28 00:00:00,Mysuru,Master's,3.8,1669538,133563.04,Needs Improvement,Anil Kumar,Active,Divorced,10,4,4.0,
50710,Neha Sharma,neha.sharma90@company.com,9630392193,Male,1997-03-16,57,HR,Business Analyst,Full Time,2025-08-13 00:00:00,Mysuru,PhD,10.2,1018730,0.0,Needs Improvement,Vikram Singh,Active,Single,14,4,18.0,Good performer
50009,Amit Sharma,amit.sharma88@company.com,9426065024,Female,1987-11-24,,Marketing,Support Specialist,Intern,2024-05-03 00:00:00,Mysuru,Master's,2.8,927362,139104.3,Good,sneha patel,On Leave,Married,14,1,35.0,
50182,Amit Verma,amit.verma35@company.com,9573993335,Other,1980-04-20,20,IT,Software Engineer,Contract,2022-09-03 00:00:00,Hyderabad,Master's,9.7,1667830,83391.5,Excellent,Vikram Singh,On Leave,Single,27,3,19.0,Good performer
50361,Akash Reddy,akash.reddy84@company.com,9360521065,Other,1975-01-20,31,it,Data Analyst,Full Time,2020-05-26 00:00:00,Mysuru,Diploma,9.8,729343,0.0,Average,vikram singh,Inactive,Married,29,4,35.0,Good performer
50223,Manish Nair,manish.nair13@company.com,9492712344,Male,1978-04-04,43,HR,Software Engineer,Part Time,2020-07-07 00:00:00,Hyderabad,Bachelor's,13.8,501496,,Needs Improvement,Vikram Singh,On Leave,Single,30,2,31.0,Needs training
50554,Pooja Gowda,pooja.gowda86@company.com,9379258094,Other,1966-12-01,63, Operations,HR Executive,Contract,2024-08-12 00:00:00,Delhi,Bachelor's  ,1.9,904152,45207.6,Excellent,Vikram Singh,Inactive,Married,24,1,29.0,Fast learner
50441,Rohit Sharma,rohit.sharma3@company.com,9473678550,Male  ,1972-08-29,38,,HR Executive,Contract,2026-05-11 00:00:00,Hyderabad,Master's,12.9,1925719,192571.9,Excellent,vikram singh,resigned,Divorced,15,3,4.0,Needs training
51076,Rohit Gowda,rohit.gowda56@company.com,9277589723,Female,1991-10-23,50,Finance, Business Analyst,pART tIME,2023-03-11 00:00:00,,Master's,5.2,1948109,292216.35,Needs  Improvement,Rahul Rao,On Leave,Married,6,1,43.0,Fast learner
50512,Shreya Joshi,shreya.joshi73@company.com,9339613226,Male,1965-03-03,36,Sales,Business Analyst,Full Time,2024-05-06 00:00:00,Gurugram,Master's,17.0,426629,63994.35,Excellent, Sneha Patel ,ON LEAVE,sINGLE,13,3,43.0,
50381,Rohit Das,rohit.das64@company.com,9200449031,Other,1995-10-19,30, Operations,Operations Executive,Contract,2025-08-31 00:00:00,Gurugram,Diploma,14.9,1121417,56070.85,Good,Rahul Rao,Inactive,Divorced,3,3,11.0,
50231,Kiran Patel,kiran.patel32@company.com,9608813411,female,2004-10-22,20,Finance,hr executive,Part Time,2025-02-24 00:00:00,Delhi,Bachelor's,16.5,1618532,0.0,Excellent,Sneha Patel,Resigned,Married,16,4,11.0,
50113,Pooja Rao,pooja.rao40@company.com,9988476712,,1972-10-04,25,IT,HR Executive,Part Time,2024-10-30 00:00:00,Pune,Bachelor's,15.9,575170,86275.5,Good,vIKRAM sINGH,INACTIVE,Divorced,-2,5,21.0,
50849,Sanjay Sharma,sanjay.sharma31@company.com,9765986960,Male,1969-01-09,50,Customer Support,Financial Analyst,Part Time,2023-11-05 00:00:00,Kolkata,PhD,15.6,1306649,261329.8,Excellent,Sneha Patel,Inactive,Divorced,17,1,5.0,
50778,Rohit Das,rohit.das96@company.com,9219207682, Female ,1982-02-08,42,Operations,Data Analyst,Part Time,2022-02-04 00:00:00,Noida,Bachelor's,10.0,1981022,0.0,Excellent,Anil Kumar,Inactive,Single,10,3,20.0,Needs training
50967,Arjun Rao,arjun.rao77@company.com,+91-9770536744,Female,1976-03-10,35 years,Human Resources,fINANCIAL aNALYST,,2022-11-29 00:00:00,Kolkata,Diploma,0.6,899199,179839.8,Excellent,Meera Nair,On Leave,Divorced,31,3,2.0,Fast learner
50154, Rohit Verma,rohit.verma52@company.com,9391938936,Other,1969-08-14,65,Marketing,Sales Executive,Part Time,2022-10-24 00:00:00,CHENNAI,Bachelor's,8.5,1452146,0.0,Good,Priya Sharma,Active, Divorced ,21,4,40.0,
50488,Ananya Gowda,ananya.gowda96@company.com,9669843954,Male,2008-09-30,,Marketing,Operations Executive,Full Time,2024-11-26 00:00:00,Gurugram,Master's,10.8,1118746,223749.2,Average,Priya Sharma,Resigned, Single ,15,3,21.0,
50123,Isha Nair,isha.nair20@company.com,9536905545,Male,1985-01-21,41,Marketing,Business Analyst,Contract,2023-01-09 00:00:00,Gurugram,Master's,,1626226,81311.3,Excellent,sneha patel,Resigned  ,Single,6,2,5.0,
50814,Amit Rao,amit.rao27@company.com,9935883347,Other,2006-10-22,54,Procurement,Operations Executive,Part Time,2024-09-18 00:00:00,Bengaluru, Bachelor's ,-2,1793183,358636.6,Needs Improvement,Sneha Patel,Inactive,Divorced,19,3,27.0,Needs training
50965,Rahul Nair,rahul.nair96@company.com,9967586004,Male,1997-09-15,45,Customer Support,Financial Analyst,Contract,2019-09-13 00:00:00,Chennai,BACHELOR'S,6.2,805435,64434.8,Needs Improvement  ,Rahul Rao,On Leave,Divorced,8,2,21.0,Needs training
50613,aNANYA rEDDY,ananya.reddy80@company.com,9106388483,F,1998-07-02,39,Marketing,SOFTWARE ENGINEER,Full Time,2020-10-07 00:00:00,gURUGRAM,Bachelor's,16.6,565902,84885.3,Excellent,Rahul Rao,On Leave,Divorced,16,1,3.0,
50681,Ananya Reddy, ananya.reddy98@company.com ,9613184397,Male,2002-07-24,54,IT,Operations Executive,full-time,2026-02-27 00:00:00,Pune,Diploma,4.4,1441696,"₹72,084", Needs Improvement ,Sneha Patel,Resigned,Single,31,4,10.0,
50096, ,meera.kumar63@company.com,9415795282,mALE,1992-08-16,39,Customer Support,Software Engineer,,2021-01-11 00:00:00,MYSURU,Master's,8.5,357490,35749.0,Needs Improvement,pRIYA sHARMA,On Leave,Married,9,4,2.0,
50955,Shreya Mehta,shreya.mehta88@company.com,12345,Male,2004-08-04,60,Sales,Support Specialist,Intern,2023-10-13 00:00:00,Hyderabad,Master's,12.8,826024,66081.92,Excellent,mEERA nAIR,Inactive,Married,22,3,,Good performer
50815,Rohit Patel,rohit.patel98@company.com,9990428241,Other,1977-07-10,37,Sales,Account Executive,Full Time,2021-07-30 00:00:00,Mysuru,Master's,16.6,858127,0.0,Excellent,rahul rao,On Leave,Married,32,1,,
50679,Arjun Kumar,arjun.kumar99@company.com,9701761298,Male,1990-09-08,54,Customer Support,Operations Executive,Full Time,2024-05-21 00:00:00,Kolkata,PhD,17.7,1459346,116747.68,average,Sneha Patel,Resigned,dIVORCED,28,2,2.0,
50145,Rahul Joshi,rahul.joshi67@company.com,9933863511,Male,1979-10-27,35,Sales  ,Account Executive,Part Time,2024-06-23 00:00:00,Mysuru,Diploma,10 ,352797,-5000,Average,Vikram Singh,Active,SINGLE,6,5,0.0,
50385,Divya Nair,divya.nair41@company.com,9980014810,Male,2002-10-16,53,operations,HR Executive,Full Time,2022-10-14 00:00:00,Noida,Diploma,17.3,774457,154891.4,Needs  Improvement,Vikram Singh,Active,Married,22,2,35.0,
50671,Manish Mehta,manish.mehta34@company.com,9564547722,Female,1987-07-03,49,HR,Marketing Analyst,Intern,2022-08-06 00:00:00,Mumbai,Bachelor's,15.4,889522,0.0,average,Meera Nair,Resigned,Divorced,20,3,0.0,Fast learner
50347,Kiran Verma,kiran.verma9@company.com,9776121909,Other,1968-06-08,58,HR,Data Analyst,Contract,2020-03-14 00:00:00,Kolkata,Bachelor's,1.3,1039498,155924.7,Good,Priya Sharma,Inactive,Married,27,4,10.0,
50332,Arjun Gowda,,9767109106,Female,2008-05-14,52,Procurement,Software  Engineer,full time,2024-09-15 00:00:00,Noida,,2.5,1660721,332144.2,Excellent,Rahul Rao,rESIGNED, Single,2,4,33.0,Needs training
50707,vIVEK kUMAR,vivek.kumar69@company.com,9513417424,Male,1973-08-04,53,Procurement,HR Executive,Full Time,2022-02-19 00:00:00,Chennai,PhD,10.3,1414615,0.0,AVG,Rahul Rao,Resigned,Single,33,5,42.0,Fast learner
50667,Amit Reddy,AMIT.REDDY69@COMPANY.COM,9339225691,Female,1967-03-30,37,Sales,Financial Analyst  ,Intern,2025-11-26 00:00:00,Mysuru,Diploma,6.0,590761,118152.2,Needs Improvement,Sneha Patel,On Leave,Married,35,5,5.0,
50637,Akash Nair,akash.nair49@company.com,9216886182,Female,1968-10-14,48,Customer Support,Software Engineer,Part Time,2023-06-06 00:00:00, Noida,Bachelor degree,17.7,,161962.24,Good,Priya Sharma,Active,Single,0,5,40.0,
51181,Kavya Mehta,kavya.mehta68@company.com,9612982724, FEMALE ,1982-08-17,35 years,HR,Data Analyst,Part Time,2020-03-28 00:00:00,Kolkata,Diploma,15.5,1684461,168446.1,poor,Rahul Rao,Resigned,Single,25,3,30.0,Fast learner
50248,Rohit Kumar,,9996566696, Male ,1980-07-14,34,Finance,Marketing Analyst,Full Time,2023-05-20 00:00:00,Pune,Master's,8.8,1238405,123840.5,Average,Priya Sharma,On Leave, Divorced,28,6,45.0,Needs training
51100,Meera Rao,meera.rao25@company.com,9179479340,,2005-06-20,24,Marketing,Marketing Analyst,Full Time,2020-07-18 00:00:00,Pune,PhD,2.2,1219803,97584.24,Average,Sneha Patel,active,divorced,18,2,19.0,Good performer
51176,mEERA dAS,meera.das55@company.com,9431881165,Female,1969-08-29,18, Procurement ,Financial Analyst,Full Time,2019-01-22 00:00:00,Noida,mASTER'S,0.9,1682755,₹0,NEEDS IMPROVEMENT,Rahul Rao,On Leave,Married,22,2,10.0,Good performer
50423,Nikhil Nair,nikhil.nair62@company.com,9826491211,Other,1991-10-04,57,Sales,Sales Executive,Full Time,,Chennai,Diploma,17.9,2055965,308394.75,Excellent,Priya Sharma,aCTIVE,Single,24,1,30.0,Needs training
51101,meera mehta,meera.mehta85@company.com,9999756728,Other,2006-01-09,25,Marketing,Marketing Analyst,Part Time,2022-02-03 00:00:00,Noida,Diploma,0.9,1741112,0.0,Needs Improvement,Sneha Patel,Active,Married,28,3,16.0,
50196,Arjun Reddy,arjun.reddy77@company.com,9341559736,Male,1982-05-20,35 years,IT,Software Engineer,Contract,2021-11-03 00:00:00,Kolkata,Master's,0.1,2153955,215395.5,Good,Priya Sharma,Resigned,Married,20,5,150,
50994,Neha Patel,neha.patel92@company.com,9458642547,Male,1966-12-14,56,Marketing,Software Engineer,Intern,2024-09-09 00:00:00,Kolkata,Master's,16.3,1569700,313940.0,Needs Improvement  ,aNIL kUMAR,Inactive,MARRIED,33,3,3.0,
51015,Meera Joshi,meera.joshi11@company.com,9882083176,Female,2001-12-23,32,Customer Support, Software Engineer ,Intern,2023-06-15 00:00:00,Delhi,Bachelor's,9.4,1510765,151076.5,Average,Priya Sharma,Resigned,Married,18,1,28.0,Needs training
50779,Arjun Reddy,arjun.reddy56@company.com,9130493687,Female,1992-02-06,43,Customer Support,Sales Executive,,2023-10-03 00:00:00,Noida,Master's,17.6,"₹703,426",105513.9,Average,Priya Sharma,Resigned,Divorced,17,4,31.0,Good performer
50179,Sanjay Nair,,98765ABCDE,Other,1979-07-20,34,IT, Financial Analyst,Contract,2019-01-13 00:00:00,Hyderabad,Bachelor's,5 years,899522,44976.1,Excellent,Anil Kumar,ON LEAVE,Divorced,6,2,37.0,Needs training
50372,Rohit Rao,rohit.rao75@company.com,9573113789, MALE ,1991-03-03,46,IT,HR Executive,Full Time,2020-09-02 00:00:00, Kolkata ,Diploma,16.6,1098189,164728.35,Good,Vikram Singh,Active,single,18,4,8.0,
50835,Meera Joshi,meera.joshi76@company.com,9360052095,Male,1997-06-10,34,Marketing,marketing analyst,Part Time,2019-11-18 00:00:00,Mumbai, Master's ,4.0,2057952,205795.2, Needs Improvement ,Anil Kumar,Resigned,divorced,,3,27.0,Needs training
50143,Vivek Nair,vivek.nair90@company.com,9448151541,Male,1970-06-16,21,Operations,Software Engineer,Part Time,2025-11-09 00:00:00,Mumbai,Bachelor's,45,2018270,0.0,Needs Improvement,Vikram Singh,Resigned,Divorced,8,five,40.0,
50336,Akash Patel  ,akash.patel37@company.com,9759613701,Male,1999-09-18,28,Procurement,Financial Analyst,Full Time,2026-03-03 00:00:00,Chennai,Master's,0.8,697978,-5000,average,Anil Kumar,On Leave,Single,29,2,,Good performer
50840,Sneha Sharma,sneha.sharma24@company.com,9893031729,Male,1968-08-04,18,Finance,Software Engineer,Contract,2023-11-06 00:00:00,Delhi,PhD,3.3,822824,82282.4,Average,Meera Nair,Resigned,Divorced,20,2,15.0,Fast learner
50234, Meera Mehta,meera.mehta88@company.com,9818700074,Male,1967-10-29,64,marketing,Business Analyst,Contract,2023-07-10 00:00:00,Gurugram,PhD,9.6,1643862,,Excellent,Rahul Rao,On Leave,Divorced,26,1,22.0,Fast learner
50062,Amit Patel, amit.patel10@company.com ,9485912833,Female,1973-09-03,150,Sales,Software Engineer,Full Time,2024-03-25 00:00:00,Chennai,Master's,3.5,1049776,83982.08,Excellent,Rahul Rao,Active,Divorced,4,2,29.0,
50206,Rahul Reddy,rahul.reddy41@company.com,9114198849,Male,2000-01-17,49,Marketing,Data Analyst,Part time,2019-04-08 00:00:00,Noida,PhD,,1583173,316634.6,Excellent,Anil Kumar,On Leave,Married,19,2,21.0,Needs training
50853,Shreya Nair,shreya.nair70@company.com,9366220868,OTHER,1973-10-29,28,Sales,Business Analyst,Contract,2022-03-10 00:00:00,Kolkata,Bachelor's,2.1,2164130,324619.5,Average,Sneha Patel,Active,Divorced,26,3,32.0,Good performer
50037,Nikhil Joshi,nikhil.joshi90@company.com,98194 29878,Other,1993-05-25,38,IT,Marketing Analyst,,2025-08-26 00:00:00,Noida,Diploma,9.8,341156,51173.4,Excellent,Rahul Rao,On Leave,Single,5,5,2.0,
50205,Rohit Gowda,rohit.gowda86@company.com,12345,Male,2003-03-07,37,Sales,Account Executive,Contract,2021-12-11 00:00:00,Chennai,Bachelor's,12.7,281080,56216.0,Needs  Improvement,rahul rao,Active,Single,12,5,31.0,
50974,Shreya Sharma, shreya.sharma57@company.com,9451075699,Female,1983-12-25,58,fINANCE,Financial Analyst,Full Time,2025-02-20 00:00:00,Bengaluru,Master's,2.7,1738539,0.0,Average, Rahul Rao,Active,Divorced,19,5,-5,
50984, Priya Sharma, priya.sharma4@company.com ,9501291672,Male,1972-04-11,58,hr,Marketing Analyst,Full Time,2026-08-29 00:00:00,Kolkata,Diploma,4.6,800023,40001.15,good,Sneha Patel,Inactive,Single,22,,42.0,
50644,dIVYA sHARMA,divya.sharma67@company.com,9856606255,Other,1989-02-10,53,it,Support Specialist, Intern,2019-04-21 00:00:00,Mumbai,Master's,5 years,1723413,0.0,Excellent,Meera Nair,resigned,Single,12,5,25.0,Needs training
50033,Pooja Das, pooja.das70@company.com,9131148876,Female,1992-12-08,32,Operations,Business Analyst,Full Time,2024-06-28 00:00:00,Noida,PhD,2.8,,172272.0,Good,Meera Nair,Active,Married,0,1,6.0,Needs training
50098,Shreya Patel,,996-146-8388,Male,2008-08-06,22,Operations,,Full Time,2019-01-04 00:00:00,Chennai,Bachelor's,10.0,473816,23690.8,Needs Improvement,Vikram Singh  ,Active,Divorced,21,5,26.0,Good performer
50465,Divya Nair, divya.nair92@company.com ,9313332917,Male,2001-04-09,35,Finance,Business Analyst,Intern,2024-08-11 00:00:00,Kolkata,PhD  ,9.1,662274,132454.8,Average,,Inactive,single,24,2,7.0,
50896,Priya Joshi,priya.joshi16@company.com,9349325556, Male,1975-08-06,56,Operations,Software  Engineer,Intern,2019-01-14 00:00:00,GURUGRAM,PhD,2.9,271904,40785.6,Excellent,Priya Sharma, ,Married,26,2,32.0,Good performer
50421,Nikhil Mehta,nikhil.mehta22@company.com,9823856166, Female,1969-11-29,23,Procurement,Data Analyst,Intern,2022-10-15 00:00:00,chennai,MASTER'S,10.9,1641849,328369.8,Average,Vikram Singh,Active,married,21,0,36.0,Needs training
50025,Pooja Rao,pooja.rao35@company.com,9577223641,Female,1979-10-04,27, IT,HR Executive,Contract,2020-04-27 00:00:00,Delhi,Bachelor's,4.8,911161,136674.15,needs improvement,Meera Nair,Resigned,Married,1,5,45.0,Needs training
50493,Ananya Das,ananya.das96@company.com,9880297897,Other,1973-03-11,43,Customer Support,Marketing Analyst,FULL TIME,2020-09-15 00:00:00,Hyderabad,Diploma,13.7,"537,063",42965.04,Needs Improvement,Anil Kumar,Inactive,Married,13,5,24.0,
50642,Kiran Rao,kiran.rao81@company.com,9181388604,,1976-09-08,19,HR,Sales Executive,Part Time,2021-10-13 00:00:00,Gurugram,Diploma,7.0,545323,54532.3,Needs Improvement,Rahul Rao,Active,Single,9,2,6.0,
51051,Sneha Sharma,sneha.sharma10@company.com,9883846248,fEMALE,1971-05-26,56,Finance,Support Specialist,Intern,2022-01-18 00:00:00,Mysuru,Master's,1.1,1775665,355133.0,Needs Improvement,Anil Kumar,Inactive,Married,24,2,25.0,
51088,Nikhil Das,nikhil.das37@company.com,9959074865,Male,1969-11-09,35,Procurement, Sales Executive,Full Time,2019-04-17 00:00:00,Chennai,,15.7,1168817,93505.36,Good,Priya Sharma,Active,Divorced,10,1,14.0,
50410,Kavya Rao,kavya.rao97@company.com,9753813781,Female,1975-02-17,65,Operations,Support Specialist,Full Time,2024-10-08 00:00:00,Pune,PhD,2.3,1877817,,Average,Anil Kumar,On Leave,Divorced,33,4,45.0,Needs training
50983,Priya Nair,priya.nair74@company.com,9584748205,Female,1988-08-03,35 years,fINANCE,sALES eXECUTIVE,Full Time,2022-01-21 00:00:00,Bengaluru,Bachelor's,2.4,1615172,129213.76,GOOD,Sneha Patel,Active,Married,13,3,17.0,Good performer
50879,Sanjay Patel,sanjay.patel11@company.com,9769633438,Female,1989-05-24,54,Customer Support,Business Analyst,Full Time,2023-08-17 00:00:00,Chennai,Diploma,6.3,"₹1,756,498",87824.9,Excellent,Anil Kumar,Resigned,Single,29,1,37.0,
50834,Isha Rao,isha.rao63@company.com,9421039980,Female,1985-11-26,24,Marketing,hr eXECUTIVE,Full Time,2019-08-20 00:00:00,Hyderabad,Diploma,5.1,916477,0.0,good,vIKRAM sINGH,Inactive,Married,26,1,23.0,
51033,Akash Reddy,akash.reddy60@company.com,992-321-2226,Other,1974-03-08,54,PROCUREMENT,Data Analyst,Part Time,2022-12-12 00:00:00,Noida,PhD,10.2,882119,88211.9,Average,Meera Nair  ,On Leave,MARRIED,25,2,5.0,Good performer
50022,Amit Kumar,amit.kumar21@company.com,9130513669,Male,1979-02-12,50,Sales,Software Engineer,full time,2025-01-17 00:00:00,pune,Diploma,3.9,543553,27177.65,GOOD,Priya Sharma, ,Married,31,1,4.0,
50653,Nikhil Kumar,nikhil.kumar86@company.com,9584997690,Female,1974-06-27,39,Customer Support,Business Analyst, Contract,2019-04-03 00:00:00,Noida,PhD,7.3,938756,75100.48,Good,Sneha Patel,on leave,Married,20,,11.0,
50810,Nikhil Kumar,nikhil.kumar23@company.com,9423285067,Male,1982-09-14,55,Information Technology,Data Analyst,fULL tIME,2020-02-17 00:00:00,Hyderabad,master,4.9,932227,46611.35,Average,Sneha  Patel,Inactive,Married  ,19,5,18.0,Good performer
51041,Rahul Kumar,RAHUL.KUMAR69@COMPANY.COM,9336885917,oTHER,1990-11-16,30,Procurement,Sales Executive,Intern,2019-09-21 00:00:00,Hyderabad,PhD,7.9,1249992,187498.8,Average,Vikram Singh,Active,Divorced,twenty,4,5.0,Fast learner
50887,Vivek Sharma,vivek.sharma56@company.com,9621843691,Other  ,1968-07-11,50,HR,Data Analyst,Full Time,2026-02-12 00:00:00, Noida,PhD,0.7,1855924,371184.8,AVG,Anil Kumar,Active,divorce,32,4,19.0,Needs training
50164,Manish Reddy,manish.reddy91@company.com,9667046110,Male,1971-08-21,61,Marketing,Financial Analyst,Full Time,2023-05-18 00:00:00,Kolkata,dIPLOMA,1.3,2005812,200581.2,good,Anil Kumar,Active,Single,20,2,17.0,
50346,Arjun Joshi,arjun.joshi52@company.com,9585482321,Other,1977-09-26,22,Sales,HR Executive, Contract,2022-12-22 00:00:00,Gurugram,Diploma  ,15.7,1959564,195956.4,Good,Meera Nair,Active,Married,17,4,150,Fast learner
50929,Sneha Das,sneha.das91@company.com,+91 9838674227,Female,1983-11-11,23,Information Technology,Data Analyst,Intern,2022-08-21 00:00:00,Hyderabad,Master's,15.5,1228234,0.0,Needs Improvement,Priya Sharma,inactive,Divorced,0,5,9.0,
50799,Akash Das,akash.das3@company.com,9449281287,Other,1974-02-03,36,Procurement,Sales Executive,Full Time,2019-05-08 00:00:00,Kolkata,Master's,7.7,2102062,420412.4,Needs Improvement,,Inactive,Single,14,5,28.0,
50155,Priya Singh,priya.singh31@company.com,9408464592,Female,2003-07-23,36,Customer Support,Financial Analyst,Intern,2023-04-01 00:00:00,Gurugram,Diploma,13.1,,409326.0,Needs Improvement,Priya Sharma,Active,Single,3,3,6.0,
50162, Manish Nair,manish.nair17@company.com,9335922736,Other,1976-12-22,64,customer support,Marketing Analyst,Intern,2026-02-27 00:00:00,Delhi,Diploma,9.4,541910,54191.0,Needs Improvement,Rahul Rao,On Leave,Single,29,1,13.0,Needs training
50954, , isha.joshi39@company.com ,9211160165,Male,1987-10-19,46,HR,Operations Executive,Contract,2023-02-14 00:00:00,Hyderabad,Diploma,unknown,1882822,376564.4,Good,Vikram Singh,On Leave,Single,29,3,20.0,Needs training
50978,Kavya Kumar,kavya.kumar9@company.com,9631922023,Other,1965-03-28,19,Customer Support,HR Executive,contractual,2024-09-30 00:00:00,Hyderabad  ,PHD,4.4,2143557,107177.85,Excellent,Anil Kumar,on leave,Divorced,24,3,39.0,Needs training
50860,Sneha Patel,sneha.patel76@company.com,9982567722,Female,1999-04-29,58,Sales, Business Analyst ,Full Time,2026-04-23 00:00:00,Gurugram,Bachelor's,2.5,1397697,209654.55,Excellent,Vikram Singh,On Leave,Divorced,15,5,17.0,
50127,Rohit Patel,rohit.patel7@company.com,9442439034,Female,1986-05-16,0,IT,Account Executive,Full Time,2025-01-02 00:00:00,Pune,Master's,,625514,62551.4,Needs Improvement,,Resigned, Divorced ,18,3,44.0,
50443,Sneha Patel,sneha.patel99 @company.com,9556181896,Other,2008-04-14,,HR,Financial Analyst,Part Time,2025-11-08 00:00:00,Bengaluru,Master's  ,4.7,1007170,50358.5,Average,Vikram Singh,Resigned,Married,20,4,36.0,
50936, ,isha.rao46@company.com,9691082482,Male,1968-01-12,47,HR,Marketing Analyst,Full Time,2025-10-12 00:00:00,Pune,PhD,10.4,682702,102405.3,Average,Vikram Singh,Resigned,Divorced,10,3,12.0,
50798,Manish Singh,manish.singh48@company.com,9433831819,Other,1977-04-11,36,Finance,Software Engineer,Part Time,2019-09-28 00:00:00,Delhi,PhD,5 years,2092547,167403.76,Average,Rahul Rao,Inactive,Married,2,1,1.0,
50477,Isha Joshi,isha.joshi75@company.com,9865535102,Other,2004-02-16,60,Marketing,Business Analyst,Part Time,2026-02-05 00:00:00,Bengaluru,PhD,80,1276680,102134.4, Average ,Sneha Patel,Inactive,Married,21,3,1.0,Good performer
50738,Sanjay Patel,sanjay.patel53@company.com  ,999-264-7192,Other,1988-08-03,45,Operations,Account Executive,Contract,2025-08-14 00:00:00,Gurugram,diploma,14.9,2011891,0.0,GOOD,Anil Kumar,Inactive,Single,27,3,4.0,
50131,Sneha Verma,sneha.verma95@company.com,9688705011,Male,1978-12-10,49,Finance,oPERATIONS eXECUTIVE,Contract,2026-03-26 00:00:00,Pune,Bachelor's,5.5,2017730,302659.5,Needs Improvement,Rahul Rao,On Leave,Single,9,3,10.0,Good performer
50594,Divya Rao,divya.rao83@company.com,9258198578,,1983-04-13,20,operations,Sales Executive,full-time,2022-06-10 00:00:00,Chennai,PhD,8.8,1029218,51460.9,Excellent,Meera Nair,On Leave,Divorced,32,3,26.0,
50592,Sneha Reddy,sneha.reddy17@company.com,9984426932,,1988-05-03,64,,Business Analyst,full-time,2025-08-12 00:00:00,DELHI,Bachelor's,0.9,1967304,-5000,aVERAGE,Vikram Singh, ,Divorced,twenty,6,44.0,Fast learner
50037,Nikhil Joshi,nikhil.joshi90@company.com,98194 29878,Other,1993-05-25,38,IT,Marketing Analyst,,2025-08-26 00:00:00,Noida,Diploma,9.8,341156,51173.4,Excellent,Rahul Rao,On Leave,Single,5,5,2.0,
50713,Kavya Mehta,kavya.mehta87@company.com,9808228575,Other,2000-09-10,24,Finance,Data Analyst,Full Time,2019-04-04 00:00:00,Mysuru,PhD,1.2,,105302.8,Excellent,Sneha Patel,On Leave,Divorced,15,5,35.0,
50691,Kiran Sharma,invalid-email,9836452845,Other,1982-01-11,65,Sales,Financial Analyst,Full Time,2019-01-03 00:00:00,Mumbai,Diploma,5 years,2053607,102680.35,Average,Rahul Rao,Inactive,Divorced,6,2,40.0,
50156,Sneha Nair,,9107065455,Female,1985-08-31,63,Finance,Operations Executive,,2023-03-30 00:00:00,Mumbai,PHD,1.0, 1954251 ,97712.55,Needs Improvement,Vikram Singh, Resigned ,Married,12,5,25.0,Needs training
50246,Priya Patel,priya.patel2@company.com,9492874456,Male,1983-08-01,23,sales,Operations Executive,Contract,2026-02-20 00:00:00,Mysuru,Master's,6.0,"850,430",0.0,Average,,Inactive,Married,8,3,25.0,Needs training
50079,Kavya Joshi,kavya.joshi79@company.com,9951112968,Male,1966-02-12,18,Finance,Data Analyst,Part Time,2026-05-23 00:00:00,DELHI, bachelor's,13.4,2040729,102036.45,Needs Improvement,Priya Sharma,Inactive,Married,1,5,40.0,
50843, Neha Singh ,neha.singh25@company.com,9658545878,Male,2003-03-28,26,OPERATIONS,Financial Analyst,Fulltime,2021-05-05 00:00:00,Hyderabad,PhD,unknown,1292968,0.0,Excellent,Rahul Rao,Active,Divorced,32,4,18.0,Good performer
50216,Amit Gowda,amit.gowda71@company.com,9864853781,Female  ,1976-04-04,29,Finance,Business Analyst,Contract,2019-03-07 00:00:00,Noida,Master's  ,3.7,1172473,117247.3,Good,Priya  Sharma,leave,Single,4,5,25.0,Good performer
50375,Rohit Nair,rohit.nair65@company.com,9606514426,Other,2003-09-15,27,Sales,Software Engineer,Full Time,2023-06-05 00:00:00,Noida,PhD,0.8,10000000,148691.85,Needs Improvement,Sneha Patel,Inactive,Married,29,2,30.0,
50403,Rahul Rao,rahul.rao84@company.com,9987127381,Female,1986-11-08,32,Finance,Sales Executive, Intern,2021-09-28 00:00:00,Pune,Diploma,13.4,568345,113669.0,Good,SNEHA PATEL,Active,MARRIED,27,2,26.0,
50197,Priya Kumar,priya.kumar21@company.com,9463893783,Other,1992-06-26,30,Operations,Marketing Analyst,Contract,2021-07-07 00:00:00,,Diploma,16.0,1979344,395868.8,Good, Vikram Singh, Resigned ,married,24,3,10.0,
50389, ,ananya.gowda96@company.com,9168058097,Female,2007-08-25,35,Finance  ,HR Executive,Contract,2019-06-05 00:00:00,Kolkata,Master's,15.0,603226,120645.2,Good,Anil Kumar,Resigned,Married,35,5,19.0,
50178,Neha Nair,neha.nair34@company.com,9206741674,Female,1972-11-18,38,IT,bUSINESS aNALYST,Intern,2020-01-17 00:00:00,Bengaluru,Bachelor's,11.7,1289662,257932.4,Good,Meera Nair,RESIGN,Divorced,10,2,11.0,Needs training
50378,Rohit Patel,rohit.patel40@company.com,9406148252,Female,2001-10-08,21,Sale,Operations Executive,Full Time,2021-06-17 00:00:00,Chennai,Bachelor's,18.0,410620,82124.0,Good,Anil Kumar,Active,Single,5,1,11.0,
50986,Isha Joshi,isha.joshi17@company.com,9260879660,Other,1969-01-07,51,Finance,Account Executive,Part Time,2026-07-26 00:00:00,Delhi,PhD,2.9,1384577,207686.55,Excellent,Anil Kumar,On Leave,Married,0,3,21.0,Fast learner
50544,Akash Singh,akash.singh85@company.com,9986837203,Male,1977-02-27,46,IT,Data Analyst,Full Time,2022-12-28 00:00:00,Kolkata,BACHELOR'S,11.6,760954,152190.8,Good,Anil Kumar,On Leave,Married,35,3,40.0,Needs training
50060,Nikhil Sharma,nikhil.sharma72@company.com,9890015328,Male,1971-02-22,36,Customer Support,Software Engineer,Intern,2023-12-11 00:00:00,HYDERABAD,Bachelor's,7.5,1988949,99447.45,Average,Meera Nair,INACTIVE,Divorced,25,1,4.0,
50979,POOJA REDDY,pooja.reddy53@company.com,9862045028,Male,1987-08-26,27,Procurement,Business Analyst,Contract,2026-06-25 00:00:00,Hyderabad,Master's,17.3,2059643,205964.3,good,Meera Nair,On Leave,Divorced,1,4,4.0,Good performer
50561,Akash Das,akash.das60@company.com,9378086442,fEMALE,1978-01-07,57,HR,Data Analyst,Contract,2020-02-27 00:00:00,Delhi,Bachelor degree,,1079013,161851.95,Excellent,Rahul Rao,Active,Single,25,1,9.0,
50413,Neha Verma,neha.verma26@company.com,9728701228,Other,2007-09-18,25,Sales,Operations Executive,Contract,2026-07-29 00:00:00,Hyderabad,Bachelor's,4.1,1959844,97992.2,Good,Vikram Singh, Resigned,Single,16,5,12.0,
50534, Sanjay Singh ,sanjay.singh27@company.com,12345,Other,1971-09-28,65,Operations  ,support specialist,Intern,2020-08-08 00:00:00,Delhi,Bachelor's,60,1120599,0.0,Excellent,Priya Sharma,Resigned,Divorced,13,1,12.0,Fast learner
50848,Kavya Verma,kavya.verma2@company.com,9655711954,Male,1985-07-09,24,IT,Business Analyst,Intern,2021-06-03 00:00:00,Gurugram,Diploma,5.4,2083210,208321.0,Excellent, Meera Nair,Inactive,Single,25,1,29.0,
50401, Neha Reddy,neha.reddy51@company.com,9405219625,Female,2006-09-06,18,It,HR Executive,Part Time,2020-06-06 00:00:00,Gurugram,PhD,7.2,1214636,182195.4,Average,Vikram Singh,ACTIVE,divorced,15,5,150,Good performer
50162,Manish Nair,manish.nair17@company.com,9335922736,Other,1976-12-22,64,Customer Support,Marketing Analyst,Intern,2026-02-27 00:00:00,Delhi,Diploma,9.4,541910,54191.0,Needs Improvement,Rahul Rao,On Leave,Single,29,1,13.0,Needs training
50226,Amit Gowda,amit.gowda61@company.com,9237193182,Other,1984-12-04,50,IT,Financial Analyst,Full Time,2024-06-03 00:00:00,Kolkata  ,Master's,0.7,1782574,89128.7,Average,Rahul Rao,active,Married,6,1,7.0,Good performer
50625,Pooja Joshi,pooja.joshi92@company.com,9586871368,Female,1970-01-03,26,Operations,HR Executive,Full Time,2021-12-04 00:00:00,noida,PhD,13.4,1654605,0.0,EXCELLENT,Meera Nair, ,Married,24,1,40.0,
51079,Nikhil Reddy,nikhil.reddy57@company.com,9619701923,Male,1989-02-01,23,Marketing,Data Analyst,Full Time,2024-05-25 00:00:00,Chennai,Master's,1.6,416982,83396.4,Average,Rahul Rao,On Leave,Single,22,,3.0,
50950,Manish Singh,manish.singh88@company.com,9604102396,male,2000-01-23,63,Sales,Operations Executive,Contract,2023-07-12 00:00:00,Mumbai,Master's,13.6,639066,0.0,Needs Improvement,Priya Sharma,On Leave,Single,33,3,13.0,
50462,Pooja Nair,pooja.nair57@company.com,9427716107,Male,1969-02-09,unknown,Marketing,Financial Analyst,Part Time,2023-07-24 00:00:00,Gurugram,Bachelor's,11.7,10000000,,Excellent,Anil Kumar,Active,Divorced,13,3,23.0,Fast learner
50099,Amit Patel,amit.patel91@company.com,9993055332,Female,1967-10-18,63,,Data Analyst, Contract ,2020-04-14 00:00:00,Kolkata,Bachelor's,6.6,1446977,115758.16,Needs Improvement,Rahul Rao,Inactive,Divorced,8,1,3.0,Fast learner
50946,Priya Mehta,priya.mehta66@company.com,9866716622,male,2002-09-02,41,Customer Support,HR Executive,Part Time,2024-09-12 00:00:00,Chennai,Master's,9.5,1878292,"₹93,914",Good,Anil Kumar,Active,Married,16,3,30.0,
50984,Priya Sharma, priya.sharma4@company.com ,9501291672,Male,1972-04-11,58,HR,Marketing Analyst,Full Time,2026-08-29 00:00:00,Kolkata,Diploma,4.6,800023,40001.15,good,Sneha Patel,Inactive,Single,22,,42.0,
50852,Rahul Reddy,rahul.reddy23@company.com,9189876983,Female,2001-04-04,41,HR,Account Executive,Intern,2024-10-08 00:00:00,,Master's,8.6,255162,51032.4,Good,Anil  Kumar,on leave,Single,28,5,22.0,Good performer
50181,Priya Patel,priya.patel19@company.com,+91 9250253842,Male,1972-11-03,50,IT,Account Executive,Full Time,2021-01-03 00:00:00,Noida,Master's,0.3,"1,293,172",129317.2,Average,priya sharma,Inactive,Divorced,2,2,21.0,
50716, Arjun Kumar,arjun.kumar84@company.com,9814906332,Other,1995-09-01,38,sales, Support Specialist ,Full Time,2019-11-21 00:00:00,Hyderabad,mASTER'S,17.2,862499,86249.9,Excellent,Rahul Rao,On Leave,Single,32,,35.0,
50797,Neha Verma,neha.verma89@company.com,9300755328,Other,1971-05-31,32,Sales,Operations Executive,Intern,2022-05-30 00:00:00,Chennai,Bachelor's,14.0,2089772,167181.76,needs improvement,Meera Nair,Inactive,Married,35,3,40.0,Fast learner
50747,Ananya Nair,ananya..nair5@company..com,9609896616,Female,1998-06-04,50,Operations,Operations Executive,Intern,2025-01-18 00:00:00,Kolkata,Bachelor's,16.5,569841,85476.15,Needs Improvement,Sneha Patel,inactive,Divorced,10,3,17.0,Needs training
51047,Priya Gowda,priya.gowda57@company.com,9899418690,Female,1978-12-24,37,Customer Support,Marketing Analyst,full-time,2023-01-02 00:00:00,Kolkata,Master's,3.8,1784948,0.0,Excellent,Rahul Rao  ,On Leave,Divorced,18,4,25.0,
50597,Shreya Das,shreya.das16@company.com,9491194244,,1979-05-06,38,Operations,Business Analyst,Full Time,2023-03-02 00:00:00,Hyderabad,Bachelor's,0.4,1445222,0.0,Average,Vikram Singh,Resigned,Single,7,1,24.0,Fast learner
50822,Neha Kumar,neha.kumar71@company.com,9359181874,Female,1970-07-04,27,Sale,Operations Executive,Contract,2025-05-25 00:00:00,,Diploma,15.1,1010679,,Average,Vikram Singh,On Leave,Divorced,27,4,3.0,
50054,Pooja Patel,POOJA.PATEL58@COMPANY.COM,9610644042,Female,1984-10-26,65,Marketing,Sales Executive,INTERN,2024-08-01 00:00:00,Delhi,Phd,11.5,368643,,Good,Sneha Patel,Active,Married,10,1,9.0,
50267,Rahul Kumar,rahul.kumar6@company.com,9844219160,Male,2003-07-26,44, Finance,Business Analyst,Contract,2023-03-17 00:00:00,Chennai,Master's,8.9,906221,0.0, Average ,Vikram Singh,On Leave,Divorced,8,1,10.0,
50881,Rahul Verma,rahul.verma45@company.com,9738781969,Female,1986-03-13,60,Operations,Support Specialist,Intern,2024-11-17 00:00:00,Bengaluru,PhD,3.9,1922487,96124.35,Good,Anil Kumar,Active  ,Married,11,2,8.0,Fast learner
50328,Divya Kumar,divya.kumar67@company.com,9278851555,Male,1971-10-24,20,Procurement,Financial Analyst,Full Time,2022-11-16 00:00:00,Gurugram,Diploma,11.0,10000000,,Average,Rahul Rao  ,Inactive,SINGLE,25,1,18.0,
50628,Sanjay Nair,sanjay.nair48@company.com,9301889608,Other,1994-09-24,50,HR,Sales Executive,Intern,2019-08-21 00:00:00,Noida,PhD,6.7,"₹2,049,582",163966.56,Average,Rahul Rao,Active,Single,11,1,42.0,Needs training
50256,Kiran Singh,kiran.singh87@company.com,9315822157, FEMALE ,1977-11-01,56,Customer Support,HR Executive,Intern,2023-05-01 00:00:00,Delhi,PhD,12.5,462219,46221.9,Excellent,Anil Kumar,Active,Married,11,5,25.0,Good performer
51040,Sneha Das,invalid-email,9778179035,Male,1973-11-02,57,Customer Support,Software Engineer,Contract,2024-09-15 00:00:00,MYSURU,PhD,unknown,2177122,217712.2,Good,Priya Sharma,Active,Married,12,1,-5,Good performer
50088,Nikhil Nair,invalid-email,9601470731,Male,1966-10-10,32,HR,OPERATIONS EXECUTIVE,Full Time,2022-02-04 00:00:00,Pune,Diploma,0.4,1980836,297125.4,Needs Improvement,Rahul Rao,Resigned,Single,26,1,21.0,
50468,ISHA DAS,isha.das81@company.com,9683066717,Male,2007-08-24,21,HR, Account Executive,Intern,2024-03-01 00:00:00,Delhi,Bachelor degree,2.5,873353,131002.95,Good,Rahul Rao, ,Single,23,2,17.0,Fast learner
50323,Neha Singh,neha.singh41@company.com,9456255822,Male,1976-11-12,52,Procurement,Financial Analyst,Intern,2019-04-17 00:00:00,Kolkata,Bachelor's,2.9,2185592,437118.4,Excellent,Vikram Singh,Resigned,Single,5,4,10.0,
51103,Neha Joshi,neha.joshi78@company.com,9199729419,,1984-01-12,19,Marketing,Operations Executive,Contract,2023-06-27 00:00:00,Bengaluru,PHD,7.3,1191241,119124.1,Good,Sneha Patel,On Leave,Single,33,1,39.0,Fast learner
50777,Isha Singh,isha.singh79@company.com,9527609610,Female,1965-09-11,62,Marketing,Sales  Executive,Full Time,2022-05-18 00:00:00,Mysuru,Bachelor's,7.8,2143664,171493.12,Good,Vikram Singh,Inactive,Married,7,1,10.0,Good performer
50635,Sanjay Das,sanjay.das42@company.com,9643025378,Female,1980-11-02,41,IT,Account Executive,internship,2024-02-12 00:00:00,Pune,master,8.3,457516,91503.2,Good,Meera Nair,On Leave,Divorced,7,1,7.0,
50281,Meera Reddy,meera.reddy78@company.com,9544702194,Female,2003-06-23,40,Sales,HR Executive,Contract,2023-03-12 00:00:00,,Diploma,9.4,341165,51174.75,EXCELLENT,Rahul Rao,Inactive,Single,7,3,9.0,Fast learner
51142,Amit Verma,,9322512469,Male,1999-12-27,59,Procurement,Account Executive,Contract,2021-09-28 00:00:00,Mysuru,Bachelor's,15.2,2167474,0.0,Good,Priya Sharma,leave,Married,,2,25.0,
50087,Divya Mehta,divya.mehta22@company.com,9407296730,Female,1965-07-15,51,Operations,Data Analyst,Part Time,2023-01-12 00:00:00,Chennai,Master's,13.6,879474,87947.4,Average,Anil Kumar,Inactive,Divorced,31,3,16.0,
50563,Rohit Singh,rohit.singh81@company.com,9409875539,fEMALE,1987-02-13,36,Procurement,Software Engineer,Contract,2025-07-11 00:00:00,Pune,Master's,11.8,1506751,150675.1,Average,Meera Nair, On Leave,Married,12,1,34.0,Fast learner
50865,Rahul Nair,rahul.nair76@company.com,9276174782,Other,1974-06-07,47,HR,Financial Analyst,Full Time,2021-06-16 00:00:00,Gurugram,PhD,10.0,533683,0.0,Excellent,Sneha Patel,Active,MARRIED,18,2,,
50134,Isha Rao,isha.rao87@company.com,9241117449,Other,1980-03-02,60,IT,Software Engineer,Part Time,2021-12-15 00:00:00,Delhi,Master's,17.7,1441663,115333.04,Excellent,Meera Nair,On Leave,Single,20,1,36.0,
50194,Divya Joshi,divya.joshi86 @company.com,9501057601,Male,1970-02-24,39,HR,Financial Analyst  ,,2022-05-23 00:00:00,Hyderabad,PhD,4.0,1104620,-5000,average,Meera Nair,Resigned,Married,34,3,10.0,Needs training
50894,Arjun Reddy,arjun.reddy38@company.com,9487381336,male,1988-10-21,20,Operations,,Intern,2024-04-16 00:00:00,Mysuru,Bachelor's,15.4,2060831,206083.1,Good,Anil Kumar,Resigned,Married,30,3,2.0,
50767,Kavya Singh,kavya.singh57@company.com,9383610058,Other,1996-04-18,39,Marketing,Marketing Analyst,Full Time,2020-05-29 00:00:00,Gurugram,Bachelor's,10.8, 511302 ,76695.3,Needs Improvement,Sneha Patel,Resigned,Married,20,5,25.0,
50937,Ananya Kumar,ananya.kumar81@company.com,9174747984,Other,2006-03-30,60,Procurement,HR Executive,Contract,2019-07-28 00:00:00,Hyderabad,Master's,8.7,1674209,83710.45,Excellent,Anil Kumar,Active,divorced,10,4,1.0,
50990,Kavya Verma,kavya.verma77@company.com,9227731941,Female,2006-09-16,45,Operations,Operations Executive,part-time,2022-11-13 00:00:00,,Bachelor's,11.6,1184154,0.0,Average,Sneha Patel,Resigned,Divorced,12,4,31.0,Needs training
51114,Manish Das,manish.das79@company.com,9600811300,Female,1986-02-16,37,Marketing,Software Engineer,Contract,2022-01-29 00:00:00,Delhi,Master's,1.3,2125156,,Average,Anil Kumar, ,Divorced,32,3,-5,
51121,Arjun Reddy,arjun.reddy47@company.com,9984271351,Other,1982-09-11,22,Operations,Data Analyst,Full Time,2023-01-16 00:00:00,Noida,Master's,12.7,311729,15586.45,Average,Anil Kumar,resigned,Divorced,12,3,16.0,Fast learner
50490,Isha Gowda,isha.gowda69@company.com,9255361819,Male,1980-05-14,41,IT,Business Analyst,Contract,2024-11-04 00:00:00,Mumbai,Bachelor's,1.2,1876000,375200.0,good,Rahul Rao,Resigned,Divorced,31,2,24.0,
50487,Manish Das,manish.das16@company.com,9160293704,male,1997-03-08,56,Operations,Marketing Analyst,Full Time,2022-08-01 00:00:00,Mumbai,mASTER'S,0.9,"661,488",132297.6,Excellent,Meera Nair,On Leave,divorced,3,3,18.0,
50717,Arjun  Mehta,arjun.mehta77@company.com,9467064595,Female,2007-08-15,50,Finance,Sales Executive,Part Time,2019-07-03 00:00:00,Pune,Bachelor's,17.8,1455214,291042.8,Average,Rahul Rao,Inactive,Single,9,2,1.0,
50555,Vivek Rao,vivek.rao85@company.com,9620680744,Other,1983-08-16,41,Marketing,Support Specialist,Intern,2026-03-28 00:00:00,Bengaluru, Diploma,9.8,2074857,207485.7,Excellent,Priya Sharma,leave,Divorced,4,4,25.0,Fast learner
50387,Neha Das,neha.das14@company.com,9549770687,Male,1970-07-06,23,Procurement,HR Executive,fULL tIME,2024-01-04 00:00:00,Mysuru,Bachelor degree,11.6,1672418,133793.44,Good,Vikram Singh,Inactive,Single,30,3,15.0,Needs training
50904,Kavya Nair,kavya.nair20@company.com,9335568377,Male,1977-05-09,150,CUSTOMER SUPPORT,Software Engineer,Full Time,2024-12-15 00:00:00,Chennai,Diploma,0.6,658790,52703.2,Excellent,Sneha Patel,On Leave,Married,8,4,3.0,Good performer
50699,Arjun Kumar  ,arjun.kumar95@company  ,9512421791,Other,1997-07-09,41,Operations,Operations Executive,Part Time,2020-08-14 00:00:00,Noida,Bachelor's  ,3.9,893790,71503.2,Good,Rahul Rao,Inactive,Single,1,5,45.0,
50652,Meera Kumar,meera.kumar68@company.com,9311103664,Other,1982-03-19,42,operations,Software Engineer,Part Time,2021-01-14 00:00:00,Mysuru  ,PhD,16.8,990364,148554.6,Needs Improvement,Rahul Rao,Inactive,Single,35,5,5.0,
51179, Kavya Singh,kavya.singh21@company.com,9453985584,,1969-04-18,31,finance,Software Engineer,Full Time,2026-06-16 00:00:00,Delhi,PhD,17.8,2117652,423530.4,Average,Vikram Singh,rESIGNED,Single,21,5,23.0,
51130,Divya Joshi,divya.joshi99@company.com,9165814541,Female,2006-10-12,30,,Software Engineer,Full Time,2025-11-28 00:00:00,Bengaluru,Diploma,8.6,301133,45169.95,Needs Improvement,Meera Nair,Active,Divorced,27,4,6.0,Fast learner
50105,Ananya Das,ananya.das14@company.com,9390441391,Male,1979-02-01,55,Operations,dATA aNALYST,Intern,2023-09-30 00:00:00,Mumbai,Bachelor's,13.1,717519,57401.52,Needs Improvement,,Active,married,9,five,44.0,
50073,Priya Sharma,priya.sharma99@company.com,9154625080,Male,1991-08-14,56,Finance,Support Specialist,Part Time,2020-03-19 00:00:00,Hyderabad,bachelor,unknown,1170479,0.0,Good,Anil Kumar,On Leave,Divorced,32,4,28.0,
50211,Divya Singh,divya.singh46@company.com,9456303774,Other,1970-07-22,57,Sales,Financial Analyst,part time,2020-06-06 00:00:00,Delhi,PhD,9.0,1729366,172936.6,Needs Improvement,Sneha Patel,On Leave,Married,23,3,18.0,
50514,Rohit Kumar,,9964350304,Other,1974-01-31,38,Procurement,Support Specialist,Contract,2022-05-04 00:00:00,Delhi,Diploma,13.1,968234,48411.7,Good,Anil  Kumar,On Leave,Married,20,1,24.0,Needs training
50841,Ananya Joshi,ananya.joshi66@company.com,9909075724,Male,2008-09-30,21,Procurement,Financial Analyst,Fulltime,2022-11-24 00:00:00,Pune,Master's,5.0,1924134,192413.4,Average,Anil Kumar,On Leave,DIVORCED,10,2,35.0,Fast learner
50752,MEERA PATEL,meera.patel89@company.com,12345,Female,1987-05-05,44,IT,Support Specialist,intern,2023-02-01 00:00:00,Mumbai,Diploma,14.1,"₹1,343,890",201583.5,Good,Sneha Patel,Inactive,Married,29,3,4.0,
51117,Kiran Joshi,kiran.joshi55@company.com,+91-9995651545,Other,1997-01-21,35 years,Procurement,Account Executive,Full Time,2023-09-26 00:00:00,Hyderabad,bachelor's,5.5,1484458,222668.7, Average ,Rahul Rao,Resigned,Divorced,33,3,21.0,Needs training
50688,Sanjay Singh,sanjay.singh5@company.com,9455169697,Male,1995-09-15,34,Marketing, Data Analyst , Full Time,2023-03-10 00:00:00,Kolkata,PhD,4.2,932685,139902.75,Average,Meera Nair,On  Leave,Single,12,5,41.0,Good performer
50458,Manish Joshi, manish.joshi70@company.com ,9909656788,,1976-04-23,27,Sales,Financial Analyst,Intern,2021-05-17 00:00:00,Chennai, PhD,6.1,515801,25790.05,Average,Vikram Singh,Inactive,Single,17,3,32.0,
50055,Ananya Rao,ananya.rao14@company.com,9846102653,Male,1976-07-31,,Marketing,Operations Executive,Full Time,2023-11-16 00:00:00,MYSURU,Diploma,5.7,1888137,283220.55, Average,Priya Sharma,Inactive,Divorced,26,6,2.0,
51002,Rohit Rao,ROHIT.RAO31@COMPANY.COM,9892245396,female,2001-09-12,22,Customer Support,Sales Executive,Intern,2026-04-11 00:00:00,Kolkata,Diploma,9.8,1154001,230800.2, Average ,Meera Nair,On Leave,Divorced,12,2,0.0,Needs training
51082, Meera Mehta,meera.mehta53@company.com,9178192953,Male,1965-05-12,33,customer support,Operations Executive,Full Time,2024-11-11 00:00:00,Delhi,Master's,10.3,"1,967,620",0.0,Needs Improvement,Sneha Patel, ,Divorced,100,1,25.0,Good performer
51027,Amit Patel,amit.patel6@company.com,12345, FEMALE ,1993-03-07,33,Marketing,Account Executive,Intern,2025-03-29 00:00:00,Noida,Master's,10.0,807346,121101.9,needs improvement,Anil Kumar,leave,Divorced,18,,45.0,
51189,Divya Verma,divya.verma86@company.com,9193204867,Female,1995-11-14,30,Operations,Marketing Analyst,Full Time,2022-06-05 00:00:00,Mysuru,Diploma,6.5,672371,100855.65,Needs Improvement,Vikram Singh,On Leave,Married,13,2,32.0,
50466,Arjun Verma,arjun.verma54@company.com,9912839239,male,2002-02-20,49,Procurement,Software Engineer,Intern,2024-04-06 00:00:00,Gurugram,Diploma,5.6,2014492,402898.4,Excellent,Meera  Nair,On Leave,MARRIED,27,1,34.0,
50279,Meera Verma,meera.verma99@company.com,9890181772,male,1989-04-16,54,Customer Support,Operations Executive,,2021-01-08 00:00:00,Hyderabad  ,PhD,15.1,"₹1,436,239",114899.12,Needs Improvement,Vikram Singh,Active,Married,2,3,34.0,
50081,Vivek Reddy,vivek.reddy25@company.com,9792857425,Female,2004-11-12,51,fINANCE,Support Specialist,Intern,2023-11-26 00:00:00,Bengaluru,Bachelor degree,1.7,1769667,265450.05,Good ,Meera Nair,Active,Single,6,2,33.0,Needs training
50858,Rohit Das,rohit.das68@company.com,9665089993,Female,1969-11-16,42,Marketing,Data Analyst,part time,2024-06-11 00:00:00,Gurugram,Diploma,2.5,,,Good,Meera Nair, ,Single,3,1,10.0,Fast learner
50886,Shreya Mehta,shreya.mehta89@company.com,9867458020,Female,1990-09-30,60,Customer Support,Support Specialist,Full Time,2023-11-16 00:00:00,Hyderabad,Master's,9.6,383442,30675.36,Excellent,Vikram Singh,On Leave,Married,7,2,6.0,Good performer
51075,nikhil singh,nikhil.singh78@company.com,9994692614,Male,1986-04-08,31,Finance,Account Executive  ,Intern,2026-02-06 00:00:00,Kolkata,Bachelor's,8.3,285755,14287.75,Average,Anil Kumar,Active,Married,25,2,19.0,Good performer
50568,Pooja Nair,pooja.nair78@company.com,9224329439,Other,1994-10-23,49,HR,Business Analyst,Part Time,2022-04-20 00:00:00,Kolkata,Bachelor degree,4.5,1084153,,gOOD,Rahul Rao,Inactive,Single,23,2,7.0,
50363,Rohit Das,rohit.das49@company.com,9758415230,oTHER,1998-08-19,61,marketing,Support  Specialist,Contract,2023-07-03 00:00:00,Noida,Bachelor's,17.1,500627,50062.7,Average,Meera Nair,On Leave,Single,31,1,8.0,
50783,Isha Sharma,isha.sharma99@company.com,9737902712,Other,1973-10-30,31,Finance,HR Executive,Part Time  ,2020-11-28 00:00:00,Noida,PhD,11.7,1995296,299294.4,Good,Rahul Rao,On Leave,Single,3,5,18.0,Good performer
50435,Pooja Mehta,pooja.mehta50@company.com,9724744106,Female,1999-08-06,31,,Marketing Analyst,Contract,2021-04-18 00:00:00,Hyderabad,Master's,3.6,1303502,0.0,GOOD,Sneha Patel,Resigned,Married,10,3,27.0,
50528,Meera Nair,meera.nair54@company.com,9770133907,Female,2007-06-05,49, Procurement ,Marketing Analyst,full-time,2025-10-16 00:00:00,Mysuru,Bachelor's,3.1,883634,132545.1,Needs Improvement,Anil Kumar,Active,Married,14,3,3.0,
50211, Divya Singh,divya.singh46@company.com,9456303774,Other,1970-07-22,57,sales,Financial Analyst,part time,2020-06-06 00:00:00,Delhi,PhD,9.0,1729366,172936.6,Needs Improvement,Sneha Patel,On Leave,Married,23,3,18.0,
50225,Neha Mehta,neha.mehta47@company.com,9478133378,Other,1997-06-25,24,Customer Service,Operations Executive,Part Time,2020-03-02 00:00:00,MYSURU,,7.3,476048,23802.4,Good,Vikram Singh,Resigned,DIVORCED,22,2,8.0,
50190,Divya Rao,divya.rao26@company.com,9317716794,Male,1983-12-29,55,IT,HR Executive,Full Time,2021-11-09 00:00:00,Hyderabad,Bachelor's,4.7,827994,66239.52,Excellent,Sneha Patel,Inactive,Married,31,2,0.0,
50313,Divya Kumar,divya.kumar46@company.com,9150323043,Female,2008-09-22,61,HR,Account Executive,Intern,2020-09-15 00:00:00,Hyderabad,Master's,17.0,1622320,129785.6,Excellent,Rahul Rao,Active,Single,26,1,11.0,Fast learner
50823,Ananya Kumar,ananya.kumar71@company.com,9449315846,Male,2000-01-14,53,marketing,Account Executive,Intern,2019-06-03 00:00:00,Chennai,Diploma,11.2,"1,866,688",280003.2,Needs Improvement,Anil Kumar,resigned,Divorced,3,4,44.0,
50446,Kiran Verma,kiran.verma12@company.com,9353638237, MALE ,2001-08-20,46,Operations,Business Analyst,Part Time,2019-11-24 00:00:00,Delhi,Masters,5.5,538703,107740.6,Needs Improvement,Meera Nair,On Leave,Divorced,20,3,17.0,Fast learner
50581,Manish Sharma,manish.sharma1@company.com,9155110076,Other,1983-08-17,25,Customer Support,Software Engineer,Full Time,2019-04-26 00:00:00,Pune,Diploma,4.9,1425305,0.0,Needs Improvement, Rahul Rao ,Resigned,Married,22,2,2.0,
51091,Amit Das,amit.das19@company.com,9995334100,male,1985-02-24,30,Sales,Account Executive,Full Time,2024-12-04 00:00:00,Delhi,PhD,15.8,1562223,78111.15,Average,Anil Kumar, ,DIVORCED,1,5,9.0,Needs training
50137,Manish Verma,manish.verma5@company.com,9843261814, FEMALE ,1986-09-23,18,Marketing,Sales Executive,Part Time,2025-01-31 00:00:00,Hyderabad,master's,0.6,412953,82590.6,Good,Anil Kumar,Resigned,Married,17,4,31.0,Good performer
50100,Meera Rao,meera.rao81@company.com,9755312700,Male,1990-08-22,59,it,Business Analyst,Full Time,,Chennai,Diploma,4.5,2030184,,Average,Priya Sharma,iNACTIVE,Married,14,2,41.0,
50981,kavya rao,kavya.rao24@company.com,920-442-2512,,2002-10-09,55,Finance,Data Analyst, intern,2022-03-04 00:00:00,Gurugram,Diploma,7.3,1412597,141259.7,Good,Rahul Rao,Inactive,Single,31,1,11.0,Needs training
50784,Rahul Verma,rahul.verma16@company.com,9269306090,Female,1968-07-15,43,Marketing,Account Executive,Contract,2022-09-29 00:00:00,Chennai,PhD,4.9,,,Good,Rahul Rao,On Leave,Single,twenty,5,36.0,Good performer
50169,Sneha Verma,sneha.verma34@company.com,9195042710,Other,1998-08-24,,Operations,Account Executive,Intern,2023-09-01 00:00:00,Mysuru,Bachelor's,60,1402429,140242.9,Average,Vikram Singh,Active,Divorced,31,5,21.0,Good performer
50424, Isha Sharma ,isha.sharma67@company.com,9240085867,Male,1980-02-10,49,IT,Data Analyst,Part Time,2024-05-19 00:00:00,Delhi,Master's,16.6,536659,42932.72,Excellent,Priya Sharma,Active,Divorced,11,5,33.0,Needs training
50463,Amit Gowda,amit.gowda36@company.com,9766208806,Male,2008-08-10,24,IT,HR Executive,Part Time,2021-10-24 00:00:00,Chennai,Master's,16.2,1100033,220006.6,Good,Priya Sharma,Active,Single,35,4,11.0,Good performer
50550,Vivek Gowda,vivek.gowda62@company.com,9880902767,Other,1981-04-23,27,Marketing,Operations Executive,Intern,2019-02-03 00:00:00,Chennai, Master's,10.9,584595,87689.25,Average,Vikram Singh,On Leave,Single,4,4,26.0,Good performer
50287,Akash Kumar,akash.kumar34@company.com,9203444004,Other,1980-08-19,53,Operations,Account Executive,Contract,2022-12-23 00:00:00,Pune  ,PhD,5.3,520800,26040.0,Good,Meera Nair,Active,Single,,3,10.0,Needs training
50215,Nikhil Nair,nikhil.nair37@company.com,943-730-2614,,1973-04-15,23,Finance,sUPPORT sPECIALIST, Part Time,2021-03-26 00:00:00,Bengaluru,Master's,0.5,760437,38021.85,Good,Priya Sharma,On Leave,mARRIED,3,5,28.0,Needs training
50262,Isha Mehta,isha.mehta15@company.com  ,9227048425,Other,2007-05-31,38,Sales,Business Analyst,Contract,2023-08-28 00:00:00,Chennai,Bachelor's,-2,997853,199570.6,Average,Anil Kumar,Active,Married,17,3,41.0,Needs training
50698,Amit Patel,amit.patel81@company.com,9175999258,MALE,1994-10-27,63,Marketing,HR Executive,Intern,2026-05-29 00:00:00, Mumbai,Master's  ,14.8,2165114,433022.8,Excellent,Sneha Patel,On Leave,Single,20,4,35.0,Needs training
50139,Nikhil Sharma,nikhil.sharma21@company.com,9188665397,Male,1966-06-08,58,Sales,Operations Executive,FULL TIME,2020-01-08 00:00:00,Kolkata,Bachelor's,2.7,,0.0,Average,Rahul Rao,Inactive,DIVORCED,9,5,8.0,
50925,Kiran Singh,kiran.singh14@company.com,9156991725,Other,2006-05-12,48,Marketing,Marketing Analyst,Full Time,2023-11-30 00:00:00,Bengaluru,PhD,1.1,470770,23538.5,Average,,Inactive,divorced,32,3,22.0,
51038,Amit Reddy,amit.reddy91@company.com,9343854449,Male,1993-04-19,30,IT,Marketing Analyst,Intern,2021-03-01 00:00:00,Mysuru,PhD,15.3,25000000,25325.9,Excellent,Anil Kumar,Inactive,Married,18,4,29.0,
50663,Kavya Patel,kavya.patel85@company.com,9706406623,Female,1997-12-20,53,it,SUPPORT SPECIALIST,Part Time,,Delhi,Diploma,15.2,596254,0.0,Needs Improvement,Rahul Rao,On Leave, Single,25,4,42.0,Fast learner
50241,Sneha Gowda,sneha.gowda84@company.com,9723878440,Female,1971-02-05,65,Operations,Data Analyst,Full Time,2020-02-05 00:00:00,NOIDA,Master's,1.8,835921,167184.2,Excellent,Priya Sharma,On Leave,Divorced,4,2,35.0,
50803,Isha Das,isha.das38@company.com,9563253369,Male,2006-12-05,48,Sales,Software Engineer,Full Time,2019-07-23 00:00:00,Delhi,Bachelor's,13.6,412620,82524.0,Average  ,Anil Kumar,Active,Married,6,2,0.0,Needs training
50649,Shreya Mehta,shreya.mehta50@company.com,9560846697,Other,1994-05-05,48,Sales,Sales Executive,Full Time,,Delhi,Bachelor's,10 ,2042066,204206.6,Excellent,Anil Kumar, Resigned ,Married,12,5,21.0,Needs training
50245,Manish Nair,manish.nair11@company.com,9320765017,Other,1968-07-15,58,Information Technology,Operations Executive,Full Time,2020-09-26 00:00:00,Pune,PhD,11.5,427454,64118.1,Excellent,Priya Sharma,Resigned,Divorced,17,1,12.0,Needs training
50358,Rahul Rao,rahul.rao78@company.com,+91-9981933817,Male,2007-05-03,19,Sales,Account Executive,Contract,2021-08-11 00:00:00,Chennai,Bachelor's,18.0,1272201,127220.1,Good,Sneha Patel,Active,Single,31,4,24.0,
50632,Pooja Verma,pooja.verma10@company.com,9737439382,Other,1998-11-23,35 years,Marketing,FINANCIAL ANALYST,Intern,2022-08-18 00:00:00,Noida,Master's,11.7,545239,27261.95,Excellent,Priya Sharma,Active,Single,21,5,45.0,Fast learner
50042,Kiran Reddy,kiran.reddy5@company.com,9334668745,Other,1968-10-17,58,Marketing,Support Specialist,Full Time,2021-11-11 00:00:00,Pune,PhD,15.1,591547,88732.05,Excellent,Priya Sharma,Resigned,Single,18,1,10.0,Good performer
50004,Pooja  Gowda,pooja.gowda30@company.com,9231010732,Other,1971-05-23,62,operations,Support Specialist,Contract,2024-05-28 00:00:00,Gurugram,PhD,12.1,2094524,167561.92,Needs Improvement,Sneha Patel,Resigned,Single,18,3,0.0,Good performer
50035,Pooja  Gowda,pooja.gowda27@company.com,9431471940,Other,2003-05-29,65,Procurement,Business Analyst,iNTERN,2023-01-27 00:00:00,,Master's,13.3,1718581,0.0,Excellent, Rahul Rao ,Inactive,Single,11,2,41.0,
50236,Priya Singh, priya.singh81@company.com ,9309235939,Other,1973-08-17,28,HR,Financial Analyst,Intern,2019-04-21 00:00:00,Kolkata,PhD,16.8,1758383,175838.3,Needs Improvement,Meera Nair,Inactive,MARRIED,7,1,8.0,Fast learner
50615,Arjun Rao,arjun..rao69@company..com,9190304653,Male,1983-05-10,42,Marketing,Software Engineer,Intern,2020-05-27 00:00:00,Delhi,BACHELORS,3.5,1267940,101435.2,Needs Improvement,Anil Kumar,Inactive,Divorced,9,2,30.0,
50110,Sanjay Verma,sanjay.verma63@company.com,9601366923,Other,1966-11-27,39,IT,software engineer,Intern,2024-04-30 00:00:00,Mysuru,,0.5,1949483,194948.3,Good,vIKRAM sINGH, Inactive ,Divorced,33,2,8.0,
50897,Meera Das,meera.das53@company.com,9892224391,Other,1993-11-14,49,Customer Support,HR Executive  ,Intern,2025-03-20 00:00:00,Bengaluru,PhD,16.0,2107197,0.0,Good,Vikram Singh,Resigned,Married,13,3,8.0,Needs training
50622,Neha Nair,neha.nair49@company.com,9136435569,Female,2006-06-06,27,Sales,Operations Executive,Full Time,2021-12-10 00:00:00,Gurugram,pHd,9.0,1507040,226056.0,Average,Anil Kumar,Inactive,Divorced,29,2,44.0,Needs training
51102,Arjun Singh,arjun.singh70@company.com,9996871015,Female,1992-03-27,54,Procurement,Software Engineer,Contract,2019-07-17 00:00:00,Bengaluru,dIPLOMA,7.3,1294818,64740.9,Good,Sneha Patel,resigned,Single,11,2,22.0,
50348,Sneha Das,sneha.das41@company.com,9672215711,Male,1989-08-13,47,Marketing,Operations Executive,Part Time,2023-01-12 00:00:00,Mysuru,Diploma,4.3,890864,178172.8,Needs Improvement,,Inactive,Married,26,5,34.0,
50863,Arjun Sharma,arjun.sharma59@company.com,9538194822,Other,1995-08-27,42,FINANCE,HR Executive,Full Time,2022-02-17 00:00:00,Noida,Master's,15.6,1960334,294050.1,Good,Vikram Singh,Active,Married,17,2,26.0,
51030,Amit Verma,amit.verma38@company.com,98765ABCDE,Female,2004-12-30,,Marketing,Software Engineer,Full Time,2019-05-24 00:00:00,Noida,PhD,3.2,398349,59752.35,Good,Meera Nair  ,On Leave,Married,0,2,31.0,Fast learner
50696,Divya Patel,divya.patel11@company.com,9895179998,Other,1969-02-22,33,operations,Financial Analyst,Full Time,2021-12-09 00:00:00,Mysuru,bachelor,15.9,1944444,155555.52, Average , Meera Nair ,Active,Married,14,2,37.0,
50588,Ananya Sharma,ananya.sharma55@company.com,9363645061,Other,2005-11-23,49,Marketing,Business Analyst,Intern,2023-07-19 00:00:00,Pune,Diploma,3.3,736011,110401.65,Excellent,Rahul Rao,Resigned,SINGLE,7,1,34.0,Good performer
50290,Nikhil Mehta,nikhil.mehta48@company.com,9975823449,fEMALE,1977-02-11,30,HR,Business Analyst,Intern,2026-05-09 00:00:00,Chennai,Bachelor's,18.0,25000000,0.0,Needs Improvement,Priya Sharma,Active,Married,21,1,0.0,
51093,Neha Patel,neha.patel53@company.com,9984508156,Male,1970-03-05,42,Sales,Data Analyst,Part Time,2021-10-11 00:00:00,Chennai,Master's,6.4,1082914,0.0,Average,Anil Kumar,Active,Single,15,1,43.0,
51102, Arjun Singh,arjun.singh70@company.com,9996871015,Female,1992-03-27,54,procurement,Software Engineer,Contract,2019-07-17 00:00:00,Bengaluru,dIPLOMA,7.3,1294818,64740.9,Good,Sneha Patel,resigned,Single,11,2,22.0,
50394,Rohit Gowda,rohit.gowda83@company.com  ,9492550648,Female,2001-03-19,47,Procurement,Marketing Analyst,Part Time,2020-01-20 00:00:00,Delhi,PhD,15.6,963551,96355.1,Excellent,Priya Sharma,On Leave,Married  ,23,2,6.0,
50255,Nikhil Reddy,nikhil.reddy34@company.com,9786128180,Male,1978-09-11,64,HR, Account Executive,Part Time,2021-03-16 00:00:00,Kolkata,Diploma,6.6,1640645,246096.75,Average,Priya Sharma,Resigned, mARRIED,34,5,38.0,Good performer
50272,Divya Singh,divya.singh19@company.com,9804434069,Female,1988-05-30,24,HR,Business Analyst,Part Time,2022-11-14 00:00:00,Kolkata,Bachelor's,0.5,503449,40275.92,Needs Improvement,Anil Kumar,Inactive,Single,35,1,29.0,Good performer
50992,Pooja Patel,pooja.patel58@company.com,9115341350,Other,1967-09-01,48,Human Resources,HR Executive,Part Time,2023-10-09 00:00:00,Gurugram,Bachelor's,50,1291905,258381.0,Excellent,Vikram Singh, Resigned ,Divorced,25,3,35.0,Good performer
50875,Amit Kumar,amit.kumar67@company.com,9236920478,Female  ,1970-10-18,52, Customer Support,Business Analyst,Part Time,2021-07-22 00:00:00,Mumbai,bachelor,7.7,331597,49739.55,Excellent,Priya Sharma,Inactive,Divorced,9,3,14.0,
51048,Kiran Nair,kiran.nair76@company.com,9519617931,Female,1984-11-06,38,Procurement,Operations Executive,Contract,2019-07-12 00:00:00,Delhi,Diploma,1.7,"₹293,963","₹58,792",Excellent,Priya Sharma,Active,Married,,5,10.0,Good performer
50658,Divya Rao,divya.rao4@company.com,9812583465,Other,1994-06-24,unknown,Procurement,Support Specialist,Contract,2024-02-10 00:00:00,hyderabad,Diploma,10.6,705960,0.0,Average,Meera Nair,resigned,Divorced,29,5,37.0,Needs training
51136,Rahul Mehta,rahul.mehta53@company.com,9615101561,Male,1990-12-20,24,HR,Support Specialist,Full Time,2022-09-13 00:00:00,Mumbai,PhD,12.5,1414497,,Average,Priya Sharma,Resigned,Single,28,2,5.0,Fast learner
50859,Ananya Kumar,ananya.kumar88@company.com,9167315156,Female,2003-05-06,20,Marketing,Account Executive,PART TIME,2025-09-02 00:00:00,Pune,Bachelor's,13.5,1116051,223210.2, Needs Improvement,Rahul Rao,On Leave,Single,7,4,10.0,Good performer
50386,Rohit Verma,rohit.verma60@company.com,9812237466,Male,2000-04-29,52,IT,Software Engineer,Intern,2026-06-23 00:00:00,Hyderabad,PhD,0.9,1270310,101624.8,AVERAGE,PRIYA SHARMA,Inactive,Married,31,6,44.0,
51026,Sanjay Rao,sanjay.rao40@company.com,9582334223,Other,2005-01-21,65,Sales,Business Analyst,Part Time,2020-01-21 00:00:00,Kolkata,Bachelor's,14.3,2171906,325785.9,Average,Meera Nair,On Leave,DIVORCED,35,3,29.0,
51035,Rohit Das,rohit.das84@company.com,9653606412,,1974-02-21,31,Sales,software engineer,Full Time,2023-01-11 00:00:00,Kolkata,PhD,-2,1883130,150650.4,Excellent,Meera Nair,Active,Married,12,2,1.0,Needs training
50540,Ananya Das,ananya.das12@company.com,9496640028, Other,1987-06-20,55,IT,HR Executive,Part Time,2024-08-18 00:00:00,Kolkata,Bachelor's,17.8,1931215,386243.0,Average,Rahul Rao,Active,Divorced,-2,2,36.0,
50921,Akash Mehta,akash.mehta69@company.com,9863978157,Female,1970-08-09,54,Procurement,HR Executive,Part Time,2023-04-11 00:00:00,Kolkata,Master's,1.0,604643,0.0,Average,Rahul Rao,On Leave,Married,12,1,39.0,
50604,Kiran Nair,kiran.nair14@company.com,9998077954,Male,2001-11-13,57,IT,Data Analyst,Contract,2025-05-06 00:00:00,Chennai,Master's,1.3,427560,42756.0,Excellent,Rahul Rao,Resigned,Married,28,2,36.0,Needs training
50034,Vivek Mehta,vivek.mehta97@company.com,9130159062,Male,1996-05-01,50,HR,MARKETING ANALYST,Intern,2021-11-19 00:00:00,Kolkata,Master's,15.0,929484,46474.2,Good , Priya Sharma,Resigned,Single,23,0,34.0,
51043,Rohit Mehta,rohit.mehta48@company.com,9293342701,Female,1989-12-28,0,Procurement,Software Engineer,Part Time,2025-04-13 00:00:00,Pune,Diploma,3.3,734916,110237.4,Good,Priya Sharma,On Leave,Divorced,4,1,15.0,
50364, Meera Mehta ,meera.mehta89@company.com,9135280717,Female,1979-03-18,63,mARKETING,Support Specialist,Part Time,2024-04-06 00:00:00,Delhi,PhD,13.8, 1536370 ,0.0,Excellent,Anil Kumar,Active,Divorced,21,2,5.0,
50033,Pooja Das, pooja.das70@company.com,9131148876,Female,1992-12-08,32,Operations,Business Analyst,Full Time,2024-06-28 00:00:00,Noida,PhD,2.8,,172272.0,Good,Meera Nair,Active,Married,0,1,6.0,Needs training
50008,Ananya Mehta,ananya.mehta54@company.com,+91 9817855328,Male,1987-08-23,unknown,IT,Business Analyst,Intern,2022-04-05 00:00:00,Kolkata,Master's,9.4,417069,20853.45,Needs Improvement,Anil Kumar,Active,Married,4,,22.0,Needs training
51036,Manish Sharma,manish.sharma72@company.com,9336644165,oTHER,1970-03-13,64,IT,Account Executive,Intern,2020-12-02 00:00:00,Noida,PhD,16.1,1014544,0.0,Good,Vikram Singh,resigned,Divorced,10,1,40.0,
50900,kAVYA vERMA,kavya.verma76@company.com,9699815258,Other,1967-01-15,0,,Software Engineer,Part Time,2025-12-03 00:00:00,Bengaluru,Diploma,13.7,759087,37954.35,eXCELLENT,Priya Sharma,Inactive,Divorced,27,4,10.0,Fast learner
50694,Kiran Sharma,kiran.sharma55@company.com,9481242826,Male,2007-12-28,50,HR,Sales Executive,Full Time,2020-05-21 00:00:00,Mysuru,Bachelor's  ,17.7,"₹309,877",46481.55,Average,vikram singh,Inactive,single,33,2,13.0,Needs training
50970,Neha Sharma,neha.sharma7@company.com,9424313584,oTHER,1965-09-22,46,HR,Sales Executive,contractual,2022-09-06 00:00:00,Bengaluru,Bachelor's,12.0, 417259 ,0.0,needs improvement,Rahul Rao,Active,Divorced,32,4,34.0,
50723,Neha Mehta,neha.mehta93@company.com,9768082820,female,1991-09-19,60,Operations,Software Engineer,Part Time,2022-11-19 00:00:00,Pune,Master's,10.4,681931,68193.1,Excellent,Anil Kumar, ON LEAVE,sINGLE,35,5,25.0,
50083, ,,9855120876,Male,1981-03-27,45,HR,,Full Time,2020-05-03 00:00:00,Noida,Bachelor's,17.3,349585,0.0,good,Rahul Rao,Inactive,Single,23,1,26.0,Needs training
50266,Meera Joshi,meera.joshi28 @company.com,9362502195,Other,2001-04-20,53,Customer Support,Operations Executive,FULL TIME,2024-04-29 00:00:00,Noida,PhD,7.6,1191276,238255.2,Average,Meera Nair,Active, Married,34,4,20.0,Fast learner
51135,dIVYA gOWDA,divya.gowda61@company.com,9896475656,Female,2000-01-24,59, MARKETING ,Sales Executive,Full Time,2020-02-29 00:00:00,Gurugram  ,Diploma,5.9,1069421,106942.1,Needs Improvement,Meera Nair,Active,Married,15,4,0.0,
50504,Sanjay Gowda,sanjay.gowda11@company.com,9563254298,Female,2004-07-12,26,Customer Service, support specialist,Part Time,2021-12-01 00:00:00,CHENNAI,Master's,7.2,2125380,106269.0,Average,Meera Nair,Inactive,MARRIED,7,1,2.0,
51082,Meera Mehta,meera.mehta53@company.com,9178192953,Male,1965-05-12,33,Customer Support,Operations Executive,Full Time,2024-11-11 00:00:00,Delhi,Master's,10.3,"1,967,620",0.0,Needs Improvement,Sneha Patel, ,Divorced,100,1,25.0,Good performer
51105,Rahul Reddy  ,rahul.reddy38@company.com,9374269010,Male,1997-02-26,33,Customer Support,Business Analyst,Intern,2021-07-10 00:00:00,Mumbai, PhD ,12.6,1438393,143839.3,Good,Priya Sharma,RESIGNED,Divorced,31,1,29.0,
50422,Nikhil Mehta,nikhil.mehta36@company.com,9877931431,M,2003-11-24,65,HR,Account Executive,Intern,2024-07-23 00:00:00,Gurugram,,5.9,707683,"₹141,536",Needs Improvement,Anil Kumar,Inactive,Married,15,1,35.0,Good performer
50603,Priya Gowda,priya.gowda38@company.com,12345,Other,1974-07-24,22,IT,Software Engineer,Part Time  ,2025-12-30 00:00:00,Mumbai,dIPLOMA,,1975952,296392.8,Excellent,Vikram Singh,Inactive,Married,22,2,11.0,Fast learner
50972,Neha Patel,neha.patel10@company.com,9847312106,Female,1978-10-13,28,HR,Business Analyst,Intern,2023-09-23 00:00:00,Mysuru,Diploma,16.9,1223503,0.0,Excellent,Priya Sharma,Resigned,Married,9,1,23.0,
51022,Sanjay Sharma,sanjay.sharma49@company.com,9818701085, Other ,1980-01-30,24,Sales,SALES EXECUTIVE,Part Time,2024-12-01 00:00:00,,Bachelor's,17.9,1564398,312879.6,Excellent,Rahul Rao,Inactive,divorced,9,4,15.0,Fast learner
50510,Ananya Mehta,ananya.mehta34@company.com,9561724238,Male,1994-08-07,18,Human Resources,Business Analyst,Part Time,2023-05-30 00:00:00,Mysuru,Bachelor's,4.2,1406127,₹0,Needs Improvement,Priya Sharma,Resigned,Divorced,2,1,42.0,
50683,Rahul Nair,RAHUL.NAIR22@COMPANY.COM,+91 9509016054,Other,1975-02-11,18,Marketing,Sales Executive,Contract,2024-12-09 00:00:00,Mumbai,Diploma,50,1564434,125154.72,Excellent,Sneha Patel,active,Divorced,4,3,6.0,Good performer
50191,Sneha Sharma,,9283120793,Female,1967-08-11,,HR,Sales Executive,Contract,2026-04-22 00:00:00,Kolkata,Bachelor's,unknown,694275,138855.0,Needs Improvement,Sneha Patel,On Leave,Single,20,3,12.0,
50836,Sanjay Gowda,sanjay.gowda79@company.com,98765ABCDE,Other,2000-02-10,64,Customer Support,Sales Executive,Intern,2023-07-24 00:00:00,Bengaluru,PhD,12.9,1087037,86962.96,Excellent,Anil Kumar,Active,Single,21,3,14.0,Good performer
50150,Vivek Sharma,vivek.sharma73@company.com,9866723401,Male,1977-06-17,59,Marketing,HR Executive,Full Time,2023-03-13 00:00:00, Hyderabad,Bachelor's,0.1,"₹536,807",107361.4,Good,Sneha Patel,On Leave,Divorced,17,1,40.0,
50648,Rahul Rao,rahul.rao15@company.com,9260836536,Male,2005-08-24,47,HR,Operations Executive,Full Time,2023-11-21 00:00:00,Delhi,dIPLOMA,7.0,761326,38066.3,Excellent,Anil Kumar, ,Single,19,3,6.0,Fast learner
50141,Priya Singh, priya.singh83@company ,9644120532,Other,1972-07-20,33,Finance,Support Specialist,Full Time,2022-10-14 00:00:00,Kolkata,Master's,3.7,1849904,277485.6,Good,Vikram Singh,active,Single,2,1,10.0,
50445,Rohit Joshi,rohit.joshi59@company.com,9557000739,other,1985-03-13,35,Hr,Sales Executive,Contract,2019-06-29 00:00:00,Mumbai,Diploma,4.8,"1,973,943",0.0,Good ,Priya Sharma,Resigned,Divorced,7,five,30.0,Needs training
51168,Ananya Sharma,ananya.sharma84@company.com,9369648752,Female,1966-05-13,35,Marketing,Support Specialist,Part Time,2019-01-10 00:00:00,Pune,Master's,45,601613,48129.04,Excellent,Priya Sharma,Resigned,Divorced,-2,1,6.0,Needs training
50065,Sanjay Rao,sanjay.rao7@company.com,+91 9172950227,Female,1978-05-25,45,Marketing,HR Executive,Part Time,2020-06-20 00:00:00,Gurugram,Bachelor's,0.5,1712339,136987.12,Good,Anil Kumar,On Leave,Single,16,4,33.0,
50726, Vivek Kumar,vivek.kumar8@company.com,9497022181,Female,1992-04-17,56,Procurement,Operations Executive,Full Time,2020-04-17 00:00:00,Hyderabad,PhD,14.9,1079818,215963.6,Excellent,Vikram Singh,active,Married,33,3,,Good performer
50789,Divya Das,divya.das64@company.com,9721953456,Other,1995-01-21,59,IT,Sales Executive,Intern,2019-05-28 00:00:00,Pune,Master's,1.3,786248,0.0,Average,Sneha Patel,active,Divorced,100,3,42.0,
51126,Kiran Nair,kiran.nair37@company.com,9889815661,F,1984-12-18,19,Procurement,Sales Executive,Contract,2023-06-19 00:00:00,Hyderabad,Diploma,1.4,504592,100918.4,Good,Vikram Singh,Inactive,Married,6,2,14.0,Needs training
50818,Sneha Singh,sneha.singh40@company.com,9495735054,Female,1988-10-11,62,HR,Data Analyst,Intern,2019-04-12 00:00:00,Pune,PhD,13.9,806838,40341.9,Excellent,Priya Sharma  ,On Leave,Single,18,1,42.0,
50721,Akash Singh,akash.singh11@company.com,9132982738,Female,1982-06-02,48,Marketing,Financial Analyst,Contract,2024-10-04 00:00:00, Delhi,master,13.8,923481,0.0,Average,Priya Sharma,On Leave,Divorced,28,5,20.0,Fast learner
50709,Arjun Gowda,arjun.gowda17@company.com  ,97430 45697,Male,1968-01-30,38,Finance,Operations Executive,Full Time,2022-07-23 00:00:00,Chennai,Bachelor's,2.7,1436916,114953.28,Average,Vikram Singh,On Leave,Married,1,2,5.0,Good performer
50739,Shreya Joshi,shreya.joshi7@company.com,9103334129,other,1992-08-27,45,it,HR Executive,full-time,2020-10-21 00:00:00,Bengaluru,bACHELOR'S,10.5,324485,16224.25,Average,Priya Sharma,Inactive,married,0,3,34.0,Good performer
50039,Ananya Verma,ananya.verma20@company.com,9429673845,Female,1970-05-15,33,Operations,Support Specialist,Part Time  ,2022-10-03 00:00:00,Kolkata,Master's,9.3,1744154,139532.32,Needs Improvement,Anil Kumar,Resigned,Single,11,4,12.0,Good performer
50449,Sneha Patel,sneha.patel3@company.com,9611139234,Female,1979-10-09,21,IT,Data Analyst,Intern,2020-03-10 00:00:00,Gurugram,PhD,17.6,615533,49242.64,Needs Improvement,Meera Nair,Active,Single,19,5,24.0,Fast learner
50065, Sanjay Rao,sanjay.rao7@company.com,+91 9172950227,Female,1978-05-25,45,marketing,HR Executive,Part Time,2020-06-20 00:00:00,Gurugram,Bachelor's,0.5,1712339,136987.12,Good,Anil Kumar,On Leave,Single,16,4,33.0,
51133,Isha Gowda,isha.gowda45@company.com,9454720890, MALE ,1968-09-30,33,Sales,Software Engineer,Intern,2023-10-16 00:00:00,Kolkata,Bachelor's,7.7,479064,0.0,Good  ,Anil Kumar,Active,divorced,12,5,27.0,
50383, Rohit Joshi,rohit..joshi56@company..com,9542971883,Female,1989-03-09,35,it,Operations Executive,Part Time,2019-08-10 00:00:00,Pune,Diploma,3.9,598317,29915.85,Good,Anil Kumar,Resigned,Married,17,5,39.0,Good performer
50775,Sneha Mehta,sneha.mehta25@company.com,9147649904,Female,1976-10-07,33,HR,Financial Analyst  ,Contract,2020-11-13 00:00:00,mumbai,Bachelor's,45,983466,98346.6,Needs Improvement,Rahul Rao,On Leave,Single,0,1,24.0,
51131,Vivek Verma,vivek.verma90@company.com,9407149125,Male,1973-05-30,49,MKTG,,Part Time,2021-09-15 00:00:00,Delhi,BACHELOR'S,5.2,1186643,0.0,good,Sneha Patel,On Leave,Single,21,0,34.0,Needs training
51007,Manish Patel,manish.patel27@company.com,9193077172,Male,1991-01-13,39,Marketing, Software Engineer ,Part Time,2023-11-19 00:00:00,Pune,pHd,14.0,1451467,290293.4,Excellent,Anil Kumar,INACTIVE,Married,1,5,32.0,
50383,Rohit Joshi,rohit..joshi56@company..com,9542971883,Female,1989-03-09,35,IT,Operations Executive,Part Time,2019-08-10 00:00:00,Pune,Diploma,3.9,598317,29915.85,Good,Anil Kumar,Resigned,Married,17,5,39.0,Good performer
50159, , meera.reddy99@company.com ,9957891167,Other,1993-12-10,61,Finance,,Part time,2020-11-30 00:00:00, Hyderabad,Diploma,10.5,1926995,289049.25,Good,Meera Nair,Inactive,Single,24,5,13.0,Good performer
50217,Rahul Singh,rahul.singh46@company.com,9625582742,Female,1977-03-02,41,Customer Support,Business Analyst,Contract,2019-02-20 00:00:00,Chennai,PhD,1.1,831786,83178.6,needs improvement,Sneha Patel,active,Married,29,4,16.0,Good performer
50560,Arjun Reddy,arjun.reddy18@company.com,9501323489,Female,1976-08-05,19,Finance,Account Executive,Part Time,2020-07-25 00:00:00,Chennai,Diploma,3.1,1423274,142327.4,Average,Meera Nair,Active  ,Married,25,5,44.0,
50400,Manish Joshi,manish.joshi54@company.com,9537366040,Other,1988-04-13,55,Sales,Financial Analyst,CONTRACT,2023-10-10 00:00:00,Mysuru,Diploma,15.6,740029,148005.8,Average,Meera Nair,Active,Divorced,18,5,12.0,
50907,Divya Nair,divya.nair80@company.com,9378555988,Male,1986-11-16,39,Sales,Data Analyst,Full Time,2026-03-07 00:00:00,Bengaluru,PhD,12.8, 1837191 ,367438.2, Needs Improvement ,Meera Nair,Active,Single,0,5,1.0,
50012,Akash Das,akash.das86@company.com,9295905761,Male,1979-10-28,40,finance,Software Engineer,Part Time,2023-07-30 00:00:00,Mumbai,Diploma,10.0,1383073,207460.95,Good,Vikram Singh,On Leave,dIVORCED,17,5,8.0,Good performer
50013,Kiran Patel,kiran.patel14@company.com  ,9835027062,Male,2007-11-01,40,Finance,mARKETING aNALYST,Contract,2023-11-22 00:00:00,CHENNAI,Bachelor's,5.2,599189,47935.12,Good,Rahul Rao,oN lEAVE,Single,0,4,16.0,
50046,Vivek Sharma,vivek.sharma15@company,9505058726,Male,1994-03-04,35 years,Finance,Data Analyst  ,Full Time,2021-10-30 00:00:00,Bengaluru,Diploma,16.6,739108,,Needs Improvement,Vikram Singh,Active, Single,100,2,38.0,
50471,Priya Reddy,priya.reddy61@company.com,9438962532,Female,1966-02-21,31,HR,Account Executive,Part Time,2026-02-11 00:00:00,Hyderabad,Diploma,11.0,1809858,361971.6,Excellent,Vikram Singh,Inactive, Single,0,4,34.0,Needs training
50980,Isha Joshi,isha.joshi91@company.com,9218717596,male,1981-08-14,44,Sales,Marketing Analyst,Intern,2021-11-17 00:00:00,Delhi,Diploma,12.6,360254,36025.4,good,Vikram Singh,On Leave,Single,16,5,0.0,Good performer
50492,Arjun Singh,arjun.singh52@company.com,+91 9987647798,Female,1974-01-17,24,HR,Account Executive,Full Time,2025-06-09 00:00:00, Hyderabad,Bachelor's,1.1,1376930,275386.0,Excellent,Rahul Rao,Resigned,Divorced  ,-2,1,,
51145,MANISH JOSHI,manish.joshi60@company.com,9489873710,Female,2003-06-21,64,Customer Support,Sales Executive, Full Time ,2021-03-06 00:00:00,Mysuru,Bachelor'S,2.3,698288,55863.04,Average,Meera Nair,Resigned,married,27,1,25.0,
50670,Meera Mehta,,9218964815,Male,1981-08-29,35,Marketing,Operations Executive,Full Time,2022-11-26 00:00:00,Kolkata,Master's,1.5,1085308,86824.64,Needs Improvement,Vikram Singh,leave,Single,10,3,13.0,
51096,Nikhil Kumar,nikhil.kumar91@company.com,9424631586,Male,1984-08-03,52,Operations,HR Executive,Contract,2023-02-06 00:00:00,Mumbai,,1.6,1923188,153855.04,Good,Meera Nair,Active,Divorced,14,3,9.0,Good performer
50356,Sneha Verma,sneha.verma78@company.com,+91-9185794449,female,2003-11-28,41,Customer Support,Marketing Analyst,Full Time,,Gurugram  ,Bachelor's,45,1445893,0.0,needs improvement,Vikram Singh,Active,Divorced,19,4,0.0,
50902,Pooja Rao,pooja.rao50@company.com,9456686844,Other,2000-08-05,46,Customer Support,Data Analyst,Part Time,2023-09-06 00:00:00,Hyderabad,PhD,,1963625,0.0,Average,Meera Nair,On Leave,MARRIED,19,3,43.0,
50927,Kavya Das,kavya.das75@company.com,9202046331,Female,1973-08-18,42,Marketing,Data Analyst,Full Time,2023-05-31 00:00:00,Delhi,Bachelor's,5.1,900700,180140.0,Good,Priya Sharma,Resigned,Married,16,1,13.0,
51059,Meera Singh,meera.singh90@company.com,98765ABCDE,Male,1991-04-20,42,Sales,Business Analyst,Contract,2021-03-03 00:00:00,Gurugram,Master's,15.8,246840,49368.0,Needs Improvement,Vikram Singh,Active,Married,24,1,,
50837,Akash Rao,akash.rao86@company.com,9444353640,Other,1992-08-28,41,Finance,Marketing Analyst,Full Time,2023-10-27 00:00:00,Bengaluru,Master's,5.1,1106192,110619.2,Good,Priya Sharma,iNACTIVE,Divorced,15,3,13.0,
50041,Kavya Verma,kavya.verma28@company.com,9729817827,Male,1970-06-25,53,Finance,Support Specialist  ,Intern,2025-04-24 00:00:00,Mumbai,Bachelor's,14.5,1012773,101277.3,NEEDS IMPROVEMENT,ANIL KUMAR,Inactive,Single  ,3,3,10.0,
50787,Akash Reddy,akash.reddy11@company.com,9425778454,Male,1997-04-27,20,Procurement,Account Executive,Intern,2021-07-12 00:00:00,Pune,Diploma,14.5,482630,48263.0,Average,Rahul Rao,Resigned,Married,,3,40.0,
50595,Nikhil Verma,nikhil.verma18@company.com,9108039417,Female,1985-06-02,51,Procurement,Business Analyst,Full Time,2023-07-19 00:00:00,Gurugram,master,8.2,527439,26371.95,Excellent,Anil Kumar,Active,Single,17,4,30.0,
50711,Sanjay Sharma,sanjay.sharma92@company.com,9992667527,Other,1995-07-17,58,Customer Support,SALES EXECUTIVE,Part Time,2021-05-16 00:00:00,Chennai,PhD,15.2,1496289,149628.9,Excellent,Priya Sharma,On Leave,divorced,23,1,7.0,Good performer
50270,Rahul Rao,rahul.rao31@company.com,9870085012,male,2003-04-20,19,HR,Financial Analyst,Contract,2025-09-28 00:00:00,Mysuru,Diploma,7.9,322225,25778.0,Needs Improvement  ,Sneha Patel,On Leave,SINGLE,32,0,17.0,
50729,Divya Mehta,divya.mehta88@company.com,9322660215,Female,1971-10-12,53,Operations,Financial Analyst,Intern,2024-01-19 00:00:00,Chennai,bachelor,0.6,1509387,0.0,Good,Anil Kumar,On Leave,Single,26,1,-5,Good performer
50525,Vivek Nair,vivek.nair89@company.com,9655617629,Other,1982-07-15,63,IT, Financial Analyst ,Part Time,2020-01-25 00:00:00,Chennai,Diploma,16.1,1897883,151830.64,Needs Improvement,Sneha Patel,On Leave,Divorced,4,3,22.0,Fast learner
50640,Kiran Kumar,,9947951500,Male,1977-02-02,150,Customer Support,,Intern,2022-02-18 00:00:00,Noida,PhD  ,8.2,911456,45572.8,Good,Priya Sharma,Resigned,Single,7,1,38.0,
50869,Akash Patel,,9770161524,Female,1969-11-18,59,HR,Sales Executive,Contract,2026-04-24 00:00:00,Bengaluru,Diploma,13.1,,96631.15,good,Vikram Singh,ACTIVE,Single,19,2,18.0,Needs training
50702,Pooja Sharma,pooja.sharma29@company.com,9903864589,Male,1997-03-24,49,Finance,Sales Executive,FULL TIME,2023-11-28 00:00:00,Bengaluru,Diploma,7.2,1829357,146348.56,Needs Improvement,Meera Nair,Active,Married,26,5,7.0,
50345,Akash Singh,akash.singh60@company.com,9131347758,Male,1973-03-16,28,IT,Financial  Analyst,intern,2022-08-08 00:00:00,Gurugram,Bachelor's,7.2,865830,69266.4,Needs Improvement,Meera Nair,On Leave,Married,18,3,22.0,
50433,Divya Sharma,divya.sharma74@company.com,9961752510,Other,1972-07-24,34,Sales,Marketing Analyst,Intern,2026-07-18 00:00:00,Noida,Bachelor's,7.1,733845,0.0,Average,,Inactive,Married,11,3,25.0,Fast learner
50288,Arjun Reddy,arjun.reddy46@company.com,9340494032,Other,1980-12-09,150,IT,Sales Executive,Intern,2025-03-01 00:00:00,Mumbai,master,12.0,2144271,214427.1,poor,Anil Kumar,On Leave,Married,15,3,150,Needs training
50461,Neha Gowda,neha.gowda44@company.com,9698855046,Female,1974-01-02,64,Sales,Marketing Analyst,Part Time,2022-04-12 00:00:00,Gurugram,Master's,8.4,611784,91767.6,Needs Improvement,Anil Kumar,On Leave,Single,,4,34.0,
50235,Arjun Reddy,arjun.reddy6@company.com,9377536930,Male,1971-01-27,27,Customer Support,Data Analyst,Contract,2024-03-26 00:00:00,Mysuru,Diploma,5.5,1567990,0.0,Average,Meera Nair,ACTIVE,Single,21,3,37.0,Fast learner
50107,Shreya Patel,shreya.patel67@company.com,9650902396,Female,2002-04-08,50,IT,Account Executive,Intern,2024-06-14 00:00:00,Mumbai,PhD,10.7,1034372,155155.8,good,Rahul Rao,Resigned,Married,26,five,0.0,
50352,Amit Reddy,amit.reddy93@company.com,9238719084,Other,2000-12-26,18,Marketing,Business Analyst,Part Time,2022-04-29 00:00:00,Bengaluru,master's,0.6, 1390676 ,208601.4,Excellent,Anil Kumar,inactive,Single,1,3,24.0,
50704,Manish Verma,manish.verma36@company.com,9476355932,Other,1972-04-07,50,Procurement,Account Executive,intern,2022-09-21 00:00:00,Kolkata,Masters,11.8,,, Excellent,vIKRAM sINGH,Resigned,Single,32,3,2.0,
50645,Shreya  Patel,shreya.patel7@company.com,9805984216,Other,1986-09-23,40,Finance,Financial Analyst,contractual,2024-12-06 00:00:00,Hyderabad,Master's,11.2,597594,59759.4,Needs Improvement  ,Rahul Rao, Resigned,Divorced,29,2,9.0,Good performer
51069,Neha Mehta,neha.mehta71@company.com,9932504250,Female,1991-04-03,26,Operations,HR Executive,Part Time,2019-09-30 00:00:00,Mumbai,PhD,5.5,421754,33740.32,Needs Improvement,MEERA NAIR,on leave,Divorced,20,5,19.0,Good performer
50730,Arjun Gowda,arjun.gowda27@company.com,9881869275,Male,1984-10-15,35,HR,Support Specialist, Part Time ,2024-08-14 00:00:00,noida,Diploma,5.3,1131128,169669.2,Average,Rahul Rao,Active,Married,8,5,41.0,
50751,Priya Sharma,priya.sharma90@company.com,9302899152,Female,1999-12-13,29,HR,Data Analyst,Full Time,2020-06-22 00:00:00,Hyderabad,Diploma,5.7,515473,51547.3,Excellent,Rahul Rao,Resigned,single,17,4,24.0,Good performer
50618,Isha Kumar,isha.kumar42@company.com,9809433617,Male,1997-07-09,42,Customer Support,Business Analyst,Contract,2024-07-22 00:00:00,Kolkata,Bachelor's,0.7,1529817,152981.7,gOOD,Meera Nair,On Leave,Divorced,25,4,5.0,
50371,Kiran Kumar,kiran.kumar6@company.com,9606126272,Female,1983-01-21,40,HR,HR Executive,Intern,2019-08-27 00:00:00,Delhi,Bachelor'S,17.1,801837,,aVERAGE,Anil Kumar,Inactive,Married,24,3,7.0,Needs training
50826,Kavya Joshi,kavya.joshi69@company.com,12345,Other,1971-07-04,43,Marketing,SUPPORT SPECIALIST,Contract,2020-09-17 00:00:00,Bengaluru,Bachelor's,6.9,,0.0,Good,Anil Kumar,Inactive,Divorced,13,2,44.0,Good performer
50344,Pooja Rao,pooja.rao67@company.com,9513497410,Female,2000-07-26,59,Customer Support,Business Analyst,Contract,2021-06-12 00:00:00,Chennai,PHD,2.9,1373758,68687.9,Excellent,Anil Kumar,Inactive,Divorced,27,5,35.0,Good performer
51000,Vivek Singh,vivek.singh81@company.com,9272136062,Other,2007-06-06,0,Operations,Data Analyst,Full Time,2024-05-15 00:00:00,kOLKATA,Master's,-2,1181214,94497.12, Average ,Meera Nair,On Leave,Divorced,26,4,40.0,Fast learner
50036,Rohit Nair,rohit.nair83@company.com,9781049577,Female,1966-05-15,36,Operations,Operations Executive, Full Time ,2025-02-18 00:00:00,Noida,PhD,16.0,543839,43507.12,Needs Improvement,Priya Sharma,Active,Single,35,,22.0,
50772,Priya Gowda,priya.gowda37@company.com,9976718262,Male,1965-04-30,18,Finance,HR Executive,Full Time,2019-10-20 00:00:00,Gurugram,Bachelor's,5.8,1664321,83216.05,Excellent,Sneha Patel,resigned,Divorced,-2,3,5.0,
50590, Amit Patel , amit.patel32@company.com ,9726035878,Male,1981-09-11,46,Operations,Operations Executive,Intern,2023-10-11 00:00:00,Hyderabad,PhD,10.2,880857,176171.4,Average,Sneha Patel,Inactive,Married,9,5,22.0,
50761,Neha Verma,neha.verma64@company.com,9316535132,Male,1984-09-24,,Finance,Software Engineer,Contract,2020-11-07 00:00:00,Kolkata,PHD,5.0,1939290,96964.5,Average,Priya Sharma,Active,Divorced,1,4,38.0,Needs training
50754,Meera Kumar, meera.kumar57@company.com ,9494428062,Male,1965-10-02,63,Finance,Operations Executive,full time,2022-01-18 00:00:00,bengaluru,Bachelor's,0.7,1201064,-5000,Needs Improvement,Meera Nair,Resigned,Divorced,1,5,43.0,Fast learner
50932,Rahul Nair,rahul.nair57@company.com,9958228675,Male,1980-09-19,40,Procurement,Software Engineer,Full Time,2025-01-06 00:00:00,Gurugram,PhD,15.7,2064656,103232.8,Needs Improvement,Rahul Rao,Inactive,Divorced,1,5,,
50857,Pooja Kumar,pooja.kumar45@company.com,9224959822,Male,1989-03-13,27,Sales,Marketing Analyst,,2022-02-20 00:00:00,Pune,Diploma,3.1,370674,,Needs Improvement, rAHUL rAO,On Leave,Married,35,5,37.0,Good performer
51085,Sneha Verma,sneha.verma85@company.com,9277952784,Female,2003-06-17,42,Sales,Financial Analyst,Part Time,2025-05-03 00:00:00,Mumbai,PhD,2.9, 937063 ,140559.45,Needs Improvement,Meera Nair,Inactive,Married,7,4,14.0,
50220, Kavya Verma,kavya.verma53@company.com,9851899431,Male,1967-11-11,31,procurement,Financial Analyst,Contract,2023-12-13 00:00:00,Kolkata,master's,8.2,1278483,127848.3,Needs Improvement,Priya Sharma, ,dIVORCED,33,3,13.0,Good performer
50384,Arjun Das,arjun.das48@company.com,9529065277,Male,1992-06-26,64,Customer Support,BUSINESS ANALYST,Full Time,2026-08-31 00:00:00,Hyderabad,PhD,11.0,986757,78940.56,Good,Rahul Rao,On Leave,Single,5,5,,
50821,Sanjay Reddy,sanjay.reddy75@company.com,9581470128,mALE,1989-07-06,34,Operations,Financial Analyst,intern,2023-08-07 00:00:00,Delhi,Master's,9.8,636306,31815.3,Excellent,Priya Sharma,Resigned,Married,10,1,33.0,
50741,Neha Sharma,neha.sharma11@company.com,9820436754, FEMALE ,1987-04-05,0,Operations,Financial Analyst,Part Time,2023-07-20 00:00:00,Gurugram,Bachelor's,14.1,2181911,174552.88,Good,Vikram Singh,Inactive,Divorced,7,4,36.0,
51125,Arjun Gowda,arjun.gowda78@company.com,9356401759,Male,1985-01-01,18,Marketing,HR Executive,Intern,2019-04-01 00:00:00,gurugram,Master's,4.9,1203209,240641.8,NEEDS IMPROVEMENT,Meera Nair,Active,Divorced,24,3,21.0,Needs training
50157,Shreya Kumar,shreya.kumar67@company.com,9455025963,Other,1973-07-30,65,HR,Data Analyst,Part Time,2024-04-28 00:00:00,Noida,dIPLOMA,14.3,1129975,90398.0, Needs Improvement ,Anil Kumar,Inactive,Married,26,1,10.0,Fast learner
51200,Meera Patel,meera.patel57@company.com,,Female,1978-03-15,37,Human Resources,Sales Executive,Full Time,2020-12-16 00:00:00,,PhD,45,1519989,121599.12,Good,Sneha Patel,Active,Married,9,2,44.0,Needs training
50600,Arjun Reddy,arjun.reddy12@company.com,9770546186,female,1968-10-10,28,,HR Executive, Intern,2025-11-14 00:00:00,Mumbai,MASTER'S,3.8,50000000,47797.55,Average,Anil Kumar,Inactive,Married,100,4,25.0,
50845,Vivek Rao,vivek.rao57@company.com,, MALE ,2003-02-21,52,finance,Financial Analyst,Part Time,2025-06-24 00:00:00,Bengaluru,Diploma,16.0,705275,105791.25,Good,Meera Nair,On Leave,Married,23,3,35.0,
51183,Arjun Joshi,arjun.joshi15@company.com,9546959589,Male,1988-08-23,35,hr,Operations Executive,Contract,2025-05-07 00:00:00,mumbai,Diploma,7.9,396284,39628.4,Good,Sneha Patel, Inactive ,Divorced,20,4,6.0,Fast learner
50377,Rahul Joshi,rahul.joshi41@company.com,9777852816,Female,1981-03-13,61,Operations,Account Executive,Part Time,2024-04-12 00:00:00,Delhi,Diploma,10.5,1422150,113772.0,Needs Improvement,Sneha Patel,Resigned,Divorced,17,2,33.0,Fast learner
50321,Sanjay Joshi,sanjay.joshi85@company.com,9506631629,Male,2003-03-24,44,Operations,Software Engineer,Part Time,2024-08-15 00:00:00,Chennai,Bachelor's,1.2,2085672,312850.8,Excellent,Meera Nair,Inactive,Single,24,1,25.0,Fast learner
50895,Sanjay Das,sanjay.das11@company.com,9523528034,Female,1966-01-08,53,Finance,Business Analyst,Part Time,2025-04-09 00:00:00,Noida,Bachelor's,9.2,728687,109303.05,Good,Meera Nair,Inactive,MARRIED,1,4,0.0,Good performer
50214,Kavya Gowda,kavya.gowda12@company.com,9774806393,Female,1991-08-28,33,Marketing,Marketing Analyst,Part Time,2025-08-09 00:00:00,Bengaluru,Diploma,15.1,669188,0.0,Needs Improvement,Vikram Singh,rESIGNED,Married,25,1,3.0,Good performer
50011,Rahul Nair,rahul.nair23@company.com,9382870507, Female ,1978-09-05,49,Customer Support,dATA aNALYST,Intern,2021-02-05 00:00:00,Delhi,Diploma,9.3,961558,96155.8,Excellent,Vikram Singh,On Leave,SINGLE,13,2,0.0,Good performer
50786, ,amit.patel44@company.com,9853838821,Male,1995-11-20,35,Sales,Marketing Analyst,Contract,2019-12-09 00:00:00,Pune,PhD,12.7,2105198,210519.8, Average ,Rahul Rao,RESIGN, Married,26,4,29.0,Fast learner
50277,Nikhil Gowda,nikhil.gowda53@company.com,9883566931,Other,1986-06-09,32,HR,Operations Executive,Contract,2025-08-03 00:00:00,Bengaluru,PhD,2.2,1485658,74282.9,Good,Anil Kumar,Resigned,Married,18,1,28.0,Fast learner
50685,Sneha Rao,sneha.rao34@company.com,9564691803,Male,2002-11-03,53,Sales,Data Analyst,Part Time,2021-08-03 00:00:00,Mysuru,Master's,,1896460,189646.0,Average,Meera Nair,Resigned,Divorced,5,3,150,
51127, Pooja Mehta,pooja.mehta30@company.com,966-035-6458,Female,1983-04-11,50,sales,Operations Executive,Part Time,2025-11-26 00:00:00,Hyderabad,PhD,1.8,1681278,0.0,Needs Improvement,Priya Sharma,On Leave,Divorced,twenty,3,33.0,Needs training
50108,Meera Rao,meera.rao93@company.com,9813574090,Other,1993-10-05,61,Customer Support,Support Specialist, Full Time ,2024-12-07 00:00:00,Gurugram,PhD,,640473,32023.65,Excellent,Sneha Patel,Inactive,Married,19,5,29.0,Good performer
51045,Akash Nair,akash.nair42@company.com,9647356673,Male,2001-07-22,32,Customer Service,Data Analyst,Part  Time,2019-08-18 00:00:00,Mumbai,Bachelor's,10.7,314757,0.0,Average,Priya Sharma,On  Leave,Single,12,1,42.0,Fast learner
50856,Amit Singh,amit.singh9@company.com,9721263585,Male,1974-01-08,40,Customer Support,Data Analyst,Part Time,2023-04-30 00:00:00,Kolkata,Master's,0.8,790004,39500.2,needs improvement,Meera Nair,On Leave,Divorced,7,2,17.0,Fast learner
50927, Kavya Das,kavya.das75@company.com,9202046331,Female,1973-08-18,42,marketing,Data Analyst,Full Time,2023-05-31 00:00:00,Delhi,Bachelor's,5.1,900700,180140.0,Good,Priya Sharma,Resigned,Married,16,1,13.0,
50124,Sanjay Gowda,invalid-email,9523880534,Other,1966-04-14,42,Procurement,Operations Executive,Contract,2023-05-12 00:00:00,Chennai,PhD,10.7,338717,50807.55,Good,,Resigned,Divorced,7,4,29.0,
50249,Meera Gowda,meera.gowda6@company.com,9738471693,Female,1986-05-23,32,Sales,Financial Analyst,Full Time,2023-03-20 00:00:00,Kolkata,Diploma,2.3,2047985,307197.75,good,Anil Kumar,On Leave,Single,35,,3.0,Fast learner
50641,Amit Sharma,,9537412470,Female,1981-07-13,38,HR,Business Analyst,Contract,2025-08-21 00:00:00,Mumbai,PhD,1.7,797118,0.0,Needs Improvement,Priya Sharma,iNACTIVE,Divorced,33,3,19.0,Fast learner
51166,Vivek Mehta,vivek.mehta51@company.com,9370915034,Male,1987-10-21,64,Procurement,HR Executive,Intern,2020-04-11 00:00:00,Chennai,BACHELORS,4.2,1594717,159471.7,Average, Sneha Patel,On Leave,Divorced,18,2,30.0,
50476,Rohit Das,rohit.das6@company.com,9857375621,Male,1965-04-22,60,Procurement,Sales Executive,Part Time,2022-05-02 00:00:00,Mumbai,Master'S,13.5,"₹1,765,054",353010.8,Good,Priya Sharma  ,On Leave,Single,18,2,18.0,Fast learner
50064,Priya Verma,priya.verma36@company.com,960-868-0894,Other,1980-06-25,20,IT,Financial Analyst,Contract,2021-07-16 00:00:00,Noida,PhD,16.0,1747420,,excellent,Priya Sharma,On Leave,single,16,4,4.0,
51070,Sneha Mehta,sneha.mehta85@company.com,9777405636,Other,2005-02-07,45,Operations,Data Analyst,Intern,2020-11-06 00:00:00,Chennai,Bachelor's,9.1,1139966,170994.9,Average,Meera Nair,Active,Single,15,4,34.0,
50839,Akash Singh,akash.singh64@company.com,9660023169,Male,1969-06-17,39,HR,Operations Executive,FULL TIME,2024-07-31 00:00:00,Pune,Master's,17.2,407836,20391.8,Average,Meera Nair,Resigned,Divorced,16,5,21.0,Good performer
51150,Arjun Das,arjun.das11 @company.com,9188109471,Other,1974-03-08,38,Finance,Data Analyst,Contract,2019-07-15 00:00:00,Kolkata,PhD,11.1,908666,90866.6,Needs Improvement,Vikram Singh,Inactive,Married,3,2,21.0,Fast learner
50537,Pooja Mehta,pooja.mehta8@company.com,9721164110,Other,1968-09-15,54,HR,Support Specialist,Part Time,2021-04-24 00:00:00,Delhi,Bachelor's,9.0,973017,77841.36,Average,Priya Sharma,Inactive,Married,15,five,24.0,Good performer
51054,Arjun Gowda,arjun.gowda16@company.com,9229476291,Male,1969-10-12,32,FINANCE,Marketing Analyst,Intern,2022-06-01 00:00:00,Noida,Bachelor's,14.6,2018384,161470.72,Good,Vikram Singh,Inactive,Single,10,5,34.0,Needs training
50706,Arjun Singh,arjun.singh17@company.com,9252305714,Female  ,1980-05-23,51,HR,Financial Analyst,contractual,2021-02-24 00:00:00,cHENNAI,Master's,13.0,1538548,76927.4,Average,Vikram Singh,Inactive,Married,12,2,16.0,Good performer
50619,Amit Singh,amit.singh46@company.com,9925981941,Female,1982-08-14,36,Customer Support,Business Analyst,Part Time,2022-02-02 00:00:00,Hyderabad,Diploma,12.8,746289,149257.8,Average,Sneha Patel,Inactive,Divorced,35,2,,Needs training
51179,Kavya Singh,kavya.singh21@company.com,9453985584,,1969-04-18,31,Finance,Software Engineer,Full Time,2026-06-16 00:00:00,Delhi,PhD,17.8,2117652,423530.4,Average,Vikram Singh,rESIGNED,Single,21,5,23.0,
50603,Priya Gowda,priya.gowda38@company.com,12345,Other,1974-07-24,22,IT,Software Engineer,Part Time  ,2025-12-30 00:00:00,Mumbai,dIPLOMA,,1975952,296392.8,Excellent,Vikram Singh,Inactive,Married,22,2,11.0,Fast learner
50665,Priya Das,priya.das53@company.com,9750318838,Other,1975-06-27,63,Sales,,FULL TIME,,Gurugram,master,80,1499514,₹0,Excellent,Anil Kumar,Active,Married,28,2,8.0,
50811,Rahul Singh,rahul.singh79@company.com,9866574184,Male,1993-02-08,30,Operations,Operations Executive,Part Time,2020-02-04 00:00:00,Pune,Master's,6.3,255607,20448.56,Needs Improvement,Vikram Singh,Resigned,dIVORCED,35,3,36.0,
50404, Vivek Joshi,vivek.joshi88@company.com,9590192176,Other,1969-10-01,46,HR,Business Analyst,Intern,2026-05-19 00:00:00,Delhi,Bachelor's,12.1,996873,99687.3,Excellent,Vikram Singh,On Leave,Married,28,3,14.0,
50239,Priya Rao,priya.rao87@company.com,9852398699,Other,1994-12-29,45,Marketing,Operations Executive,Contract,2020-07-03 00:00:00,Chennai,PhD,12.3,754558,0.0,Average,Priya Sharma,Inactive,Single,9,4,36.0,Needs training
50319,Isha Joshi,isha.joshi2@company.com,9855150658,Female,1995-10-30,34,Finance,Business Analyst,Full Time,2021-01-13 00:00:00,Hyderabad,Bachelor's,15.2,1579761,,Average,Anil Kumar,Active,Married,6,1,23.0,Fast learner
50573,Arjun Kumar,arjun.kumar19@company.com,9749988610,Female,1973-01-18,64,Marketing,Operations Executive,part-time,2023-05-25 00:00:00,Chennai,Master's,5.0,650578,130115.6,Needs Improvement,Rahul Rao,On Leave,Single,12,2,26.0,
50171,Rohit  Verma,rohit.verma52@company.com,9358583639,Female,1970-02-18,47,Customer Support,Account Executive,contractual,2020-11-13 00:00:00,Bengaluru,Diploma,1.1,"1,528,252",305650.4,Excellent,Rahul Rao,Resigned,Divorced,5,2,17.0,Good performer
51080,Kavya Rao,kavya.rao54@company.com,9518188958,Female,2003-01-17,57,Operations,Business Analyst,Contract,2020-04-10 00:00:00,Mumbai,Master's,10 ,1666295,0.0,Average,Rahul Rao,On Leave,Married,23,5,1.0,Good performer
50577,Manish Singh,manish.singh49@company.com,955-300-6119,Male,1987-03-08,51,Customer Support,Operations Executive,part time,2023-02-20 00:00:00,Delhi,Master's,10 ,303599,15179.95,needs improvement,Meera Nair, Active,Married,0,4,18.0,Fast learner
50551,Neha Reddy,neha.reddy79@company.com,9907823238,Female,1980-07-31,59,Finance,Software Engineer,Full Time,2021-02-02 00:00:00,Chennai,Master's,10.7,272608,40891.2,Needs Improvement, Priya Sharma ,On Leave,Married,18,4,4.0,
50957,Vivek Singh,vivek.singh30@company.com,9533821785,Female,2001-01-27,25,Procurement,Account Executive,Part Time,2021-04-25 00:00:00,Hyderabad,PhD,3.7,1973873,157909.84,Average,Sneha Patel,On Leave,dIVORCED,11,4,13.0,Needs training
50374,Neha Verma,neha.verma23@company.com,9154615618,Other,1973-04-20,35,Sales,Software Engineer,Intern,2024-04-02 00:00:00,Mumbai,master,13.3,1252616,125261.6,Excellent,Rahul Rao,Active,Married,28,2,4.0,
50094,Kavya Patel,kavya.patel48@company.com,9995891957,Male,1977-11-08,36,IT,Support Specialist,Intern,2020-01-11 00:00:00,Noida,Master's,11.5,1705437,85271.85,Excellent,Vikram Singh,Active,Single,13,2,4.0,Fast learner
50638,Ananya Rao,ananya.rao48@company.com,9821329714,Male,2004-06-29,,IT,Operations Executive,Intern,2022-07-05 00:00:00,Delhi,Master's,10.5,1080899,0.0,Good,Anil Kumar,On Leave,Divorced,31,4,7.0,
50963,Manish Patel,manish.patel39@company.com,9315429656,Female,1979-08-21,36,IT,Marketing Analyst,Part Time,2019-01-17 00:00:00,Noida,Bachelor's,16.0,605646,90846.9,Good,Priya Sharma,Active,Married,23,5,7.0,
50300,Divya Das,divya.das42@company.com,9216051206,Other,1993-05-05,23,Procurement,Account Executive,Intern,2025-10-26 00:00:00,,Diploma,2.9,2155451,0.0,Average,Sneha Patel,Inactive,Married,7,2,16.0,
50914,Shreya Patel,shreya.patel46@company.com,9714308274,Female,1999-08-13,42,Procurement,Software Engineer,Intern,2026-02-24 00:00:00,Mumbai,PhD,17.4,546659,54665.9,Excellent,Sneha Patel,Inactive,Single,33,4,6.0,Fast learner
50889,Priya Patel,priya.patel94@company.com,9295905233,Male,1984-02-03,60,Finance,Marketing Analyst,Full Time,2026-01-05 00:00:00,Kolkata,Bachelor's,9.2,,,Excellent,Anil Kumar,ACTIVE,Married,24,5,,
50494,Kiran Mehta,kiran.mehta2@company.com,9308269425,Female,2001-12-03,27,Information Technology,Financial Analyst,Part Time,2021-08-28 00:00:00,Mysuru,Master's,3.5,2005859,300878.85,Excellent  ,Vikram Singh, , Divorced ,31,5,6.0,Good performer
50959,Rohit Das,rohit.das90@company.com,9241501339,Female,1978-11-02,18,Operations,HR Executive,Contract,2023-07-14 00:00:00,Bengaluru,Bachelor's,14.6,1218987,243797.4,Good,Rahul Rao,Inactive,Divorced,15,five,40.0,
50782,Nikhil Gowda,nikhil.gowda35@company.com,9376633831,MALE,1973-03-11,55,Finance,Data Analyst,Full Time,2024-08-10 00:00:00,Mysuru,PhD,-2,1603387,240508.05,Average, aNIL kUMAR,Inactive,Married,0,5,32.0,
50828,Vivek Das,vivek.das39@company.com,9580131904,Male,1968-01-10,18,Marketing,Support Specialist,Intern,2023-04-28 00:00:00,Mumbai,PHD,,1797016,89850.8,Needs Improvement,Rahul Rao,Resigned,Single  ,2,,6.0,Good performer
51116,Kavya Verma,kavya.verma75@company.com,9721265353,Other,1983-12-16,48,HR,Marketing Analyst,Intern,2020-07-11 00:00:00,Chennai,PhD,14.2,1651041,82552.05,Excellent,Anil Kumar,Resigned,Single,12,1,3.0,Needs training
50005,Arjun Das,arjun.das67@company.com,9625615445,Female,2004-07-26,30,IT, Support Specialist ,Intern,2025-09-12 00:00:00,Gurugram,PhD,14.5,1200972,180145.8,Excellent,Rahul Rao, On Leave ,Married,6,4,44.0,
50763, Meera Rao,invalid-email,9125953364,Female,1974-06-20,44,Procurement,Data Analyst,Contract,2026-04-30 00:00:00,Mysuru,Bachelor degree,15.9,990711,79256.88,Needs Improvement,Vikram Singh, ,Single,31,5,3.0,
50601,Vivek Das,vivek.das7@company.com,9453933325,Male,1979-10-18,24,Sales,Software Engineer,Full Time,2022-12-26 00:00:00,DELHI, Master's ,15.4,373012,0.0,average,Meera Nair,active,Divorced,,3,2.0,
50565,Nikhil Kumar,nikhil.kumar22@company.com,9273056086,Male,1982-12-30,20,Customer Support,Support Specialist,Full Time,2026-07-03 00:00:00,kOLKATA,Diploma,12.7,884509,0.0, Needs Improvement,Rahul Rao,Resigned,Single,5,3,36.0,Good performer
50489,Kavya Kumar,kavya.kumar88@company.com,9406905437,Male,1987-05-11,63,Procurement,Software Engineer,part time,2024-08-22 00:00:00,Pune,Diploma,17.9,658783,98817.45,Average,Priya Sharma,Resigned,Married,19,3,34.0,Good performer
50545, Sanjay Gowda,sanjay.gowda99@company.com,9992261838,Other,1974-02-14,63,Operations,Account Executive,Part Time,2026-02-02 00:00:00,Kolkata,Diploma,9.4,1138615,113861.5,Average,Anil Kumar,Active,single,25,3,30.0,
50314, Arjun Joshi,arjun.joshi32@company.com,9303298642,oTHER,1984-07-11,52,it,Software Engineer,Contract,2022-10-24 00:00:00,Hyderabad,Bachelor's,9.9,2008267,100413.35,Average,sNEHA pATEL,Inactive,Divorced,0,4,8.0,Good performer
50623,Meera Verma,meera.verma34@company.com,9560470159,Female,1979-08-26,32,IT,Operations Executive,Part Time,2019-11-23 00:00:00,Noida,PHD,16.5,1609089,241363.35,Average,Priya Sharma,Resigned,Divorced,3,3,20.0,Good performer
50961,Vivek Reddy,vivek.reddy47@company.com,9837076554, Female,1987-11-27,36,Procurement,Financial Analyst,Full Time,2023-04-08 00:00:00,Chennai,PhD,50.0,1328084,66404.2,Average,Meera Nair,Resigned,Married,30,3,44.0,Good performer
50884,Sanjay Verma,sanjay.verma99@company.com,9643357446,Female,1980-06-30,62,Operations,mARKETING aNALYST,Part Time,2021-01-15 00:00:00,Hyderabad,Master's,5.1,695833,55666.64,Needs Improvement,priya  sharma,On Leave,Divorced,9,3,10.0,
50220,Kavya Verma,kavya.verma53@company.com,9851899431,Male,1967-11-11,31,Procurement,Financial Analyst,Contract,2023-12-13 00:00:00,Kolkata,master's,8.2,1278483,127848.3,Needs Improvement,Priya Sharma, ,dIVORCED,33,3,13.0,Good performer
50765,Priya Kumar,priya.kumar25@company.com,9629685657,MALE,1981-02-16,60,Sales,Data Analyst,,2022-01-19 00:00:00,Gurugram,Diploma,14.9,1809321,90466.05,Average,Anil Kumar,Inactive,Married,35,3,12.0,Fast learner
50138,Arjun Singh,arjun.singh69@company.com,9862050673,Female,1987-04-15,59,Finance,Sales Executive,full-time,2023-10-22 00:00:00,Pune,Master's,3.6,575145,0.0,Needs Improvement,Anil Kumar,Active,Married,19,2,12.0,
50070,Ananya Nair,,9873761076,Female,1985-12-05,62,Marketing,Sales Executive, Contract,2024-02-06 00:00:00, Noida ,bachelor,12.5,"₹330,001",0.0,AVG,,Resigned,Divorced,20,4,5.0,Good performer
51006,Kiran Kumar,kiran.kumar10@company.com,9921315864,Other,2003-04-20,44,HR,Sales Executive,Full  Time,2022-04-21 00:00:00,Hyderabad,Bachelor's,15.4,1003392,50169.6,Average,Vikram Singh,Inactive,Married,22,4,39.0,
51071,Pooja Mehta,pooja.mehta4@company.com,9582316163,Other,2001-12-20,59,Operations,Software Engineer,Full Time,2022-03-25 00:00:00,Gurugram,Master's,8.8,1925817,0.0,Good,Anil Kumar,Resigned,MARRIED,7,3,41.0,Good performer
50498,Vivek Joshi,vivek.joshi50@company.com,9519511078,Female,1973-03-18,38,Customer Support,Sales Executive,Full Time,2026-01-05 00:00:00,cHENNAI,Diploma,13.6,1016591,0.0,Needs Improvement,Sneha Patel,Active,Divorced,9,3,13.0,
50891,Arjun Joshi,arjun.joshi54@company.com,9611474215,Other,1985-11-01,57,HR,Marketing Analyst,Full Time,2025-12-23 00:00:00,Bengaluru,Diploma,10.3,843523,126528.45,Good,Sneha Patel,Resigned,Married,33,1,44.0,Fast learner
50922,Pooja Patel,pooja.patel63@company.com,9261965278,female,1997-06-29,28,Operations,Software Engineer,Full Time,2025-04-03 00:00:00,Mysuru,PHD,5.5,839426,,AVERAGE,,On Leave,Married,2,2,16.0,Good performer
50437,Nikhil Mehta,nikhil.mehta4@company.com,9867946005,Other,1981-12-19,64,Sales,Software Engineer,Contract,2025-03-11 00:00:00,Pune,Bachelor's,3.8,1558682,77934.1,EXCELLENT,Meera Nair,Inactive,MARRIED,20,1,19.0,Fast learner
50566,Rahul Verma,rahul.verma19@company.com,9328882343,Male,1968-05-16,42,HR,HR Executive,Part Time,2023-07-08 00:00:00,Hyderabad,PhD,8.8,1397547,,Needs Improvement,Rahul Rao,Active,MARRIED,22,5,12.0,
50882,Vivek Gowda,vivek.gowda47@company.com,9911959585,Female,1994-02-01,0,Customer Support,Software Engineer,Part Time,2020-03-28 00:00:00,Mumbai,PhD,17.5,1733043,138643.44,Excellent,Rahul Rao,On Leave,Single,22,5,9.0,Good performer
50456,Akash Verma,akash.verma2@company.com,9284330171,Male,1968-07-30,30,Marketing,Marketing Analyst,Contract,2026-07-08 00:00:00,Hyderabad,Diploma,10.7,"828,150",0.0,Excellent, Sneha Patel ,Inactive,Married,14,2,3.0,
50934,Arjun Singh,arjun.singh96@company.com,9640782155,Female,1994-10-15,25,Procurement,Support Specialist,Intern,2022-03-07 00:00:00,Pune,Diploma,60,404629,0.0,Good,,iNACTIVE,Single,2,3,37.0,
50517,Akash  Mehta,akash.mehta18@company.com,9739080716,Other,1965-11-08,42,Finance,Support Specialist,Contract,2025-05-09 00:00:00,Chennai,PhD,1.4,1938065,155045.2,Excellent,Priya Sharma,Inactive,Single,4,3,43.0,Needs training
51023,Pooja Kumar,pooja.kumar87@company.com,9525875853,Male,1997-05-05,28, HR,Marketing Analyst,Contract,2023-04-04 00:00:00,Hyderabad,Bachelor's,15.4,1390894,0.0,Good,Rahul Rao,Resigned,single,12,4,34.0,Good performer
51175,Akash Nair,akash.nair85@company.com,9395404561,Male,1969-02-07,27,Procurement,Marketing Analyst,Intern  ,2020-07-06 00:00:00,,Master's,5.7,518954,25947.7,Good,Priya Sharma,Inactive,Single,28,1,42.0,
50327,Nikhil Verma, nikhil.verma84@company.com ,9890906400,Other,1978-03-15,60,HR,Marketing Analyst,Part Time,2024-12-12 00:00:00,Hyderabad,Master's,17.2,1590218,238532.7,Average,Sneha Patel,On Leave,Single,30,3,24.0,
50066,Sanjay Verma,sanjay.verma6@company.com,9484294959,Other,1998-06-17,54,procurement,SUPPORT SPECIALIST,Intern,2025-11-26 00:00:00,Bengaluru,,15.7,699024,34951.2,Average,Vikram Singh,On Leave,Married,34,1,40.0,Good performer
50824,Rohit Sharma, rohit.sharma65@company.com ,9528417355,Male,1978-01-05,39,Marketing,Support Specialist,Part Time,2019-11-11 00:00:00,Chennai,Diploma,15.7,340859,27268.72,Good,Anil Kumar,Active,Married,9,3,34.0,
50736,Nikhil Sharma,nikhil.sharma98@company.com,9589413064,Other,2000-03-10,21,Procurement,Data Analyst,internship,2023-06-11 00:00:00,Pune,diploma,16.4,10000000,30298.85,Average,priya sharma,Active,Single,5,2,40.0,
50880,Nikhil Gowda,nikhil.gowda81@company.com,,Male,1987-11-29,18,Sales,Support Specialist,Contract,2022-04-08 00:00:00,Mysuru, Bachelor's,15.5,1646698,0.0,Average,Meera Nair,Resigned,Divorced,1,2,19.0,Fast learner
50791,Meera Mehta,meera.mehta67@company.com,9453907380,male,2004-08-18,41,Marketing,Financial Analyst,Intern,2021-10-23 00:00:00,Delhi,Diploma,16.1,1612267,241840.05,Excellent,Sneha Patel,on leave,Married,33,1,12.0,
51034,Manish Reddy,manish.reddy6@company.com,9439045404,Female,1991-12-23,-3,Marketing,Software Engineer,Intern,2022-08-19 00:00:00,Mysuru  ,Master's,16.7,304539,30453.9,Needs Improvement,Anil Kumar,On Leave,Single,35,4,31.0,Good performer
50094,Kavya Patel,kavya.patel48@company.com,9995891957,Male,1977-11-08,36,IT,Support Specialist,Intern,2020-01-11 00:00:00,Noida,Master's,11.5,1705437,85271.85,Excellent,Vikram Singh,Active,Single,13,2,4.0,Fast learner
50924,Vivek Sharma,vivek.sharma47@company.com,9992284185,Male,1990-09-07,48, Customer Support,Data Analyst,Intern,2022-10-29 00:00:00,Chennai,Bachelor's,13.7,960998,48049.9,Excellent,Vikram Singh,Resigned,Married,3,3,24.0,Fast learner
51034, Manish Reddy,manish.reddy6@company.com,9439045404,Female,1991-12-23,-3,marketing,Software Engineer,Intern,2022-08-19 00:00:00,Mysuru  ,Master's,16.7,304539,30453.9,Needs Improvement,Anil Kumar,On Leave,Single,35,4,31.0,Good performer
50177,Kavya Gowda,kavya.gowda63@company.com,9609737549,Other,1967-02-08,60,,Data Analyst,Intern,2020-01-15 00:00:00,pune,,3.0,418693,20934.65,Good,Rahul Rao,Resigned,Divorced,3,5,5.0,
50888, Arjun Patel,arjun.patel74@company.com,9345519082,Other,2001-03-07,40,hr,Marketing Analyst,Contract,2024-08-15 00:00:00,Hyderabad,PhD,5 years,1783348,0.0,Average,Anil Kumar,Resigned,Married,,2,36.0,Good performer
51173,Meera Mehta,meera.mehta8@company.com,9150147987, Male,1969-09-21,51,it,SALES EXECUTIVE,contractual,2025-03-23 00:00:00,Mumbai,Master's,8.1,1262596,0.0,EXCELLENT,Sneha Patel,rESIGNED,Single,21,5,2.0,Needs training
51192,Nikhil Kumar,nikhil.kumar30@company.com,9934948177,Other,2002-08-02,28,Sales,Financial Analyst,Part Time,2020-06-15 00:00:00,Hyderabad,Master's,8.8,"₹1,404,557",112364.56,Average,Anil Kumar,Active, Single ,4,3,31.0,Needs training
51118,Nikhil Reddy,nikhil.reddy62@company.com,9302172680,Other,1985-12-28,28,Sales,Data Analyst,part-time,2020-11-15 00:00:00,Mysuru,PhD,15.3,2193867,329080.05,Average,Rahul Rao,On Leave,Married,100,five,20.0,Good performer
50973, Divya Gowda,divya.gowda39@company.com,9304592535,Male,1971-01-23,24,Sales,Marketing Analyst,Contract,2021-09-03 00:00:00,Pune,Master's,50,696589,0.0,eXCELLENT,Sneha Patel,On Leave, Married,18,2,41.0,Needs training
50309,Shreya Rao,shreya.rao43@company.com,9133485233,Male,1996-02-22,61,IT,Software Engineer,Full Time,2024-08-13 00:00:00,Hyderabad,Diploma,9.0,2090877,104543.85,Needs Improvement,Sneha Patel,Inactive,Single,11,1,15.0,Good performer
50593, Nikhil Reddy,,9812183022,,2000-06-16,34,procurement,Data Analyst,Part Time,2023-07-25 00:00:00,Delhi,BACHELORS,10.2,1723714,137897.12,Average,Sneha Patel,aCTIVE,Married,27,2,27.0,
50547,Vivek Patel,vivek.patel13@company.com,9726642341,Female,1972-10-04,60,Marketing, Financial Analyst,Intern,2021-04-08 00:00:00,Bengaluru,Diploma,8.1,,0.0,Average,Vikram Singh,On Leave,Single,18,2,18.0,
51152,Manish Gowda,manish.gowda33@company.com,9507974212,Female,2004-04-30,27,IT,Marketing Analyst,Intern,2022-11-14 00:00:00,Noida,PhD,8.9,1717594,85879.7,Excellent,Priya Sharma,Resigned,Single,15,1,37.0,Needs training
50555,Vivek Rao,vivek.rao85@company.com,9620680744,Other,1983-08-16,41,Marketing,Support Specialist,Intern,2026-03-28 00:00:00,Bengaluru, Diploma,9.8,2074857,207485.7,Excellent,Priya Sharma,leave,Divorced,4,4,25.0,Fast learner
50396,Sneha Das,sneha.das4@company.com,98765ABCDE,Female,1996-05-24,58,Procurement,Marketing Analyst,Contract,2025-01-30 00:00:00,Hyderabad,Diploma  ,7.6,1323730,132373.0,Average,Priya Sharma,Resigned,Single,9,2,14.0,Needs training
50872,Manish Gowda,manish.gowda49@company.com,9509085031,Female,1980-10-20,42,Procurement,,Intern,2021-11-06 00:00:00,Gurugram,Bachelor's,15.8,342634,34263.4,Average,,Inactive,Divorced,23,1,41.0,
50513,Meera Singh,meera.singh27@company.com,9923478266,Female,1996-10-12,51,Procurement,Support Specialist,Contract,2022-06-17 00:00:00,Delhi,Diploma,3.0,496455,24822.75,Average,vIKRAM sINGH,resigned,Married,27,2,11.0,Good performer
50816,Kiran Mehta,kiran.mehta83@company.com,9193090039,Other,1968-03-31,64,Sale,HR Executive,part-time,2022-05-17 00:00:00,Hyderabad,Bachelor's,17.0,991946,198389.2,Needs Improvement,VIKRAM SINGH,On Leave,Married,6,2,8.0,Fast learner
50457,Neha Nair,neha.nair79@company.com,9456405638,Female,1974-03-16,60,Sales,Support Specialist,Intern,2025-08-15 00:00:00,Noida,Master's,17.4,1293645,129364.5,Needs Improvement,Sneha  Patel,Inactive,Divorced,13,3,32.0,Good performer
50687,Nikhil Patel,nikhil.patel77@company.com,9676397664,Other,1994-02-27,52,HR,Marketing Analyst,Contract,2025-06-14 00:00:00,Kolkata,Master's,9.5,467109,70066.35,good,Vikram Singh,On Leave,Married,35,1,22.0,Good performer
50232,Pooja Sharma,pooja.sharma37@company.com,9896608895,Male,2007-03-22,0,Sales,Business Analyst,Full Time,2021-04-11 00:00:00,Chennai,Bachelor's,16.1,1499074,224861.1,AVG,Priya Sharma,On Leave,Divorced,33,,31.0,Needs training
50302,Arjun Sharma,arjun.sharma63@company.com,9623353360,Other,1980-04-11,45,Operations,SALES EXECUTIVE,Part Time,2021-09-12 00:00:00,Gurugram,BACHELOR'S,6.3,1127099,169064.85, Excellent,Meera Nair, Active,Single,13,3,25.0,Needs training
50735,Priya Gowda,priya.gowda81@company.com,9348810979,Male,1980-09-22,48,HR,Business Analyst,Contract,2025-09-03 00:00:00,Kolkata,PhD,13.5,1610239,128819.12,Good,mEERA nAIR,RESIGN,Divorced,19,1,12.0,Needs training
50753,Neha Verma,neha.verma6@company.com,9541194350,Female,1985-05-01,25,Sales,HR Executive,Contract,2023-01-05 00:00:00,Kolkata,Diploma,15.6,1493219,,Needs Improvement,Priya Sharma,Active,Divorced,2,5,25.0,Needs training
50668,Sneha Kumar,sneha.kumar83@company.com,9479279000,Other,1997-04-26,23,Sales,Marketing Analyst,Part Time,2025-06-02 00:00:00,Mumbai,Master's,16.0,1715761,85788.05,Needs  Improvement,Meera Nair,Inactive,Single,16,4,28.0,Needs training
50451,Manish Das,manish.das90@company.com,9649701501,Other,1996-06-09,25,Operations,HR Executive,Full Time,2025-05-30 00:00:00,Hyderabad,Diploma,10.9, 1634980 ,245247.0,Needs Improvement,Priya Sharma,Resigned,Married,23,2,24.0,
50602, Vivek Sharma,vivek.sharma16@company.com,9364555689,Female,1986-10-15,150,SALES,Marketing Analyst,Part Time,2020-06-27 00:00:00,Mysuru,Bachelor's,7.1,1677989,134239.12,Needs Improvement,Sneha Patel,Inactive,Single,12,5,37.0,Fast learner
50186,Amit Verma,amit.verma33@company.com,9318220746,Male,1982-10-22,55,IT, data analyst ,Contract,2025-11-10 00:00:00,kolkata,Diploma,11.4,"₹2,081,319",104065.95,Needs Improvement,Anil Kumar,On Leave,Single,0,4,-5,Good performer
50750,Divya Verma,divya.verma39@company.com,9377322544,Other,1966-05-12,28,Procurement,Financial Analyst,Intern,2024-01-16 00:00:00,Hyderabad,Diploma,13.0,1193834,179075.1,Average,Priya Sharma,Inactive,Divorced,25,4,2.0,
50460,Kavya Joshi,kavya.joshi74 @company.com,9551953303,Other,1971-03-31,53,HR,Marketing Analyst,Intern,2019-11-22 00:00:00,Mysuru,Bachelor's,9.1,1000668,100066.8,Average,Sneha Patel,Inactive,Married,24,3,19.0,
50916,Neha Verma,neha.verma54@company.com,9437734823,Male,2000-08-13,34,Customer Support, Financial Analyst,Part Time,2023-08-17 00:00:00, Mysuru ,Diploma,2.4,688942,137788.4,Average,Meera Nair, Active,Single,32,5,28.0,Fast learner
50472,Akash Reddy, akash.reddy91@company.com ,9676399916,Other,1992-06-23,35 years,Customer Support,Support Specialist,Part Time,,Mumbai,Diploma,2.2, 996656 ,,Excellent,Vikram  Singh,On Leave,Single,30,4,21.0,Fast learner
50069,Rohit Joshi,rohit.joshi99@company.com,9856709197,FEMALE,1989-05-21,34,Operations  ,HR Executive,Part time,2025-09-10 00:00:00,Gurugram,Bachelor's,80,1441358,288271.6,Average,Priya Sharma  ,Active,Married,11,2,14.0,Needs training
50398,Shreya Rao,,9775435481,Female,2007-05-06,49,IT,Data Analyst,Intern,2019-12-29 00:00:00,Kolkata,master,2.8,253706,25370.6,Average  ,Priya Sharma,Active,Married,25,5,2.0,
51129,Arjun Nair,arjun.nair72@company.com,9376059352,Female,2008-08-05,49,operations,Business Analyst,Full Time,2022-10-03 00:00:00,Pune,Diploma,6.9,1995654,299348.1,Good  ,Rahul Rao,active,mARRIED,26,1,23.0,Needs training
50522,Akash Patel,akash.patel33@company.com,9887316476,Male,1975-03-07,22,Finance,Account Executive,Contract,2025-07-05 00:00:00,Delhi,,4.2,1191540,238308.0,Good,Priya Sharma,On Leave,Single,32,4,23.0,
50167,Divya Patel,divya.patel13@company.com,9604271005,other,1993-03-11,36,Sales,Software Engineer,Contract,2021-04-02 00:00:00,Chennai,Diploma,9.6,418127,20906.35,Excellent,Rahul Rao,Inactive,Divorced,2,3,26.0,
50991,Shreya Gowda,shreya.gowda3@company.com,9751048517,Male,1967-01-21,49,Sales, Data Analyst,Contract,2022-10-23 00:00:00,Pune,Master's,2.6,1136296,90903.68,Good,vikram singh,Resigned,Married,21,2,34.0,Fast learner
50660,Sneha Gowda, sneha.gowda66@company.com ,9315679929,Other,1987-02-21,45,Customer Support,Business Analyst,Part Time,2019-07-02 00:00:00,Mumbai,PhD,6.8,2106442,168515.36,aVERAGE  ,Sneha Patel,Active,Married,16,3,38.0,
51187,Manish Patel,manish.patel75@company.com,9445586630,Male,1996-05-12,18,Customer Support,Business Analyst,Full Time,2021-07-03 00:00:00,Chennai,Bachelor's,12.0,486259,0.0,Needs Improvement,Rahul Rao,On Leave,Married,21,2,33.0,
50014,Amit Sharma,amit.sharma40@company.com,9232092060,Male,1969-04-30,61,Operations,Software Engineer,Intern,,Mysuru,Bachelor's,16.6,288187,23054.96,Good,Vikram Singh,Resigned,Married,7,3,32.0,Needs training
50224,Arjun Sharma,arjun.sharma54@company.com,9552621397,Female,1982-10-27,61,Operations,Financial Analyst,Contract,2020-01-24 00:00:00,Mysuru,Bachelor's,7.6,1158611,115861.1,Needs Improvement,Rahul Rao,Active,Single,20,4,31.0,
50633,Divya Singh,divya.singh37@company.com,9609445487,Male,2000-10-31,32,procurement,Operations Executive,Intern,2022-01-14 00:00:00,Hyderabad,Diploma,16.1,510593,25529.65,Needs Improvement,Priya Sharma,On Leave,Divorced,9,1,20.0,
50549,Akash Verma  ,akash.verma49@company.com,9335260046,other,1982-03-21,28,IT,Support Specialist,Full Time  ,2019-03-06 00:00:00,Noida,PhD,13.0,"₹2,037,507",0.0,poor,Sneha Patel,leave,single,26,1,14.0,
50229,Kavya Mehta,kavya.mehta71@company.com,9879948221,Other,2005-12-20,56,Procurement,oPERATIONS eXECUTIVE,Intern,2021-07-17 00:00:00,Kolkata,Master's,5.2,,178002.5,Excellent,aNIL kUMAR,Resigned,Married,35,4,42.0,Fast learner
50745,Vivek Mehta,vivek.mehta84@company.com,9227497111,F,2003-08-17,55,IT,HR Executive,Full Time,2022-05-03 00:00:00,Hyderabad,Diploma,13.2,1886270,150901.6,Needs Improvement,Priya Sharma,Inactive,Single,8,5,41.0,Fast learner
50268,Pooja Joshi,pooja.joshi50@company.com,9914889456,Other,1970-12-21,30,OPERATIONS,Marketing Analyst,Intern,2024-09-28 00:00:00,Bengaluru,Master's,4.4,2131772,426354.4,Good,Priya Sharma,Inactive,Single  ,21,1,15.0,Fast learner
50846,Sneha Mehta,sneha.mehta57@company.com,9672950123,Male,2003-10-14,33,Operations,Business Analyst,Intern,2019-11-13 00:00:00,Mumbai,PHD,14.3,1629102,130328.16,Needs Improvement,Meera Nair,Active,Single,29,4,17.0,
50794,Neha Gowda,neha.gowda62@company.com,9260498277,FEMALE,1969-05-01,19, HR ,Sales Executive,Part Time,2023-02-07 00:00:00,Gurugram,dIPLOMA,4.2,1122456,89796.48,Good,Anil Kumar,Active,Single,31,2,6.0,
51154,Nikhil Rao,nikhil.rao97@company.com,9523477570,Female,2007-08-25,40,hr,Marketing Analyst,Part Time,2023-11-17 00:00:00,Kolkata,Master's,0.7,1128510,225702.0,Average,Rahul Rao, On Leave ,Single,32,4,40.0,
50692,Kavya Singh  ,kavya.singh53@company.com,9893656297,Other,2007-04-26,27,Sales,Sales Executive,Part Time,2022-11-02 00:00:00,Bengaluru,Bachelor's,7.0,1346770,107741.6, Excellent,Anil Kumar,Resigned,Single,30,4,8.0,
50068,Amit Patel,amit.patel45@company.com,9285403222,Female,1966-09-22,0,Finance,HR Executive,Contract,2024-11-30 00:00:00,Delhi,Diploma,13.5,1235358,98828.64,Needs Improvement,Sneha Patel,Resigned,Single,5,4,24.0,Needs training
50989,Kiran Patel,kiran.patel32@company.com,9286582897,Other,1995-10-28,27,HR  ,HR Executive,Full Time,2023-09-01 00:00:00,Kolkata,diploma,2.2,579426,28971.3,EXCELLENT,Meera Nair,ACTIVE,single,35,3,40.0,Fast learner
50117,Shreya Verma,shreya.verma97@company.com,+91 9282569712,Male,2007-05-01,43,Operations,Data Analyst,Full Time,2021-08-03 00:00:00,Gurugram,master's,4.0,341022,51153.3,Average,Priya Sharma,Active,Married,0,4,7.0,
50558, Sneha Patel ,sneha.patel39@company.com,9906441355,Female,1969-10-08,53,Sales,Account Executive,INTERN,2026-01-12 00:00:00,Pune,PhD,17.4,496951,74542.65,Excellent,Meera Nair,Inactive,Single,23,5,11.0,
50298,Kiran Sharma,kiran.sharma30@company.com,9593798513,Male,2004-08-04,46,Operations,Software Engineer,Full Time,2024-01-14 00:00:00,Kolkata,diploma,0.4,1668735,133498.8,Average,Anil Kumar,On Leave,Divorced,16,2,11.0,
50048,Nikhil Rao,nikhil.rao39@company.com  ,9369417042,Female,1984-09-06,65,Customer Support,Support Specialist,Contract,2023-12-24 00:00:00,Pune,Master's,1.8,1766550,264982.5,Excellent,Priya Sharma,Inactive, Divorced ,18,4,14.0,
50705,Kavya Kumar,kavya.kumar82@company.com,9640521737,Female,2002-10-01,35 years,Customer Support,Business Analyst,Contract,2022-12-11 00:00:00,Gurugram,PhD,7.6,1393888,209083.2,Needs Improvement,Priya Sharma,Inactive,Divorced,30,1,16.0,Needs training
50265,Ananya Singh,ananya.singh76@company.com,9801463530,mALE,2002-04-12,20,IT,Sales Executive,intern,2019-04-04 00:00:00,Hyderabad,BACHELORS,7.8,430620,0.0,needs improvement,Meera Nair,Inactive,Divorced,8,3,14.0,
50875,Amit Kumar,amit.kumar67@company.com,9236920478,Female  ,1970-10-18,52, Customer Support,Business Analyst,Part Time,2021-07-22 00:00:00,Mumbai,bachelor,7.7,331597,49739.55,Excellent,Priya Sharma,Inactive,Divorced,9,3,14.0,
50455,Meera Patel,meera.patel13@company.com,9965828141,Other,1979-08-29,26, Operations,Business Analyst,Part Time,2026-07-17 00:00:00,Hyderabad,Bachelor's,11.4,1805653,144452.24,AVERAGE,Meera Nair,Active,Married,1,4,1.0,
50435,Pooja Mehta,pooja.mehta50@company.com,9724744106,Female,1999-08-06,31,,Marketing Analyst,Contract,2021-04-18 00:00:00,Hyderabad,Master's,3.6,1303502,0.0,GOOD,Sneha Patel,Resigned,Married,10,3,27.0,
50606,Pooja Verma,pooja.verma17@company.com,9547927562,Female,1995-04-13,48,Marketing,OPERATIONS EXECUTIVE,Full Time,2022-09-08 00:00:00,Delhi,Master's,14.6,1680183,336036.6, Excellent,Sneha Patel,Inactive,Married,15,2,8.0,Fast learner
50636,Sanjay Kumar,sanjay.kumar6@company.com,9253293033,Male,1967-12-04,-3,Operations  ,Support Specialist, Contract ,2021-05-31 00:00:00,BENGALURU,Diploma,8.3,1224923,122492.3,Needs Improvement,Rahul Rao,on leave,Single,0,2,18.0,Good performer
50680,Rahul Patel,rahul..patel95@company..com,9814024597,Male,1996-09-26,62,HR,Operations Executive,,2024-05-01 00:00:00,Kolkata,Diploma,2.2,1107483,166122.45,Good,Sneha Patel,Active,Divorced,4,3,12.0,
51073,Manish Joshi,manish.joshi99@company.com,9357335107,Female,1966-09-02,23,HR,Software Engineer,Full Time,2025-09-17 00:00:00,Kolkata,Bachelor's,18.0,1419889,141988.9,Excellent,Rahul Rao,On Leave,Married,26,1,34.0,
50744,Arjun Reddy,arjun.reddy12@company.com,9432565648,FEMALE,1998-12-11,64,,HR Executive,Contract,2026-01-02 00:00:00,Kolkata, Bachelor's,5.3,1163107,58155.35,Good,Vikram Singh,On Leave,Single,23,5,15.0,Fast learner
50417,Amit Verma,amit.verma32@company.com,9823027812, MALE ,1971-06-23,52,Sales,Data Analyst,Contract,2020-01-14 00:00:00,Hyderabad,Diploma,11.3,1391997,278399.4,Good,Anil Kumar,On Leave, Single ,6,4,17.0,Fast learner
50203,Neha Singh,neha.singh47@company.com,9634838908,Other,2004-08-29,55,Procurement,Sales Executive,Part Time,2024-04-03 00:00:00,Gurugram,Diploma,11.8,1010571,50528.55,Average,Meera Nair,Active,Single,9,3,32.0,Fast learner
50732,Amit Patel,amit.patel11@company.com,12345,Male,1967-06-23,65,sALES,Marketing Analyst,Part Time,2022-11-23 00:00:00,Delhi,Diploma,4.0,737250,,Excellent,Vikram Singh,Inactive, single,11,2,11.0,
50118,Arjun Kumar,arjun.kumar42@company.com,9350596752, FEMALE ,2001-05-02,35 years,HR,Data Analyst,Contract,2023-12-13 00:00:00,Noida,Diploma,5.5,1015243,81219.44,Excellent,Vikram Singh,On Leave,Divorced,23,5,40.0,Fast learner
50317,Priya Singh,priya.singh94@company.com,9867110350,Female,2002-02-23,35,Finance,Marketing Analyst,Full Time,2020-11-16 00:00:00,Gurugram,Diploma,15.0,1666881,133350.48,needs improvement,Sneha Patel,Active,Single,20,3,24.0,
50071,Kiran Patel,kiran.patel17@company.com,9365369085,Female,1996-08-28,54,Operations,HR Executive,Contract,2019-08-14 00:00:00,Mysuru,master,0.2,1333824,106705.92,Good,Vikram Singh, On Leave ,married,17,4,33.0,
50320,Divya Patel,divya.patel90@company.com,9130750401,Other,1978-07-12,62,IT,Financial Analyst,Contract,2023-10-03 00:00:00,Delhi,Bachelor's,11.6,1311402,104912.16,Needs Improvement,Meera Nair,Inactive,Single,31,3,20.0,Fast learner
50379,Akash Nair,akash.nair48@company.com,9312707011,Female,1998-10-04,43,Finance,,Part Time,2023-12-28 00:00:00,Delhi,PhD,15.5,701313,0.0,Good,aNIL kUMAR  ,Resigned,Single,13,2,35.0,
50021,Kiran Rao,kiran.rao25@company.com,12345,Female,1966-11-13,36,IT,Software Engineer,Part Time,2025-08-24 00:00:00,Kolkata,Master's,17.6,1628870,325774.0,Excellent,Vikram Singh,Resigned,Married,22,5,150,
50470,Pooja Sharma,pooja.sharma88@company.com,9844422505,Other,1966-05-13,22,Finance,Support Specialist,part time,2023-08-23 00:00:00,Pune,PhD,12.1,609420,48753.6,Average,Priya Sharma,active,Single,6,2,35.0,
50210,Meera Das,meera.das19@company.com,9262167289,Other,2000-11-09,44,Operations,Marketing Analyst,pART tIME,2025-05-18 00:00:00,Pune,Bachelor's,9.4,709647,70964.7,GOOD,Priya Sharma,Resigned,Single,12,3,22.0,Fast learner
50576,Manish Rao,manish.rao98@company.com,9869559564, MALE ,1981-11-24,62,Sales,Data Analyst,Intern,2024-11-25 00:00:00,Chennai,PHD,12.5,631397,63139.7,excellent,Vikram Singh,Inactive,Single,13,2,33.0,
51122,akash patel,akash.patel90@company.com,98261 34547,Male,2003-01-16,63,Sales,Data Analyst,Intern,2026-08-25 00:00:00,Hyderabad,Bachelor's,8.7,1639255,327851.0,Needs Improvement,Rahul Rao,Active,Single,1,5,45.0,Fast learner
50090,Neha Gowda,neha.gowda54@company.com,9679169641,Male,1973-01-04,26,Customer Support,Operations Executive,Full Time,2019-04-20 00:00:00,Noida,Diploma,7.0,897201,134580.15,Needs Improvement,,active,Married,19,5,3.0,
50273,Akash Rao,akash.rao75@company.com,9545011236,Other,1982-06-30,32,Customer Support,Data Analyst,Full Time,2020-07-13 00:00:00,Chennai,PhD,4.3,,66616.4,Average,meera nair,Inactive,Married,0,2,7.0,
50621,Nikhil Patel,nikhil.patel58@company.com,9928667257,Female,1989-09-25,,Operations,Business Analyst,Intern,2024-11-05 00:00:00,Mumbai,Diploma  ,3.3,448602,35888.16,Excellent,Meera Nair,Resigned,Single,twenty,5,18.0,
51057,Meera Nair,meera.nair62@company.com,9325075786,Female,1972-11-09,,oPERATIONS,Software Engineer,Part Time,2025-09-30 00:00:00,Chennai,PhD,13.1,,167606.2,Average,Sneha Patel,inactive,Single,15,5,22.0,Needs training
50183,Rohit Kumar,rohit.kumar48@company.com,9787406807,Male,1965-07-27,42,IT,OPERATIONS EXECUTIVE,part-time,2023-12-26 00:00:00,Chennai, PhD ,5 years,1139039,0.0,Needs Improvement,Vikram Singh,On Leave, Single ,17,1,39.0,Needs training
50769,Isha Singh,isha.singh22@company.com,9984470528,Male,1993-09-24,0,sALES,Data Analyst,Full Time,2024-11-14 00:00:00,Hyderabad,PhD,7.4,611552,61155.2,Needs Improvement,Priya Sharma,Inactive,Single,30,4,42.0,
51123,Kavya Patel,kavya.patel4@company.com  ,9818868868,Female,1970-06-19,34,Procurement,Software Engineer,Full Time  ,2022-07-01 00:00:00,Mysuru,PhD,11.5,1373936,206090.4,Excellent,Vikram Singh,Inactive, Divorced,14,6,20.0,Good performer
50509,Meera Joshi,meera.joshi41@company.com,9866856110,Other,1977-04-05,60,Operations,HR Executive,Intern,2020-08-06 00:00:00,Delhi,Bachelor's,12.0,1151716,230343.2,EXCELLENT,Anil Kumar,Resigned,Single,30,4,29.0,Fast learner
50023,Kiran Joshi,kiran.joshi45 @company.com,9609362707,Female,1978-11-07,25,HR,Software Engineer,Intern,2026-04-06 00:00:00,Mysuru,Diploma,1.5,486518,₹0,Needs Improvement,Rahul Rao,On Leave,Divorced,14,2,20.0,
51063,Kiran Singh,kiran.singh24@company.com,9426320305,Male,2007-07-04,54,Sales,Data Analyst,Full Time,2023-10-15 00:00:00,Delhi,Diploma,7.4,1017194,-5000,Excellent,Anil Kumar,Inactive,Single,17,5,42.0,Needs training
51120,Sneha Das,sneha.das74@company.com,9310155333,mALE,1972-07-20,28,IT,,Contract,2020-04-21 00:00:00,Delhi  ,Bachelor's,10.1,1630832,81541.6,Average,Meera Nair,Active,Single,33,1,6.0,Fast learner
50143,Vivek Nair,vivek.nair90@company.com,9448151541,Male,1970-06-16,21,Operations,Software Engineer,Part Time,2025-11-09 00:00:00,Mumbai,Bachelor's,45,2018270,0.0,Needs Improvement,Vikram Singh,Resigned,Divorced,8,five,40.0,
50354,Sanjay Singh,sanjay.singh61@company.com,9959275628,Male,1975-11-30,59,HR,HR Executive,Contract,2020-05-03 00:00:00,Mysuru,Master's,11.9,905968,181193.6,Needs Improvement,Sneha Patel,Active,Single,34,1,150.0,Good performer
50548,Ananya Nair,ananya.nair34@company.com,9617352704, FEMALE ,1972-08-21,29,Finance,Marketing Analyst,Contract,2024-06-16 00:00:00,Mysuru,Diploma,4.2,1484608,118768.64,Needs Improvement,Priya Sharma, ON LEAVE ,single,2,1,43.0,Good performer
50420,Manish Singh,manish.singh39@company.com,9955989973,Male,1998-11-21,34,Sales,Marketing Analyst,Full Time,2020-03-12 00:00:00,Pune,PhD,15.2,1138398,170759.7,Average,Vikram Singh,Active,Married,26,3,26.0,
50086,Manish Nair,manish.nair30@company.com,9502597189,male,1998-01-29,64,Marketing,Financial Analyst,pART tIME,2026-02-20 00:00:00, Delhi ,Master's,12.6,378015,56702.25,Needs Improvement,Priya Sharma,Resigned,Divorced,29,4,25.0,Good performer
50370,Ananya Joshi,ananya.joshi60@company.com,9637579287,Female,2007-03-26,45,Sales,Financial Analyst,Intern,2024-07-06 00:00:00,Kolkata,Master's,3.8,2020075,202007.5,Average,Anil Kumar, Inactive,Divorced,13,five,4.0,
50419,Rahul Patel,rahul.patel39@company.com,9323007881,Female,2004-06-13,63,SALES,Support Specialist,Full Time,2026-03-12 00:00:00,Chennai,PhD,3.4,302026,0.0,excellent,Rahul Rao,On Leave,Divorced,16,2,17.0,
50402,Amit Verma,amit.verma21 @company.com,9320257178, MALE ,1983-10-26,57,Finance,Business Analyst,part time,2025-09-25 00:00:00,Mumbai,Bachelor's,9.7,,169856.6,Needs Improvement,Rahul Rao,ON LEAVE,Single,twenty,5,9.0,Needs training
50734,Meera Mehta,meera.mehta36@company.com,9210419795,Other,1999-10-19,62,,Data Analyst,Full Time,2021-05-04 00:00:00,Gurugram,Diploma,9.4,2122818,424563.6,Good ,Vikram Singh,On Leave,Single,1,5,14.0,Fast learner
51020,Vivek Patel,vivek.patel30@company.com,9202494563,Other,1996-03-29,27,Marketing,Account Executive,Full Time,2019-01-02 00:00:00,Delhi,diploma,15.8,1690182,0.0,Average, Meera Nair,Resigned,Married,10,4,10.0,Fast learner
50230,Manish Gowda,manish.gowda46@company.com,9751447332,Male,1992-09-11,38,Customer Support,Software Engineer,Intern,2019-03-22 00:00:00,Bengaluru,Diploma,2.8,344192,27535.36,Average,Meera Nair,active,Divorced,21,2,41.0,
51058,Isha Kumar,isha.kumar79@company.com,9605081206,Male,1994-11-12,19,Customer Support,Business Analyst,Contract,2023-10-07 00:00:00,Noida,Master's,10.5,445739,35659.12,Average,Vikram Singh,Resigned,single,13,5,29.0,Good performer
50790,Kiran Nair,kiran.nair25@company.com,9345789029,Other,1983-12-22,51,Sales,Account Executive,Contract,2019-03-08 00:00:00,,PhD,12.9,583852,87577.8,AVERAGE,Vikram Singh,Active,Divorced,26,4,14.0,Good performer
50708,Rohit Kumar,rohit.kumar7@company.com,9620730362,Other,1982-01-29,31,IT,Business Analyst,Full Time,2021-10-27 00:00:00,Mumbai,Bachelor's,3.4,618441,49475.28,Average,Rahul Rao,Active,Divorced,18,5,29.0,
50250,Divya Das,divya.das39@company.com,9811259707,Female,1974-10-05,23,HR,Data Analyst,Contract,2024-05-16 00:00:00,Chennai,Bachelor's,8.4,495075,39606.0,average,Priya Sharma,Inactive,married,32,5,40.0,
50365,Rohit Singh,rohit.singh78@company.com,946-512-6156,Other,1988-10-22,58,sales,Sales Executive,Full Time,2025-11-06 00:00:00,Kolkata,Diploma,11.8,323051,32305.1,Average,Sneha Patel,resigned,Divorced,18,4,8.0,
50271,Isha Nair,,9662718562,Female,1967-09-22,56,HR,HR Executive,Intern,2022-06-22 00:00:00,Noida,Master's,2.2,358479,71695.8,Needs Improvement,Rahul Rao,Resigned  ,Married,100,2,1.0,
50312,Rohit Das,rohit.das73@company.com,9724408168,Male,1973-05-23,21,Customer Support,Data Analyst,Part time,2026-02-19 00:00:00,Noida,bachelor's,2.2,856787,0.0,Average,Sneha Patel,Resigned,Single,28,2,10.0,Good performer
51094,Divya Verma,divya.verma24@company.com,9933446897,Female,2003-02-26,43,Finance,Data Analyst, Full Time ,2025-05-23 00:00:00,Bengaluru,Diploma,8.4,350405,70081.0,Average,Meera Nair,Inactive,Divorced,2,1,34.0,
50515,Ananya Reddy,ananya.reddy22@company.com,9750684439,Male,1973-11-25,65,Marketing,hr executive,Contract,2020-04-15 00:00:00,Noida,PhD,7.7,778831,0.0,Needs Improvement,Priya Sharma,Inactive,Married,20,2,31.0,
51044,Kiran Patel,kiran.patel6@company.com,9280936322,Other,1971-05-31,30,IT,Financial Analyst,Full Time,2024-09-03 00:00:00,Delhi,Bachelor's,14.7,1741417,261212.55,Needs Improvement,RAHUL RAO,Inactive,Married,22,,16.0,
50580,Nikhil Nair,nikhil.nair57@company.com,9565051913, Other ,1984-11-24,44,Marketing,HR Executive,Intern,2019-10-06 00:00:00,Delhi,PhD,17.1,1127448,169117.2, Excellent,Anil Kumar,Inactive,Single,10,,25.0,
50501,Kiran Mehta, kiran.mehta72@company.com,9634195340,Other,2001-12-08,20,HR,Operations Executive,Contract,2023-07-05 00:00:00,Mysuru,Diploma,10.2,2052437,307865.55,Needs Improvement,Sneha Patel,active,MARRIED,19,2,9.0,
50189,Nikhil Das,nikhil.das57@company.com,9507948966,Male,1984-08-02,35,IT,Business Analyst,Full Time,2026-03-31 00:00:00,Bengaluru, Master's,13.4,1282349,192352.35,Good,Rahul Rao,Active,Divorced,34,4,14.0,Needs training
51137,Amit Rao,amit.rao32@company.com,9764504578,Other,1979-09-03,19,IT,support specialist,Contract,2024-05-14 00:00:00,gURUGRAM,PhD,,912582,91258.2,Average,Anil Kumar,Active,Married,5,1,22.0,Fast learner
50479, Shreya Singh,shreya.singh25@company.com,9106304054,Female,1980-04-09,22,HR,Sales Executive,Full Time,2023-03-19 00:00:00,Kolkata,,17.9,926098,138914.7,Needs Improvement,Anil Kumar,Inactive,Single,0,,45.0,
50253,Akash Singh,akash.singh97@company.com,9706925409,Female,1972-11-08,0,Finance,HR Executive,Intern,2020-03-06 00:00:00,Pune,Diploma,17.2,667419,66741.9,Excellent,Sneha Patel,Active,Divorced,27,1,45.0,
50335,Vivek Das,,9215385284,Male,1966-10-05,30,Customer Support,operations executive,Intern,2021-09-19 00:00:00,Gurugram,Master's,3.5,652168,65216.8, Excellent,Vikram Singh,ACTIVE,Married,23,4,36.0,
51068,Arjun Verma,arjun.verma87@company.com,9252790245,Male,1988-05-08,26,Marketing,Marketing Analyst,Contract,2023-03-26 00:00:00,Noida,Bachelor's,8.9,1584858,79242.9,AVG,pRIYA sHARMA,Inactive,Married,34,5,11.0,Needs training
50911,Isha Joshi,isha.joshi28@company.com  ,9649053374,Female  ,1994-04-04,39,IT,Business Analyst,Part Time,2024-02-08 00:00:00,Pune,PhD,13.0, 1878216 ,150257.28,Excellent,Meera Nair,Resigned,Divorced,15,5,26.0,
50833,Vivek Mehta,vivek.mehta30@company.com,9442751733,Male,1988-08-31,48,IT,Data Analyst,Part time,2022-01-13 00:00:00,Gurugram,Bachelor's,14.1,608563,30428.15,Good,Meera Nair,Inactive,Single,22,3,11.0,Fast learner
50067,Pooja Gowda,pooja.gowda83@company.com,9742525760,Male,2006-11-13,48,Finance,Support Specialist,,2026-08-26 00:00:00,Mumbai,dIPLOMA,17.2,349703,27976.24,Excellent,Priya Sharma,Resigned,MARRIED,13,3,13.0,
51186,Rohit Das,rohit.das10@company.com,9594797925,Male,1969-10-20,18,Sales,financial analyst,Full Time,2024-05-13 00:00:00,Hyderabad,Master's,14.2,1678544,167854.4,aVERAGE,Rahul Rao,On Leave,Single,8,2,20.0,Needs training
50725,Shreya Reddy,shreya.reddy85@company.com  ,9783137218,Male,1992-09-16,54,IT,Financial Analyst,Intern,2024-06-09 00:00:00,Hyderabad,Bachelor's,16.5,"894,982",71598.56,Good,Meera Nair,Active,Married,4,1,1.0,
50289,Neha Verma,neha.verma35@company.com,9828872911,Female,2000-06-11,31,IT,Account Executive,part time,2026-08-21 00:00:00,Gurugram,PhD,5 years,1814790,145183.2,Excellent,MEERA NAIR,Inactive,Married,6,1,42.0,
50764,Shreya Verma  ,shreya.verma39@company.com,9621679054,Male,1968-11-22,35,Procurement,Data Analyst,Intern,2023-03-10 00:00:00,Noida,Diploma,8.4,1817852,90892.6,excellent, Priya Sharma,iNACTIVE,Divorced,9,5,45.0,
50140,Amit Gowda,amit.gowda33@company.com,,Female,1995-02-28,46,Customer Support  ,Marketing Analyst,Part Time,2019-07-15 00:00:00,Kolkata,Diploma,12.6,427728,34218.24,Excellent,Priya Sharma,Active,Single,17,4,42.0,Fast learner
50076, Akash Gowda,akash.gowda64@company.com,9748058251,M,1965-11-30,29,Finance,HR Executive,Full Time,2022-10-21 00:00:00,Hyderabad,Master's,8.8,1889924,94496.2,Needs Improvement,Meera Nair,aCTIVE,divorced,26,1,23.0,
51104,Sneha Rao,sneha.rao58@company.com,9699825886,Female,1972-01-22,58,HR,Support Specialist,Full Time,2024-03-18 00:00:00,Bengaluru,PhD,12.3,556540,111308.0,good,Sneha Patel,Inactive,Divorced,35,5,2.0,
50985,Divya Kumar,divya.kumar79@company.com,9541789008,Female,1981-05-08,25,Procurement,Software Engineer,Part Time,2021-07-23 00:00:00,Mysuru,Bachelor's,8.4,256978,51395.6,Good,Meera Nair,Inactive,Married,25,4,39.0,Good performer
50535,Kiran Nair,kiran.nair63@company.com,9786948309,Female,1992-02-04,18,Sales,Account Executive,Full Time,2025-07-13 00:00:00,Chennai,PhD,1.1,839332,41966.6,Good,Meera Nair,On Leave,Married,20,3,22.0,
51083,Isha Singh,isha.singh33@company.com,9302068208,Male,1974-04-26,25,HR,Account Executive,Intern,2025-04-16 00:00:00,Noida,Masters,1.7,1243395,248679.0,Good, Vikram Singh,Inactive,Married,23,3,23.0,Needs training
50614,Priya Gowda,priya.gowda92@company.com,9697351075,Male,1994-07-31,62,Operations,HR Executive,Full Time,2023-10-07 00:00:00,Bengaluru,Bachelor's,14.9,1255026,188253.9,Average,Anil Kumar,Resigned,Single,11,3,13.0,
50366,Rohit  Verma,rohit.verma18@company.com,9586113398,female,1998-07-27,22,Customer Support,HR Executive,Intern,2023-02-19 00:00:00,Chennai,Diploma,11.6,1522470,0.0,Excellent,Anil Kumar,Active,Divorced,8,3,12.0,Needs training
50074,Sneha Nair,sneha.nair10@company.com,9212875583,Female,2008-05-08,43,HR,Software Engineer,Full Time,2023-06-26 00:00:00,Mumbai,Bachelor's,3.3,2030026,101501.3,Good,Anil Kumar,Active, Married ,twenty,2,0.0,Good performer
50260,Isha Kumar,invalid-email,9311608731,Female,2001-10-23,27,Procurement,Data Analyst,Full Time,2021-02-05 00:00:00,noida, Master's,14.8,248318,49663.6,Needs Improvement,Meera Nair,Resigned,Single,17,4,10.0,Needs training
50239,Priya Rao,priya.rao87@company.com,9852398699,Other,1994-12-29,45,Marketing,Operations Executive,Contract,2020-07-03 00:00:00,Chennai,PhD,12.3,754558,0.0,Average,Priya Sharma,Inactive,Single,9,4,36.0,Needs training
50292,Rahul Verma,rahul.verma9@company.com,9314159093,Male,1993-10-31,47,Finance,Business Analyst,Contract,2020-05-05 00:00:00,Mysuru,Master's,9.1,"₹1,776,883",0.0,Needs Improvement,Meera Nair,Active,Single,32,4,7.0,Needs training
50227,Kavya Reddy,kavya.reddy49@company.com,9108016825,female,1997-11-26,62,HR,Software Engineer,Contract,2023-12-23 00:00:00,Delhi,Bachelor's,2.6,741395,111209.25,Excellent,Meera Nair,Inactive,Single,15,2,14.0,Good performer
51074,Sanjay Mehta,sanjay.mehta46@company.com,9718034753,Male,1998-05-28,33,IT,Software Engineer,Intern,2023-09-13 00:00:00,Noida,Phd,1.6,845232,126784.8,Needs Improvement,Sneha Patel,On Leave,Divorced,22,1,29.0,
51177,Amit Das,amit.das61@company.com  ,9526566405,Female,1999-04-15,unknown,HR,Business Analyst  ,FULL TIME,2020-10-10 00:00:00,Hyderabad,DIPLOMA,1.7,398267,0.0,Average,Rahul Rao,Inactive,Divorced,30,1,39.0,
50482,Sneha Kumar,sneha.kumar30@company.com,9359579805, MALE ,1981-02-20,23,Sales,HR Executive,Intern,2020-09-19 00:00:00,Mumbai,BACHELORS,3.9,1961886,"₹98,094",Average,Priya Sharma,Resigned,Single,1,2,22.0,
50293,Manish Kumar,manish.kumar55@company.com,9351885348, FEMALE ,1985-05-10,35 years,Marketing,HR Executive,Part Time,2025-02-27 00:00:00,Pune,Diploma,4.1,1120381,112038.1,Needs Improvement,Meera Nair,On Leave,Single,30,5,11.0,Fast learner
50976,Sanjay Das,sanjay.das15@company.com,9337467164,Other,1980-10-23,19,Marketing,,Contract,2022-08-09 00:00:00,Bengaluru,PhD,1.5,347353,17367.65,Average,Meera Nair,Resigned,Divorced,11,1,16.0,Needs training
50297,Pooja Kumar,,9758051673,Male,1999-05-22,56,Procurement,Account Executive,Full Time,2025-03-01 00:00:00,pune,Bachelor's,0.8,402795,60419.25,Needs Improvement,Rahul Rao,Resigned  ,Divorced,18,1,5.0,
50362,Rahul Patel,rahul.patel59@company.com,9784506908,Other,1971-09-17,35,Operations,Operations Executive,Intern,2021-05-26 00:00:00,Pune,Master's,15.4,613102,122620.4,Needs Improvement,Anil Kumar,Inactive,Married,29,2,33.0,Needs training
50661,Divya Reddy,divya.reddy41@company.com,9605178593,Female,1967-02-16,58,Operations,Marketing Analyst,part time,2020-08-28 00:00:00,Delhi,PhD,4.7,1458861,0.0,Needs  Improvement,Meera Nair,On Leave,Married,33,3,10.0,Fast learner
50464,Isha Joshi, isha.joshi68@company ,922-085-7420,Female,2006-01-24,29,Procurement,Account Executive,Part Time,2020-12-19 00:00:00,Chennai,PhD,6.4,673492,101023.8,Good,Vikram Singh,on leave,Divorced,35,3,36.0,Fast learner
51072,Meera Das,meera.das91@company.com,9709761720,Female,1980-03-12,50,Operations,Business Analyst,Intern,2022-09-19 00:00:00,Bengaluru,Diploma,4.2,1177028,0.0,Average,Meera Nair,Active,Single,19,3,33.0,
51141,Pooja Verma,pooja.verma80@company.com,9626023024,Male,1967-06-15,52,Operations,BUSINESS ANALYST,Intern,2021-08-19 00:00:00,Kolkata,PhD,17.1,1968863,0.0, Excellent ,Rahul Rao,Active,married,1,2,16.0,
50202,Manish Patel,manish.patel63@company.com,9149099863,Male,1973-09-06,22,HR,Operations Executive  ,Part Time,2022-03-20 00:00:00,cHENNAI,Master's,2.5,402791,60418.65,Needs Improvement,Anil Kumar,Inactive,Single,100,3,28.0,
50018,Kiran Reddy,kiran.reddy96@company.com,9440910820,Male,1993-05-25,60,Sales,HR Executive,Intern,2024-11-01 00:00:00,Bengaluru,Master's,12.2,,91118.4,Needs Improvement,Meera Nair,On Leave,Single,35,five,-5,Fast learner
51012,Ananya Nair,ananya.nair46@company.com,9699138262,Male,1998-05-01,30, Operations,Sales Executive,Full Time,2020-09-28 00:00:00,Pune,Master's,7.5,"₹1,712,597",85629.85,Needs Improvement,Priya Sharma,Resigned,sINGLE,28,3,43.0,
51050,Amit Gowda,AMIT.GOWDA4@COMPANY.COM,9482651765,Other,1978-10-30,49,Sales,Data Analyst,Contract,2024-08-01 00:00:00,Bengaluru,Diploma,6.5,2061376,164910.08,Good,Priya Sharma,On Leave,Divorced,2,4,33.0,Fast learner
50817,Sanjay Patel,sanjay.patel82@company.com,9749682933,Male  ,2005-02-18,35 years,Operations, Account Executive,Full Time,2024-06-08 00:00:00,Noida,Bachelor's,8.0,2034587,203458.7,Average,Vikram Singh,ON LEAVE,Divorced,26,3,24.0,Fast learner
50418,Vivek Joshi,vivek.joshi36@company.com,9181892893,Male,1974-02-23,46,Procurement,Operations Executive,Intern,2024-12-26 00:00:00,Gurugram,PhD,5.4,1090848,,Needs Improvement,Meera Nair,Active,Single,27,2,30.0,
50917,Shreya Sharma,shreya.sharma89@company.com,9919863501,Other,2006-07-04,29,Sales,Support Specialist,Part Time,2022-07-22 00:00:00,Chennai,PhD,17.3,367699,0.0,Excellent,Priya Sharma,Inactive,Divorced,23,1,41.0,
50624,Nikhil Singh  ,nikhil.singh48@company.com,9588682545,Female,1969-04-23,62,Marketing,Data Analyst,Part Time,2019-04-09 00:00:00,Bengaluru, Bachelor's,11.3,303507,45526.05,Good,Anil Kumar,Inactive,Divorced,21,4,20.0,
51160,Kavya Gowda,kavya.gowda49@company.com,9343222833,OTHER,1990-09-16,53,Operations,HR Executive,Part Time,2025-05-18 00:00:00,Chennai,Diploma,5.5,"669,290",133858.0,Average,Rahul Rao,On Leave,Divorced,33,4,30.0,
50609,Sneha Patel,sneha.patel27@company.com,9805440389,Female,2005-08-30,26,Procurement,BUSINESS ANALYST,Contract,2020-04-04 00:00:00,Bengaluru,PhD,12.0,930492,0.0,Needs Improvement,Anil Kumar,Active,Divorced,6,3,10.0,Good performer
50776,Rahul Gowda,rahul.gowda42@company.com,9751217784,Female,1974-10-02,150,Customer Support,Software Engineer,Intern,2026-03-25 00:00:00,Kolkata,Bachelor's,0.5,513618,41089.44,EXCELLENT,Priya Sharma  ,Inactive,Single,13,5,29.0,
50762,Divya Gowda, divya.gowda5@company.com,9203312352,Male,2006-09-23,27,Operations,Sales Executive, Intern ,2025-04-13 00:00:00,Hyderabad,Master's,5.8, 1140500 ,171075.0,Good,Priya Sharma,Resigned,Married,,3,23.0,
50481,Divya Kumar,divya.kumar82@company.com,9612478247,Male,2001-12-10,unknown,Finance,MARKETING ANALYST,Full Time,2024-04-04 00:00:00,Pune,PhD,12.4,901063,180212.6,Excellent,Sneha Patel,Inactive,Divorced,24,4,35.0,
51052,Shreya Kumar,shreya.kumar34@company.com,9198702554,FEMALE,1970-02-02,19,Procurement,Account Executive,Intern,2022-10-11 00:00:00,Hyderabad,Diploma,6.2,555780,55578.0,Average,Sneha Patel,resigned,MARRIED,8,3,40.0,
50718,Vivek Sharma,vivek.sharma3@company.com,9382909819,Male,1967-08-07,51,Marketing,Support Specialist,Intern,2025-04-22 00:00:00,Delhi,Master's,13.2,1064049,159607.35,Good,Vikram Singh,Resigned,divorce,7,1,15.0,
50439,Sneha  Sharma,sneha.sharma45@company.com,9424224681,Male,2003-05-29,56,Marketing,Support Specialist  ,Contract,2020-03-18 00:00:00,Hyderabad,Diploma,1.3,1887608,0.0,Needs Improvement  ,Vikram Singh,On Leave,Married,14,4,3.0,
50643,Kavya Gowda,kavya.gowda86@company.com,9578094363,Female,1993-08-21,52,MKTG,HR Executive,full time,2024-03-06 00:00:00,Mysuru,PhD,17.3,1513266,226989.9,excellent,Meera Nair,Resigned,Divorced,2,3,12.0,
50029,Sanjay Reddy,sanjay.reddy33@company.com,12345,Female,1979-04-05,34,SALES,Support Specialist  ,Part Time,2025-10-20 00:00:00,Bengaluru,PhD,14.6,1245987,99678.96,Needs Improvement,Priya Sharma,On Leave,Married,32,,19.0,
51024,Akash Joshi,akash.joshi10@company.com,+91 9860134595,Male,2006-11-18,50,Marketing,Operations Executive,Intern,2019-02-09 00:00:00,Gurugram,Master's,10.5,1819309,90965.45,Needs  Improvement,Sneha Patel,inactive,Divorced,2,4,14.0,
50629,Vivek Joshi,vivek.joshi37@company.com,9265756627,Other,1972-01-08,38,Marketing,MARKETING ANALYST,Contract,2019-03-11 00:00:00,mYSURU, PhD ,2.2,1298604,129860.4,Average,Anil Kumar,Active,Divorced,100,3,32.0,
50334,Isha Kumar,isha.kumar63@company.com,9459457241,Other,2002-03-21,22,IT,HR Executive,Contract,2022-08-22 00:00:00,Bengaluru,Master's,5.3,1208754,0.0,Good,Meera Nair,Active,Divorced,13,4,18.0,
50078,Isha Nair,isha.nair41@company.com,9724674441,Female,2000-04-10,30,IT,Business Analyst  ,Full Time,2024-10-23 00:00:00,Delhi,Diploma,2.1,547382,109476.4,Good,Sneha Patel,On Leave,Single,-2,4,9.0,
50953,Isha Joshi,isha.joshi6@company.com,9765804414,Other,1999-10-18,46,Marketing,HR Executive,Full Time,2020-08-07 00:00:00,Kolkata,Master's,4.2,772601,154520.2, Needs Improvement ,Anil Kumar,On Leave,divorce,33,5,29.0,
50795,Rohit Kumar,rohit.kumar74@company.com,9683149001,Female,1971-11-04,42, IT ,Business Analyst,Part Time,2024-06-14 00:00:00,Delhi,PhD,2.6,455089,0.0,good,Sneha Patel,resigned,MARRIED,20,2,150,Needs training
50258,Meera Kumar,meera.kumar48@company.com,9331815641,M,1996-09-03,150,Operations,Data Analyst,FULL TIME,2026-08-04 00:00:00,Mumbai,PhD,1.2,1045631,156844.65,AVERAGE,Meera Nair,Inactive,MARRIED,20,5,7.0,Needs training
