Employee_ID,Employee_Name,Email,Phone,Gender,Date_of_Birth,Age,Department,Job_Title,Employment_Type,Joining_Date,Location,Education,Experience_Years,Annual_Salary,Bonus,Performance_Rating,Manager,Employee_Status,Marital_Status,Leave_Days,Job_Satisfaction,Overtime_Hours,Notes
50233,Manish Patel,manish.patel94@company.com,9654111492,Male,1999-02-17,64.0,IT,Financial Analyst,Contract,2021-10-29,Kolkata,PhD,15.5,1229851.0,122985.1,Good,Vikram Singh,Inactive,Divorced,21.0,1.0,42.0,Fast learner
50562,Arjun Nair,arjun.nair12@company.com,9929020930,Female,1975-06-26,49.0,Marketing,Support Specialist,Part Time,2025-01-23,Mysuru,Bachelor's,5.2,1333621.0,0.0,Excellent,Priya Sharma,Inactive,Single,18.0,2.0,21.0,Good performer
50585,Rahul Nair,rahul.nair83@company.com,9180753014,Other,1982-12-09,33.0,Operations,Business Analyst,Part Time,2021-10-20,Noida,PhD,16.6,522850.0,0.0,Excellent,Vikram Singh,Active,Married,2.0,2.0,21.0,Good performer
50026,Pooja Reddy,pooja.reddy64@company.com,9828213898,Other,1969-04-06,41.0,HR,Operations Executive,Contract,2026-08-13,Pune,Bachelor's,16.6,1848838.0,369767.6,Good,Anil Kumar,On Leave,Divorced,2.0,2.0,21.0,Good performer
50311,Amit Patel,amit.patel1@company.com,9229516584,Other,1993-07-08,52.0,Sales,Operations Executive,Full Time,2023-09-10,Hyderabad,Master's,9.2,1041499.0,83319.92,Needs Improvement,Sneha Patel,Active,Married,2.0,3.0,7.0,Good performer
50768,Kiran Gowda,kiran.gowda55@company.com,9988148763,Female,1994-01-21,31.0,Operations,Operations Executive,Contract,2026-05-16,Mumbai,Bachelor's,6.0,1008787.0,201757.4,Good,Rahul Rao,On Leave,Single,16.0,1.0,11.0,Fast learner
50213,Isha Nair,isha.nair47@company.com,9848481660,Female,1989-01-28,39.0,Sales,Sales Executive,Part Time,2024-01-02,Gurugram,Diploma,3.5,837901.0,83790.1,Needs Improvement,Vikram Singh,Active,Divorced,7.0,5.0,5.0,Good performer
50695,Meera Kumar,meera.kumar90@company.com,9292305597,Male,2008-05-11,24.0,Operations,Software Engineer,Intern,2024-06-11,Kolkata,PhD,5.2,751030.0,75103.0,Good,Vikram Singh,Active,Single,10.0,4.0,16.0,Needs training
50847,Divya Reddy,divya.reddy41@company.com,9546872059,Male,1972-03-09,64.0,Sales,Support Specialist,Contract,2020-03-29,Mysuru,PhD,5.9,2051871.0,102593.55,Good,Anil Kumar,Inactive,Divorced,10.0,1.0,42.0,Fast learner
50122,Amit Rao,,9844758247,Other,1974-03-26,24.0,Procurement,Financial Analyst,Intern,2020-05-04,Mumbai,Diploma,12.3,336144.0,16807.2,Good,Rahul Rao,Active,Married,9.0,1.0,21.0,Needs training
51143,Arjun Joshi,arjun.joshi80@company.com,9300016277,Other,1992-08-06,49.0,Operations,Marketing Analyst,Contract,2024-05-18,Chennai,Bachelor's,15.1,1629067.0,81453.35,Average,Priya Sharma,Resigned,Divorced,11.0,1.0,43.0,Good performer
50995,Sanjay Das,sanjay.das13@company.com,9179425493,Female,1983-10-17,47.0,IT,Marketing Analyst,Intern,2019-08-13,Hyderabad,Master's,3.5,2158112.0,107905.6,Average,Priya Sharma,Resigned,Single,9.0,3.0,28.0,Good performer
50146,Amit Patel,amit.patel70@company.com,9381317310,Other,2001-10-20,55.0,Finance,Sales Executive,Contract,2021-12-13,Bengaluru,Diploma,13.0,1244099.0,186614.85,Excellent,Vikram Singh,Active,Married,14.0,3.0,2.0,Good performer
50380,Meera Mehta,meera.mehta34@company.com,9439739976,Other,2004-06-12,22.0,Sales,Operations Executive,Contract,2023-05-25,Noida,PhD,0.6,1739893.0,86994.65,Good,Priya Sharma,Inactive,Divorced,14.0,1.0,4.0,Good performer
50570,Sanjay Singh,sanjay.singh31@company.com,9905338514,Male,1995-06-10,52.0,IT,Account Executive,Full Time,2025-03-28,Mumbai,PhD,17.7,311465.0,24917.2,Good,Priya Sharma,On Leave,Divorced,2.0,5.0,33.0,Good performer
50533,Nikhil Reddy,nikhil.reddy32@company.com,9797126125,Female,1969-02-10,40.0,IT,Operations Executive,Full Time,2023-05-17,Hyderabad,PhD,0.6,557999.0,44639.92,Good,Priya Sharma,Resigned,Married,27.0,3.0,30.0,Needs training
50907,Divya Nair,divya.nair80@company.com,9378555988,Male,1986-11-16,39.0,Sales,Data Analyst,Full Time,2026-03-07,Bengaluru,PhD,12.8,1837191.0,367438.2,Needs Improvement,Meera Nair,Active,Single,0.0,5.0,1.0,Good performer
50851,Amit Patel,meera.kumar28@company.com,9173780637,Other,2007-03-02,20.0,Customer Support,Account Executive,Contract,2020-01-12,Chennai,Diploma,5.3,1344567.0,268913.4,Needs Improvement,Sneha Patel,Inactive,Married,21.0,2.0,18.0,Fast learner
50944,Rahul Nair,rahul.nair66@company.com,9205865560,Other,1997-06-30,39.0,Customer Support,Business Analyst,Part Time,2021-09-12,Bengaluru,Bachelor's,3.1,1993652.0,159492.16,Average,Anil Kumar,Resigned,Single,17.0,3.0,2.0,Needs training
50022,Amit Kumar,amit.kumar21@company.com,9130513669,Male,1979-02-12,50.0,Sales,Software Engineer,Full Time,2025-01-17,Pune,Diploma,3.9,543553.0,27177.65,Good,Priya Sharma,On Leave,Married,31.0,1.0,4.0,Good performer
50553,Manish Gowda,manish.gowda44@company.com,9474323947,Male,1970-05-16,19.0,IT,Account Executive,Contract,2026-06-10,Mumbai,Master's,17.9,1164070.5,278013.75,Excellent,Sneha Patel,Active,Divorced,19.0,1.0,19.0,Good performer
51182,Arjun Verma,arjun.verma78@company.com,9882377436,Male,2000-11-09,62.0,IT,Account Executive,Contract,2020-06-15,Kolkata,Master's,14.3,1434681.0,71734.05,Good,Priya Sharma,On Leave,Married,28.0,5.0,20.0,Good performer
50610,Sanjay Gowda,sanjay.gowda32@company.com,9586807580,Female,1992-12-12,56.0,Sales,Software Engineer,Part Time,2019-04-03,Kolkata,PhD,12.0,283311.0,56662.2,Excellent,Rahul Rao,On Leave,Married,0.0,2.0,8.0,Good performer
51185,Divya Rao,divya.rao87@company.com,9914455543,Male,2001-08-05,51.0,Sales,Data Analyst,Part Time,2020-08-12,Mysuru,PhD,10.0,1889352.0,188935.2,Good,Anil Kumar,Inactive,Married,5.0,5.0,5.0,Needs training
50773,Isha Reddy,isha.reddy50@company.com,9438689077,Male,2008-02-08,31.0,Sales,Software Engineer,Intern,2021-04-21,Gurugram,Diploma,5.6,2060696.0,206069.6,Needs Improvement,Sneha Patel,Inactive,Divorced,17.0,2.0,5.0,Needs training
50593,Nikhil Reddy,,9812183022,Male,2000-06-16,34.0,Procurement,Data Analyst,Part Time,2023-07-25,Delhi,Bachelor's,10.2,1723714.0,137897.12,Average,Sneha Patel,Active,Married,27.0,2.0,27.0,Good performer
50543,Shreya Mehta,shreya.mehta6@company.com,9531929019,Male,1980-03-22,58.0,Procurement,HR Executive,Full Time,2020-05-05,Chennai,PhD,9.3,457031.0,0.0,Excellent,Meera Nair,Inactive,Single,0.0,3.0,21.0,Fast learner
50977,Sneha Mehta,sneha.mehta45@company.com,9215370147,Male,2006-09-10,26.0,Marketing,Operations Executive,Part Time,2021-01-05,Mysuru,Master's,13.5,1878130.0,281719.5,Good,Anil Kumar,Active,Single,10.0,3.0,38.0,Good performer
50935,Neha Verma,neha.verma59@company.com,9276634245,Male,1965-11-28,41.0,Marketing,Data Analyst,Contract,2020-02-11,Mysuru,Diploma,1.0,1554401.0,0.0,Excellent,Vikram Singh,Active,Single,24.0,3.0,24.0,Good performer
51077,Manish Joshi,manish.joshi29@company.com,9304340475,Other,1977-03-10,63.0,Finance,HR Executive,Contract,2021-01-07,Mumbai,Bachelor's,4.9,533297.0,42663.76,Average,Anil Kumar,Active,Divorced,29.0,4.0,32.0,Needs training
50285,Kiran Patel,kiran.patel20@company.com,9811467173,Female,1984-12-25,18.0,Customer Support,Software Engineer,Full Time,2022-07-29,Mumbai,Master's,6.2,1110531.0,55526.55,Good,Sneha Patel,Active,Married,34.0,5.0,0.0,Good performer
51188,Ananya Mehta,ananya.mehta23@company.com,9690130319,Male,1967-11-14,57.0,Sales,Business Analyst,Intern,2026-03-20,Bengaluru,Diploma,0.5,560376.0,112075.2,Excellent,Anil Kumar,Active,Married,25.0,3.0,9.0,Good performer
50085,Sneha Reddy,sneha.reddy48@company.com,9870900102,Male,2002-10-13,23.0,IT,Business Analyst,Part Time,2020-10-10,Mysuru,Diploma,14.8,243897.0,36584.0,Poor,Rahul Rao,Active,Divorced,17.0,5.0,8.0,Fast learner
51131,Vivek Verma,vivek.verma90@company.com,9407149125,Male,1973-05-30,49.0,Marketing,Software Engineer,Part Time,2021-09-15,Delhi,Bachelor's,5.2,1186643.0,0.0,Good,Sneha Patel,On Leave,Single,21.0,3.0,34.0,Needs training
51087,Rohit Joshi,rohit.joshi57@company.com,9794798663,Other,1966-01-24,65.0,Customer Support,Business Analyst,Full Time,2024-06-12,Mysuru,PhD,7.4,2155661.0,323349.15,Average,Rahul Rao,Inactive,Married,16.0,1.0,21.0,Fast learner
50252,Akash Sharma,akash.sharma35@company.com,9853564982,Other,2008-08-16,48.0,Marketing,Sales Executive,Intern,2019-01-02,Delhi,Diploma,15.2,694227.0,0.0,Excellent,Anil Kumar,Active,Divorced,26.0,2.0,5.0,Good performer
51099,Rahul Sharma,rahul.sharma64@company.com,9527569757,Male,1967-02-21,42.0,IT,Support Specialist,Contract,2025-01-15,Noida,Bachelor's,16.8,1509341.0,75467.05,Average,Sneha Patel,Active,Single,9.0,1.0,7.0,Fast learner
51115,Amit Joshi,amit.joshi89@company.com,9265463121,Male,1973-04-15,32.0,Procurement,Data Analyst,Contract,2025-07-25,Chennai,Diploma,3.9,1558968.0,155896.8,Good,Vikram Singh,Active,Divorced,16.0,1.0,11.0,Fast learner
50701,Amit Patel,arjun.verma31@company.com,9934038393,Other,1993-01-04,27.0,Operations,Marketing Analyst,Part Time,2021-02-17,Bengaluru,Bachelor's,10.2,507973.0,50797.3,Excellent,Priya Sharma,Active,Married,25.0,1.0,15.0,Good performer
50647,Rohit Joshi,rohit.joshi15@company.com,9586790231,Female,1995-03-31,39.0,Finance,HR Executive,Part Time,2020-04-05,Gurugram,Master's,11.4,1707522.0,136601.76,Excellent,Priya Sharma,Resigned,Married,21.0,1.0,15.0,Good performer
51037,Rohit Patel,rohit.patel63@company.com,9520622375,Female,1997-07-03,24.0,HR,Sales Executive,Part Time,2024-02-13,Chennai,Diploma,9.9,1706071.0,0.0,Good,Meera Nair,Active,Divorced,33.0,3.0,32.0,Good performer
50469,Shreya Singh,shreya.singh6@company.com,9735196941,Male,1974-05-29,21.0,IT,Financial Analyst,Full Time,2022-01-25,Mumbai,Master's,17.7,389914.0,19495.7,Good,Rahul Rao,Resigned,Married,10.0,1.0,23.0,Good performer
50832,Vivek Mehta,vivek.mehta20@company.com,9718035963,Female,1978-11-28,55.0,Operations,Support Specialist,Intern,2024-01-13,Gurugram,PhD,5.0,1878239.0,281735.85,Needs Improvement,Sneha Patel,Resigned,Single,27.0,5.0,6.0,Good performer
50616,Kavya Sharma,kavya.sharma92@company.com,9571574607,Male,1978-02-24,35.0,Sales,Account Executive,Full Time,2020-08-06,Hyderabad,Master's,10.3,1429372.0,142937.2,Average,Vikram Singh,Resigned,Divorced,35.0,2.0,16.0,Good performer
51165,Arjun Kumar,arjun.kumar86@company.com,9553933601,Male,1968-09-14,41.0,Sales,Financial Analyst,Contract,2019-12-07,Chennai,PhD,16.5,582788.0,0.0,Average,Rahul Rao,On Leave,Single,12.0,3.0,9.0,Needs training
50672,Vivek Kumar,vivek.kumar18@company.com,9278756187,Other,1997-02-15,30.0,Sales,HR Executive,Full Time,2022-08-31,Kolkata,PhD,7.6,613996.0,61399.6,Excellent,Sneha Patel,Active,Single,8.0,1.0,10.0,Good performer
50955,Shreya Mehta,shreya.mehta88@company.com,,Male,2004-08-04,60.0,Sales,Support Specialist,Intern,2023-10-13,Hyderabad,Master's,12.8,826024.0,66081.92,Excellent,Meera Nair,Inactive,Married,22.0,3.0,21.0,Good performer
50072,Shreya Kumar,,,Female,1976-05-12,23.0,Operations,Operations Executive,Full Time,2021-12-27,Gurugram,Bachelor's,1.3,1073918.0,0.0,Excellent,Meera Nair,On Leave,Divorced,8.0,1.0,1.0,Good performer
50930,Nikhil Mehta,,9673052052,Other,2002-01-20,23.0,IT,Data Analyst,Intern,2024-08-05,Gurugram,Bachelor's,9.2,1482653.0,296530.6,Excellent,Rahul Rao,On Leave,Divorced,25.0,1.0,24.0,Good performer
50049,Kavya Patel,kavya.patel77@company.com,9459959617,Other,1975-04-24,52.0,Customer Support,HR Executive,Contract,2023-04-27,Gurugram,Master's,12.5,509377.0,40750.16,Needs Improvement,Priya Sharma,Inactive,Divorced,19.0,1.0,39.0,Fast learner
50198,Vivek Rao,vivek.rao69@company.com,9837604299,Female,1973-03-26,32.0,HR,Business Analyst,Part Time,2025-07-03,Kolkata,PhD,3.1,2130254.0,426050.8,Excellent,Priya Sharma,Inactive,Divorced,10.0,1.0,2.0,Fast learner
50656,Nikhil Rao,nikhil.rao91@company.com,9249179459,Male,1970-07-29,60.0,Procurement,Software Engineer,Intern,2021-06-30,Delhi,Master's,2.9,1514149.0,151414.9,Needs Improvement,Anil Kumar,Active,Single,26.0,1.0,18.0,Good performer
50240,Isha Rao,isha.rao65@company.com,9562010861,Other,1978-08-04,21.0,IT,Operations Executive,Part Time,2022-08-04,Mysuru,PhD,2.9,1164070.5,189899.4,Good,Priya Sharma,Resigned,Single,23.0,1.0,32.0,Good performer
50966,Akash Sharma,akash.sharma84@company.com,9514926148,Other,1996-02-15,50.0,Customer Support,Support Specialist,Contract,2024-11-12,Gurugram,Diploma,16.6,1875606.0,93780.3,Good,Anil Kumar,Inactive,Single,9.0,2.0,36.0,Fast learner
50408,Meera Das,meera.das37@company.com,9802085759,Male,1974-05-28,64.0,Marketing,HR Executive,Intern,,Gurugram,Diploma,3.5,902018.0,72161.44,Average,Rahul Rao,On Leave,Married,17.0,4.0,29.0,Good performer
51084,Amit Sharma,amit.sharma29@company.com,9409753371,Male,1988-12-06,29.0,Finance,Business Analyst,Contract,2024-05-30,Kolkata,Diploma,4.6,1676773.0,335354.6,Average,Priya Sharma,Inactive,Married,31.0,1.0,11.0,Needs training
50867,Kavya Mehta,kavya..mehta4@company..com,9128857761,Other,1974-05-17,27.0,Procurement,Sales Executive,Part Time,2022-02-22,Mysuru,Master's,1.3,303224.0,0.0,Good,Meera Nair,Resigned,Divorced,15.0,3.0,10.0,Good performer
50170,Priya Sharma,priya.sharma53@company.com,9450084301,Other,1997-09-16,53.0,Customer Support,Software Engineer,Contract,2023-01-01,Kolkata,Bachelor's,10.2,828371.0,82837.1,Good,Rahul Rao,Active,Single,9.0,4.0,33.0,Needs training
50367,Arjun Mehta,arjun.mehta49@company.com,9867744275,Female,1983-12-23,33.0,HR,Financial Analyst,Full Time,2020-10-26,Noida,PhD,3.7,802436.0,160487.2,Average,Meera Nair,Active,Married,6.0,5.0,26.0,Good performer
50040,Vivek Gowda,vivek.gowda68@company.com,9117554969,Male,1991-06-29,31.0,Customer Support,Sales Executive,Intern,2023-04-13,Delhi,Diploma,4.3,1252582.0,187887.3,Average,Rahul Rao,Resigned,Divorced,1.0,3.0,38.0,Good performer
50102,Meera Verma,meera.verma56@company.com,9904444847,Male,2003-02-19,38.0,Finance,Business Analyst,internship,2022-12-20,Pune,PhD,1.4,2157581.0,323637.15,Needs Improvement,Meera Nair,Active,Married,1.0,3.0,25.0,Good performer
51033,Akash Reddy,akash.reddy60@company.com,9923212226,Other,1974-03-08,54.0,Procurement,Data Analyst,Part Time,2022-12-12,Noida,PhD,10.2,882119.0,88211.9,Average,Meera Nair,On Leave,Married,25.0,2.0,5.0,Good performer
51001,Amit Das,amit.das80@company.com,9325162101,Other,2004-03-09,54.0,Sales,HR Executive,Intern,2025-09-19,Gurugram,Master's,5.4,726906.0,90398.0,Needs Improvement,Sneha Patel,Inactive,Divorced,32.0,2.0,1.0,Needs training
50002,Sanjay Singh,sanjay.singh46@company.com,9964508088,Female,1982-10-27,65.0,Marketing,Software Engineer,Full Time,2021-10-27,Gurugram,Diploma,5.2,969091.0,48454.55,Average,Anil Kumar,On Leave,Married,29.0,4.0,5.0,Good performer
50294,Kavya Patel,kavya.patel74@company.com,9348764530,Male,1998-02-28,57.0,Operations,Financial Analyst,Full Time,2021-07-16,Mysuru,Bachelor's,2.4,1696823.0,0.0,Needs Improvement,Priya Sharma,Resigned,Single,9.0,2.0,27.0,Fast learner
51134,Nikhil Nair,nikhil.nair15@company.com,9385371303,Other,2005-07-30,41.0,HR,Account Executive,Intern,2020-08-02,Mysuru,Bachelor's,12.8,1377915.0,110233.2,Good,Rahul Rao,Active,Married,27.0,3.0,10.0,Good performer
50486,Kiran Gowda,kiran.gowda25@company.com,9894169449,Female,1992-09-01,30.0,Customer Support,Account Executive,Intern,2021-09-29,Mysuru,Diploma,16.7,1434120.0,0.0,Needs Improvement,Vikram Singh,Active,Divorced,3.0,5.0,25.0,Good performer
50689,Rohit Joshi,rohit.joshi51@company.com,9724858133,Male,1981-01-09,0.0,Operations,Financial Analyst,Full Time,2025-06-07,Pune,Master's,10.5,1922100.0,153768.0,Average,Vikram Singh,On Leave,Single,31.0,5.0,41.0,Good performer
50208,Sanjay Mehta,sanjay.mehta57@company.com,9296003570,Other,2006-08-14,57.0,Operations,Business Analyst,Contract,2026-01-26,Noida,Diploma,13.9,1911399.0,191139.9,Average,Rahul Rao,Resigned,Divorced,8.0,3.0,21.0,Good performer
50945,Kavya Nair,kavya.nair68@company.com,9659208987,Female,1991-01-24,60.0,Sales,Sales Executive,Contract,2024-08-05,Mysuru,Bachelor's,13.3,2134699.0,170775.92,Needs Improvement,Sneha Patel,Active,Divorced,10.0,3.0,38.0,Fast learner
50574,Pooja Mehta,pooja.mehta66@company.com,9524959962,Female,1985-03-15,30.0,Procurement,Business Analyst,Part Time,2019-03-01,Mysuru,Diploma,16.6,1166099.0,0.0,Average,Priya Sharma,On Leave,Married,13.0,4.0,35.0,Fast learner
50497,Arjun Nair,,9589370812,Other,1993-04-08,40.0,Customer Support,HR Executive,Intern,,Mysuru,Bachelor's,14.9,2187539.0,328130.85,Average,Vikram Singh,Resigned,Married,19.0,5.0,36.0,Good performer
50093,Priya Mehta,priya.mehta35@company.com,9333323285,Male,1982-01-07,47.0,Procurement,Data Analyst,Intern,,Kolkata,Diploma,3.8,819911.0,163982.2,Good,Anil Kumar,Resigned,Divorced,30.0,4.0,28.0,Good performer
50855,Rahul Singh,rahul.singh29@company.com,9284745928,Female,1974-02-21,23.0,Customer Support,Data Analyst,Contract,2020-09-07,Mysuru,Diploma,4.7,1588179.0,317635.8,Average,Anil Kumar,Inactive,Single,0.0,1.0,11.0,Good performer
50958,Kiran Mehta,kiran.mehta44@company.com,9195318853,Other,2006-05-09,36.0,HR,Marketing Analyst,Full Time,2023-09-02,Gurugram,Bachelor's,5.2,1598758.0,159875.8,Needs Improvement,Anil Kumar,Resigned,Married,16.0,5.0,26.0,Good performer
50861,Rohit Sharma,rohit.sharma78@company.com,9931358801,Other,1970-08-07,64.0,Marketing,Account Executive,Full Time,2025-07-31,Gurugram,Bachelor's,15.7,293476.0,14673.8,Good,Sneha Patel,Resigned,Divorced,3.0,5.0,19.0,Good performer
50103,Rohit Reddy,rohit.reddy53@company.com,9728847196,Male,1987-03-14,36.0,Finance,Operations Executive,Intern,2023-01-21,Mysuru,Bachelor's,11.6,288147.0,57629.4,Good,Priya Sharma,On Leave,Married,5.0,3.0,14.0,Good performer
50893,Priya Sharma,priya.sharma8@company.com,9622279053,Male,2004-01-13,53.0,Customer Support,HR Executive,Intern,2025-10-10,Gurugram,PhD,5.5,1636930.0,245539.5,Excellent,Priya Sharma,Active,Divorced,12.0,4.0,27.0,Good performer
50337,Meera Rao,meera.rao43@company.com,9441673568,Female,1982-06-06,20.0,Sales,Financial Analyst,Contract,2022-07-30,Mysuru,PhD,14.9,327330.0,49099.5,Good,Meera Nair,Resigned,Divorced,34.0,4.0,10.0,Needs training
50306,Kavya Verma,kavya.verma52@company.com,9976914636,Female,1980-04-20,24.0,Procurement,HR Executive,Intern,2021-05-07,Pune,Bachelor's,6.0,2105172.0,210517.2,Excellent,Anil Kumar,On Leave,Married,6.0,1.0,6.0,Good performer
50539,Sanjay Mehta,sanjay.mehta23@company.com,9652425513,Male,1978-10-30,53.0,IT,Financial Analyst,Part Time,2024-05-16,Hyderabad,Bachelor's,10.0,1262179.0,63108.95,Excellent,Sneha Patel,Active,Married,11.0,3.0,40.0,Needs training
50082,Nikhil Sharma,nikhil.sharma22@company.com,9237556478,Male,1985-06-16,52.0,Customer Support,Account Executive,Intern,2019-06-21,Mysuru,Diploma,9.2,281699.0,14084.95,Good,Sneha Patel,On Leave,Married,20.0,3.0,2.0,Good performer
50276,Neha Reddy,neha.reddy37@company.com,,Female,2002-02-13,43.0,HR,Business Analyst,Full Time,2022-03-15,Mysuru,Master's,3.1,1936703.0,154936.24,Excellent,Anil Kumar,Resigned,Divorced,10.0,2.0,23.0,Good performer
50630,Pooja Rao,pooja.rao97@company.com,9543686319,Female,1989-08-06,42.0,IT,HR Executive,Part Time,2021-12-16,Bengaluru,Diploma,15.4,1925735.0,96286.75,Excellent,Meera Nair,Resigned,Divorced,3.0,3.0,4.0,Fast learner
50495,Rohit Gowda,rohit.gowda67@company.com,9816504832,Other,2006-07-11,45.0,Marketing,Business Analyst,Intern,2021-03-03,Pune,Diploma,12.2,1164070.5,195724.35,Excellent,Vikram Singh,Active,Divorced,1.0,5.0,8.0,Good performer
51004,Rahul Rao,rahul.rao99@company.com,9465695569,Female,2008-01-18,32.0,Customer Service,Operations Executive,Part Time,2025-08-16,Mysuru,PhD,14.3,1518676.0,303735.2,Average,Sneha Patel,Inactive,Married,33.0,5.0,5.0,Needs training
50801,Isha Singh,isha.singh62@company.com,9226405702,Male,1984-02-25,41.0,Procurement,Financial Analyst,Contract,2019-10-10,Noida,Master's,13.8,50000000.0,0.0,Average,Vikram Singh,Resigned,Single,23.0,3.0,32.0,Good performer
51170,Rohit Kumar,rohit.kumar68@company.com,9711865244,Male,1991-07-03,51.0,Operations,Operations Executive,Part Time,2023-08-19,Gurugram,Diploma,2.0,277586.0,41637.9,Excellent,Rahul Rao,Inactive,Married,6.0,3.0,0.0,Fast learner
50923,Rohit Sharma,,9743113414,Male,1971-08-15,54.0,Sales,Support Specialist,Part Time,2022-05-29,Mumbai,Diploma,9.1,575384.0,28769.2,Excellent,Sneha Patel,Resigned,Divorced,1.0,2.0,6.0,Good performer
51162,Nikhil Gowda,nikhil.gowda69@company.com,9555019568,Other,1985-10-19,55.0,HR,Support Specialist,Part Time,2026-03-10,Mysuru,Master's,0.1,725037.0,72503.7,Average,Vikram Singh,Active,Married,16.0,4.0,18.0,Good performer
50646,Pooja Sharma,pooja.sharma1@company.com,9208589416,Other,1968-02-11,28.0,Marketing,Marketing Analyst,Part Time,2019-01-17,Hyderabad,Bachelor's,15.0,839547.0,83954.7,Needs Improvement,Vikram Singh,Inactive,Married,12.0,3.0,36.0,Fast learner
50871,Rahul Das,rahul.das99@company.com,9709763337,Other,1971-07-08,52.0,Marketing,Marketing Analyst,Full Time,2024-10-08,Mumbai,Bachelor's,14.8,1469741.0,117579.28,Excellent,Meera Nair,Active,Single,12.0,4.0,27.0,Good performer
50684,Priya Kumar,priya.kumar32@company.com,9127123294,Other,1998-01-16,47.0,Sales,Data Analyst,Part Time,2025-03-28,Hyderabad,Diploma,2.4,1288575.0,257715.0,Average,Vikram Singh,On Leave,Divorced,3.0,4.0,28.0,Needs training
50172,Meera Gowda,meera.gowda67@company.com,9861036538,Other,1977-02-18,55.0,Sales,HR Executive,Part Time,2021-09-24,Noida,Bachelor's,7.4,1938106.0,290715.9,Good,Rahul Rao,Active,Divorced,2.0,2.0,11.0,Good performer
50541,Neha Joshi,neha.joshi87@company.com,9821704710,Male,2004-07-24,34.0,Customer Support,HR Executive,Contract,2025-06-14,Mysuru,Bachelor's,7.0,1694501.0,84725.05,Average,Priya Sharma,Inactive,Single,13.0,2.0,20.0,Good performer
50578,Shreya Reddy,shreya.reddy76@company.com,9746318558,Male,1971-09-12,62.0,Procurement,Account Executive,Full Time,2022-12-14,Gurugram,PhD,2.4,538635.0,26931.75,Average,Vikram Singh,Active,Married,4.0,3.0,42.0,Good performer
51169,Vivek Rao,vivek.rao75@company.com,9488195150,Male,2005-12-24,52.0,IT,Support Specialist,Contract,2023-10-28,Hyderabad,Master's,0.8,897383.0,134607.45,Needs Improvement,Meera Nair,Resigned,Divorced,1.0,3.0,0.0,Good performer
50120,Isha Verma,isha.verma42@company.com,9888163315,Male,1999-03-06,61.0,HR,Support Specialist,Intern,2023-07-26,Mumbai,Master's,9.2,349787.0,52468.05,Good,Rahul Rao,Resigned,Married,15.0,4.0,2.0,Good performer
50715,Sanjay Mehta,sanjay.mehta1@company.com,9113599491,Male,1968-04-08,20.0,Customer Support,Account Executive,Contract,2023-05-21,Gurugram,PhD,6.4,377781.0,30222.48,Average,Priya Sharma,On Leave,Married,19.0,5.0,11.0,Fast learner
50505,Rohit Nair,rohit.nair72@company.com,9402888482,Female,1998-11-15,54.0,Procurement,Software Engineer,Part Time,2024-02-28,Mumbai,PhD,10.6,527757.0,26387.85,Average,Anil Kumar,On Leave,Single,22.0,2.0,37.0,Good performer
50429,Neha Verma,neha.verma17@company.com,9775367008,Female,1980-02-27,53.0,Operations,Account Executive,Full Time,2022-04-16,Pune,Master's,12.7,316162.0,31616.2,Needs Improvement,Priya Sharma,On Leave,Married,4.0,4.0,15.0,Good performer
51095,Pooja Gowda,pooja.gowda66@company.com,9448372053,Male,1978-11-25,23.0,IT,Software Engineer,Full Time,2024-10-13,Mysuru,Bachelor's,16.4,1712128.0,136970.24,Average,Sneha Patel,Active,Divorced,30.0,3.0,2.0,Fast learner
50147,Vivek Patel,vivek.patel50@company.com,9438702203,Male,2002-07-28,21.0,Sales,HR Executive,Contract,2025-07-24,Kolkata,Diploma,2.8,1884610.0,94230.5,Average,Anil Kumar,Resigned,Married,18.0,1.0,23.0,Fast learner
50538,Kavya Kumar,kavya.kumar10@company.com,9209937565,Female,1965-05-08,21.0,Procurement,Account Executive,Contract,2021-05-13,Kolkata,Diploma,15.3,1228551.0,98284.08,Good,Sneha Patel,On Leave,Single,20.0,3.0,30.0,Needs training
51066,Sanjay Kumar,sanjay.kumar29@company.com,9674852114,Female,1984-09-01,27.0,Operations,Data Analyst,Part Time,2022-07-10,Noida,Bachelor's,6.0,478665.0,47866.5,Good,Anil Kumar,On Leave,Divorced,5.0,3.0,45.0,Good performer
50949,Vivek Verma,vivek.verma29@company.com,9846153628,Other,1979-03-03,55.0,Operations,HR Executive,Contract,2026-07-07,Chennai,Master's,8.5,1164070.5,110245.2,Average,Sneha Patel,Inactive,Divorced,7.0,4.0,36.0,Good performer
50890,Isha Kumar,isha.kumar46@company.com,9436097844,Male,1987-07-07,41.0,Customer Support,Operations Executive,Full Time,2023-08-14,Hyderabad,PhD,15.8,907352.0,181470.4,Needs Improvement,Priya Sharma,Resigned,Single,27.0,4.0,41.0,Good performer
51178,Shreya Kumar,shreya.kumar83@company.com,9397063117,Other,2007-11-22,22.0,HR,Account Executive,Contract,2022-08-23,Pune,Master's,0.8,784749.0,0.0,Average,Rahul Rao,On Leave,Married,10.0,2.0,36.0,Fast learner
50097,Kiran Reddy,kiran.reddy38@company.com,9502441939,Other,1965-03-04,36.0,Customer Support,Sales Executive,Intern,2019-10-17,Pune,Diploma,5.9,402835.0,0.0,Excellent,Sneha Patel,On Leave,Divorced,33.0,3.0,7.0,Needs training
50804,Isha Joshi,isha.joshi13@company.com,9332767587,Female,1989-11-12,41.0,Customer Support,HR Executive,Contract,2023-03-12,Gurugram,Diploma,6.1,806265.0,161253.0,Average,Meera Nair,On Leave,Single,25.0,3.0,12.0,Good performer
50391,Pooja Patel,pooja.patel58@company.com,9650256718,Male,1991-12-08,56.0,Operations,HR Executive,Part Time,2019-04-22,Chennai,PhD,12.1,1048169.0,0.0,Needs Improvement,Sneha Patel,On Leave,Single,26.0,1.0,5.0,Good performer
50432,Shreya Gowda,shreya.gowda92@company.com,9311435178,Female,2003-10-22,27.0,Marketing,HR Executive,Intern,2019-06-10,Chennai,Master's,5.7,938292.0,140743.8,Excellent,Priya Sharma,Active,Single,24.0,5.0,3.0,Good performer
50785,Shreya Nair,,9906443662,Other,1978-07-05,49.0,Operations,Account Executive,Full Time,2026-01-29,Mysuru,Master's,12.0,328563.0,49284.45,Poor,Rahul Rao,Inactive,Divorced,23.0,3.0,18.0,Needs training
50780,Sneha Sharma,sneha.sharma67@company.com,9127177374,Other,1980-07-22,45.0,Marketing,Marketing Analyst,Part Time,2025-02-20,Noida,PhD,3.3,989340.0,197868.0,Needs Improvement,Sneha Patel,Resigned,Divorced,25.0,5.0,33.0,Good performer
50838,Neha Joshi,neha.joshi16@company.com,9887708096,Male,1993-02-04,57.0,Procurement,Sales Executive,Intern,2026-07-12,Mysuru,Diploma,6.0,993138.0,49656.9,Average,Sneha Patel,Active,Divorced,12.0,2.0,35.0,Good performer
50909,Manish Verma,manish.verma90@company.com,,Male,2002-11-04,39.0,HR,Operations Executive,Contract,2023-11-23,Noida,Bachelor's,13.0,767109.0,61368.72,Good,Priya Sharma,Active,Married,17.0,4.0,1.0,Good performer
50359,Rohit Patel,rohit.patel28@company.com,9807273413,Other,1982-03-03,41.0,Procurement,Marketing Analyst,Part Time,2026-03-13,Pune,PhD,14.1,264663.0,-5000.0,Excellent,Vikram Singh,Active,Married,34.0,5.0,4.0,Good performer
50903,Neha Joshi,neha.joshi96@company.com,9232107475,Male,1999-12-01,29.0,Operations,Data Analyst,Part Time,2024-06-03,Chennai,Diploma,9.1,1044437.0,208887.4,Excellent,Priya Sharma,Resigned,Married,30.0,5.0,43.0,Good performer
50536,Divya Nair,divya.nair96@company.com,9686094086,Female,1991-05-16,34.0,HR,Data Analyst,Full Time,2023-11-30,Mysuru,PhD,14.2,1164070.5,99235.6,Needs Improvement,Rahul Rao,Active,Divorced,26.0,4.0,17.0,Good performer
50943,Arjun Verma,arjun.verma14@company.com,9556524651,Female,1996-04-23,62.0,Sales,Operations Executive,Full Time,2023-01-07,Bengaluru,Diploma,4.1,1415493.0,212323.95,Good,Meera Nair,Inactive,Single,7.0,1.0,42.0,Good performer
50910,Kiran Kumar,kiran.kumar62@company.com,9902869461,Female,1973-08-10,47.0,Procurement,Financial Analyst,Part Time,2021-09-23,Bengaluru,Bachelor's,15.0,660814.0,33040.7,Excellent,Anil Kumar,Active,Married,12.0,1.0,25.0,Good performer
50948,Manish Verma,manish.verma32@company.com,9791629943,Other,2002-07-12,41.0,Customer Support,Financial Analyst,Part Time,2019-11-23,Mysuru,Master's,16.1,680113.0,102016.95,Excellent,Vikram Singh,Resigned,Single,15.0,3.0,5.0,Good performer
50126,Divya Gowda,divya.gowda28@company.com,9779482660,Male,1986-05-11,47.0,IT,Software Engineer,Intern,2026-06-19,Kolkata,Master's,0.2,633509.0,50680.72,Average,Sneha Patel,Active,Divorced,5.0,1.0,21.0,Fast learner
50349,Rahul Sharma,rahul.sharma36@company.com,9344369604,Other,2000-08-30,44.0,Procurement,Business Analyst,Contract,2022-02-13,Hyderabad,Diploma,10.8,2023739.0,404747.8,Good,Sneha Patel,Resigned,Married,12.0,4.0,43.0,Good performer
50755,Isha Kumar,isha.kumar52@company.com,9875847565,Female,1998-06-30,58.0,Sales,HR Executive,Contract,2021-01-23,Hyderabad,Master's,9.5,1164070.5,90398.0,Good,Anil Kumar,Active,Single,28.0,2.0,8.0,Needs training
50305,Akash Patel,akash.patel37@company.com,9616244191,Other,2007-04-25,28.0,HR,Sales Executive,Full Time,2020-06-01,Chennai,Master's,2.9,481435.0,96287.0,Average,Sneha Patel,Inactive,Single,22.0,2.0,23.0,Good performer
50866,Neha Gowda,neha.gowda15@company.com,9883892133,Other,1992-05-23,31.0,Sales,Account Executive,Intern,2021-06-12,Hyderabad,PhD,0.4,983258.0,196651.6,Average,Anil Kumar,Inactive,Divorced,17.0,4.0,21.0,Good performer
51109,Meera Verma,meera.verma25@company.com,9214990922,Male,1991-06-23,30.0,Operations,HR Executive,Contract,2019-08-17,Noida,Master's,6.5,608351.0,0.0,Needs Improvement,Sneha Patel,Active,Divorced,26.0,1.0,26.0,Fast learner
50864,Rahul Reddy,rahul.reddy75@company.com,9421875752,Other,1990-05-28,19.0,Marketing,HR Executive,Full Time,2024-03-19,Kolkata,Master's,15.2,827044.0,0.0,Excellent,Meera Nair,Inactive,Single,9.0,5.0,14.0,Needs training
51128,Priya Rao,priya.rao57@company.com,9610082770,Male,1968-08-04,54.0,IT,Marketing Analyst,Contract,2023-04-21,Gurugram,Bachelor's,3.4,1927691.0,385538.2,Average,Vikram Singh,Active,Single,2.0,4.0,31.0,Good performer
50269,Isha Sharma,isha.sharma56@company.com,9191180820,Male,1989-05-28,39.0,Operations,Business Analyst,Full Time,2024-03-18,Noida,Bachelor's,4.5,658693.0,65869.3,Good,Rahul Rao,Inactive,Single,3.0,2.0,30.0,Good performer
50806,Arjun Patel,arjun.patel30@company.com,9839614928,Other,1982-02-09,39.0,Sales,Operations Executive,Contract,2024-04-17,Mumbai,Bachelor's,1.0,2082907.0,-5000.0,Excellent,Priya Sharma,On Leave,Married,27.0,1.0,43.0,Needs training
50905,Arjun Joshi,arjun.joshi79@company.com,9816359751,Female,1988-05-02,25.0,Finance,HR Executive,Intern,2020-05-04,Kolkata,Diploma,10.6,1839822.0,147185.76,Needs Improvement,Meera Nair,Resigned,Divorced,25.0,2.0,11.0,Good performer
50268,Pooja Joshi,pooja.joshi50@company.com,9914889456,Other,1970-12-21,30.0,Operations,Marketing Analyst,Intern,2024-09-28,Bengaluru,Master's,4.4,2131772.0,426354.4,Good,Priya Sharma,Inactive,Single,21.0,1.0,15.0,Fast learner
50059,Amit Singh,amit.singh30@company.com,9289563636,Male,1974-10-17,63.0,Operations,Account Executive,Intern,2019-08-25,Mumbai,Bachelor's,5.2,403381.0,0.0,Needs Improvement,Priya Sharma,Active,Divorced,4.0,1.0,4.0,Good performer
50654,Priya Kumar,priya.kumar16@company.com,9276685023,Male,2008-05-05,20.0,Operations,Data Analyst,Intern,2025-12-17,Delhi,Diploma,12.8,1975583.0,0.0,Average,Rahul Rao,On Leave,Divorced,7.0,4.0,15.0,Good performer
50567,Neha Reddy,neha.reddy38@company.com,9720083462,Female,1985-03-11,55.0,Marketing,Software Engineer,Intern,2024-06-26,Chennai,Diploma,3.7,1469559.0,293911.8,Good,Vikram Singh,Resigned,Divorced,18.0,2.0,37.0,Good performer
50326,Sneha Gowda,sneha.gowda74@company.com,9136899034,Other,2000-11-24,20.0,Finance,Account Executive,Full Time,2021-11-01,Mysuru,PhD,16.6,2006449.0,100322.45,Needs Improvement,Rahul Rao,Inactive,Divorced,10.0,2.0,6.0,Good performer
50237,Meera Kumar,meera.kumar56@company.com,9479641792,Female,1970-07-15,58.0,IT,Data Analyst,Contract,2024-06-15,Mysuru,Bachelor's,17.8,320875.0,64175.0,Needs Improvement,Vikram Singh,Active,Married,35.0,5.0,13.0,Good performer
50557,Pooja Reddy,pooja.reddy15@company.com,9419055029,Male,1971-03-08,46.0,Operations,Financial Analyst,Full Time,2021-12-19,Kolkata,PhD,11.9,739843.0,147968.6,Average,Vikram Singh,On Leave,Divorced,31.0,4.0,28.0,Needs training
51065,Pooja Rao,pooja.rao62@company.com,9602342786,Female,1972-04-03,41.0,Operations,Financial Analyst,Part Time,2022-06-14,Kolkata,Master's,7.4,2109093.0,105454.65,Excellent,Rahul Rao,Resigned,Single,23.0,5.0,35.0,Good performer
50351,Manish Verma,manish.verma33@company.com,9902346750,Other,1989-08-01,50.0,Sales,Data Analyst,Full Time,,Bengaluru,PhD,5.0,426252.0,85250.4,Excellent,Vikram Singh,Resigned,Divorced,30.0,1.0,39.0,Good performer
50308,Vivek Das,vivek.das96@company.com,9472147677,Male,1999-05-22,62.0,Finance,Marketing Analyst,Part Time,2019-09-13,Noida,Master's,7.8,947767.0,189553.4,Needs Improvement,Priya Sharma,Active,Divorced,3.0,1.0,8.0,Good performer
51196,Nikhil Reddy,nikhil.reddy41@company.com,9446652874,Other,2007-05-11,0.0,Operations,Sales Executive,Part Time,2026-05-08,Mumbai,Master's,11.5,1664662.0,0.0,Average,Anil Kumar,Active,Married,12.0,2.0,10.0,Good performer
50771,Neha Nair,neha.nair57@company.com,9687703809,Male,1980-12-03,55.0,IT,Support Specialist,Part Time,2021-06-30,Pune,PhD,9.7,1525911.0,305182.2,Good,Sneha Patel,Inactive,Divorced,16.0,1.0,22.0,Needs training
50598,Neha Patel,,9951900027,Male,1979-12-18,59.0,IT,Financial Analyst,Part Time,2021-10-06,Bengaluru,Bachelor's,4.2,1125172.0,112517.2,Excellent,Rahul Rao,Inactive,Divorced,15.0,5.0,14.0,Good performer
50063,Meera Kumar,meera.kumar71@company.com,9370624968,Other,1972-08-30,25.0,Customer Support,Data Analyst,Intern,2020-09-05,Pune,Master's,9.2,647234.0,32361.7,Average,Sneha Patel,Active,Divorced,8.0,5.0,18.0,Good performer
50101,Vivek Gowda,vivek.gowda13@company.com,9548365397,Other,1990-05-26,38.0,IT,Financial Analyst,Contract,2022-07-30,Noida,Diploma,4.8,2031301.0,406260.2,Needs Improvement,Rahul Rao,On Leave,Divorced,32.0,1.0,24.0,Needs training
50151,Sneha Verma,sneha.verma81@company.com,9321618860,Female,1984-01-02,20.0,Customer Support,Operations Executive,Full Time,2025-10-01,Hyderabad,Master's,14.9,931927.0,90398.0,Needs Improvement,Meera Nair,On Leave,Divorced,26.0,4.0,36.0,Good performer
51060,Pooja Sharma,pooja.sharma17@company.com,9655997633,Female,1991-08-24,23.0,IT,Support Specialist,Part Time,2026-08-26,Mumbai,Master's,8.7,820253.0,123037.0,Needs Improvement,Vikram Singh,On Leave,Married,5.0,4.0,32.0,Fast learner
50180,Rohit Kumar,rohit.kumar38@company.com,9399171775,Female,1995-11-14,41.0,Operations,HR Executive,Part Time,2020-01-12,Gurugram,Master's,3.7,1850694.0,370138.8,Good,Vikram Singh,On Leave,Married,30.0,3.0,32.0,Needs training
50571,Isha Gowda,isha.gowda10@company.com,9411430021,Male,1972-04-13,57.0,Sales,Account Executive,Intern,2024-03-11,Chennai,Diploma,9.0,1333132.0,0.0,Needs Improvement,Rahul Rao,Resigned,Single,5.0,4.0,41.0,Good performer
50491,Amit Singh,amit.singh17@company.com,9558708946,Other,1976-03-10,27.0,Customer Support,Operations Executive,Full Time,2024-09-02,Bengaluru,Master's,12.7,1466162.0,-5000.0,Good,Anil Kumar,Active,Divorced,8.0,3.0,21.0,Good performer
50827,Manish Gowda,manish.gowda16@company.com,9590703003,Other,1996-06-27,41.0,Customer Support,Software Engineer,Part Time,2024-03-17,Hyderabad,Master's,8.4,1143466.0,114346.6,Needs Improvement,Priya Sharma,On Leave,Single,25.0,2.0,27.0,Good performer
50458,Manish Joshi,manish.joshi70@company.com,9909656788,Male,1976-04-23,27.0,Sales,Financial Analyst,Intern,2021-05-17,Chennai,PhD,6.1,515801.0,25790.05,Average,Vikram Singh,Inactive,Single,17.0,3.0,32.0,Good performer
50928,Sneha Reddy,sneha.reddy5@company.com,9490262517,Other,1987-07-01,28.0,Procurement,Sales Executive,Full Time,2021-08-30,Kolkata,Master's,13.5,361466.0,0.0,Excellent,Rahul Rao,On Leave,Divorced,22.0,3.0,35.0,Good performer
50675,Akash Rao,akash.rao78@company.com,9418824487,Female,1968-07-24,25.0,Marketing,Data Analyst,Full Time,2024-03-11,Mysuru,Bachelor's,14.4,1812819.0,181281.9,Average,Priya Sharma,Active,Divorced,7.0,5.0,21.0,Good performer
50758,Rahul Verma,rahul.verma23@company.com,9775020989,Other,1989-01-30,65.0,Human Resources,Sales Executive,Part Time,2021-11-09,Delhi,Bachelor's,17.2,650278.0,0.0,Average,Rahul Rao,On Leave,Single,25.0,5.0,29.0,Fast learner
50743,Shreya Mehta,shreya.mehta96@company.com,9250290327,Other,2005-04-04,55.0,Customer Support,Business Analyst,Part Time,2024-06-20,Mysuru,Bachelor's,9.1,1031991.0,51599.55,Excellent,Meera Nair,Resigned,Married,10.0,2.0,5.0,Good performer
50523,Priya Patel,priya.patel61@company.com,9851143007,Male,2008-02-24,28.0,Sales,Marketing Analyst,Contract,2025-05-16,Delhi,PhD,4.5,716879.0,107531.85,Average,Priya Sharma,Resigned,Divorced,34.0,5.0,21.0,Fast learner
50027,Ananya Nair,ananya.nair62@company.com,9463726335,Male,2002-05-13,20.0,HR,Marketing Analyst,Contract,2024-05-03,Pune,Bachelor's,14.0,2025370.0,202537.0,Average,Vikram Singh,On Leave,Single,17.0,2.0,34.0,Good performer
50759,Sneha Das,,9758951732,Female,1972-12-31,64.0,Finance,HR Executive,Contract,2025-04-21,Mysuru,PhD,1.1,1495734.0,0.0,Good,Sneha Patel,On Leave,Married,24.0,2.0,14.0,Good performer
51086,Pooja Rao,pooja.rao92@company.com,9960948205,Male,1966-10-20,29.0,Procurement,Marketing Analyst,Part Time,2021-10-03,Bengaluru,Bachelor's,6.0,992260.0,0.0,Needs Improvement,Priya Sharma,Active,Married,0.0,1.0,29.0,Good performer
51148,Sneha Gowda,,9591540297,Male,1966-02-06,63.0,IT,HR Executive,Contract,2023-05-21,Noida,Master's,11.5,1548455.0,123876.4,Good,Vikram Singh,Active,Married,2.0,2.0,15.0,Good performer
50657,Vivek Patel,vivek.patel88@company.com,9789266685,Female,1996-07-21,46.0,Operations,Marketing Analyst,Part Time,2019-01-01,Pune,PhD,14.8,1951512.0,156120.96,Average,Vikram Singh,Active,Married,26.0,1.0,5.0,Fast learner
50812,Isha Reddy,isha.reddy27@company.com,9254342033,Male,1965-06-06,63.0,Finance,Financial Analyst,Contract,2024-05-15,Pune,Bachelor's,10.9,1584711.0,237706.65,Average,Priya Sharma,Resigned,Married,17.0,5.0,18.0,Good performer
50669,Vivek Patel,vivek.patel53@company.com,9135958916,Female,2006-08-13,50.0,HR,Software Engineer,Intern,2021-04-01,Mysuru,Bachelor's,7.6,766799.0,153359.8,Excellent,Vikram Singh,Inactive,Single,22.0,2.0,13.0,Good performer
51018,Meera Sharma,meera.sharma4@company.com,9954797628,Male,1996-06-21,29.0,Marketing,Marketing Analyst,Full Time,2023-12-24,Pune,Diploma,5.3,736048.0,110407.2,Needs Improvement,Sneha Patel,Resigned,Single,35.0,4.0,32.0,Needs training
50529,Divya Reddy,divya.reddy56@company.com,9230411749,Female,1997-01-06,36.0,IT,HR Executive,Full Time,2020-01-15,Mumbai,Master's,15.0,574441.0,114888.2,Excellent,Meera Nair,Inactive,Single,17.0,1.0,41.0,Good performer
50644,Divya Sharma,divya.sharma67@company.com,9856606255,Other,1989-02-10,53.0,IT,Support Specialist,Intern,2019-04-21,Mumbai,Master's,9.2,1723413.0,0.0,Excellent,Meera Nair,Resigned,Single,12.0,5.0,25.0,Needs training
50357,Arjun Sharma,arjun.sharma79@company.com,9776348921,Female,2000-04-13,33.0,HR,Software Engineer,Full Time,2023-01-08,Mysuru,Master's,9.2,1287472.0,193120.8,Excellent,Meera Nair,Resigned,Married,27.0,3.0,13.0,Good performer
51047,Priya Gowda,priya.gowda57@company.com,9899418690,Female,1978-12-24,37.0,Customer Support,Marketing Analyst,Full Time,2023-01-02,Kolkata,Master's,3.8,1784948.0,0.0,Excellent,Rahul Rao,On Leave,Divorced,18.0,4.0,25.0,Good performer
50987,Isha Patel,isha.patel36@company.com,9346648051,Female,1974-04-11,47.0,Sales,Sales Executive,Full Time,2022-09-13,Noida,Bachelor's,8.2,408502.0,32680.16,Average,Rahul Rao,Resigned,Single,19.0,3.0,22.0,Needs training
50596,Arjun Rao,arjun.rao7@company.com,9786416544,Male,1978-04-08,60.0,Procurement,Sales Executive,Part Time,2026-04-08,Noida,Bachelor's,4.4,933748.0,93374.8,Average,Vikram Singh,Resigned,Married,19.0,5.0,8.0,Good performer
50373,Akash Verma,akash.verma50@company.com,9513585211,Male,1999-09-29,41.0,Customer Support,Business Analyst,Intern,2023-06-26,Chennai,Diploma,6.3,1531290.0,306258.0,Excellent,Priya Sharma,Resigned,Divorced,17.0,1.0,7.0,Good performer
50174,Sanjay Reddy,sanjay.reddy12@company.com,9756576916,Other,1977-04-30,39.0,Sales,Support Specialist,Part Time,2019-03-22,Mysuru,Master's,10.2,1358301.0,67915.05,Average,Vikram Singh,Active,Single,13.0,1.0,31.0,Good performer
51140,Kavya Nair,kavya.nair49@company.com,9679156357,Female,2001-10-06,55.0,Marketing,Software Engineer,Part Time,2023-01-08,Chennai,PhD,6.6,1057908.0,52895.4,Excellent,Sneha Patel,Inactive,Married,24.0,3.0,26.0,Good performer
51167,Akash Joshi,akash.joshi76@company.com,9501308479,Female,1991-10-04,40.0,Sales,Software Engineer,Full Time,2020-11-01,Hyderabad,Diploma,1.3,1399206.0,139920.6,Average,Rahul Rao,Resigned,Married,24.0,5.0,25.0,Good performer
50883,Ananya Kumar,ananya.kumar25@company.com,9328413280,Male,2005-05-02,31.0,Customer Support,Software Engineer,Full Time,2026-06-06,Gurugram,Master's,1.8,811317.0,0.0,Needs Improvement,Vikram Singh,Active,Single,11.0,1.0,22.0,Good performer
50353,Manish Singh,manish.singh1@company.com,9479986718,Other,1995-03-12,65.0,Procurement,Software Engineer,Part Time,2020-12-01,Noida,PhD,9.2,767563.0,153512.6,Average,Sneha Patel,Resigned,Married,16.0,4.0,42.0,Good performer
51146,Kavya Sharma,kavya.sharma40@company.com,9398973085,Female,1978-08-11,62.0,Procurement,HR Executive,Contract,2024-08-26,Mumbai,PhD,5.5,2046060.0,306909.0,Needs Improvement,Vikram Singh,Resigned,Divorced,2.0,4.0,21.0,Good performer
50031,Manish Nair,manish.nair78@company.com,9330686646,Male,1993-04-14,41.0,HR,HR Executive,Intern,2020-03-11,Gurugram,Bachelor's,9.2,2180923.0,174473.84,Needs Improvement,Priya Sharma,On Leave,Married,25.0,5.0,39.0,Good performer
51157,Sneha Mehta,sneha.mehta57@company.com,9896402258,Female,1991-11-01,50.0,Procurement,Operations Executive,Part Time,2025-06-02,Noida,Bachelor's,6.0,1039236.0,51961.8,Needs Improvement,Anil Kumar,Resigned,Single,18.0,3.0,37.0,Good performer
50524,Kiran Gowda,kiran.gowda33@company.com,9805991015,Female,1966-12-18,23.0,Procurement,Support Specialist,Full Time,2025-10-18,Mysuru,Diploma,11.7,879492.0,70359.36,Average,Rahul Rao,Resigned,Divorced,30.0,2.0,13.0,Good performer
50228,Ananya Nair,ananya.nair61@company.com,9795677771,Female,1999-03-24,34.0,Sales,Marketing Analyst,Intern,2024-05-08,Gurugram,Diploma,10.6,316136.0,0.0,Good,Meera Nair,On Leave,Single,1.0,5.0,18.0,Good performer
50690,Kavya Patel,kavya.patel27@company.com,9199283869,Other,1967-03-21,20.0,Operations,Account Executive,Contract,2026-06-08,Pune,PhD,13.0,660895.0,52871.6,Needs Improvement,Sneha Patel,On Leave,Single,21.0,5.0,26.0,Fast learner
51110,Kiran Sharma,kiran.sharma38@company.com,9179280982,Male,1996-02-15,56.0,Customer Support,Software Engineer,Intern,2020-05-26,Mysuru,Master's,9.2,1109071.0,110907.1,Average,Meera Nair,On Leave,Single,30.0,3.0,4.0,Fast learner
50878,Priya Reddy,priya.reddy37@company.com,9198969342,Other,1983-09-04,24.0,HR,Marketing Analyst,Contract,2024-08-04,Delhi,Bachelor's,3.3,1235497.0,123549.7,Excellent,Rahul Rao,Active,Single,20.0,2.0,11.0,Needs training
50133,Kiran Joshi,kiran.joshi89@company.com,9995402959,Other,1994-12-26,41.0,Customer Support,Financial Analyst,Part Time,2025-06-13,Kolkata,Master's,5.2,1263297.0,63164.85,Excellent,Meera Nair,Resigned,Married,1.0,4.0,15.0,Good performer
50686,Rohit Das,rohit.das5@company.com,9920370120,Other,2002-11-15,58.0,Procurement,HR Executive,Part Time,2022-01-16,Mysuru,PhD,0.6,1787644.0,178764.4,Average,Anil Kumar,On Leave,Married,12.0,2.0,4.0,Good performer
50251,Arjun Gowda,arjun.gowda41@company.com,9999646102,Male,2007-12-08,28.0,Finance,Financial Analyst,Full Time,2025-02-16,Bengaluru,Diploma,14.5,1548362.0,309672.4,Needs Improvement,Meera Nair,Active,Married,28.0,2.0,24.0,Needs training
50607,Sanjay Reddy,sanjay.reddy95@company.com,9100323142,Female,1971-08-15,42.0,Procurement,Sales Executive,Part Time,2022-07-04,Chennai,Diploma,16.1,571110.0,57111.0,Needs Improvement,Anil Kumar,On Leave,Divorced,30.0,2.0,2.0,Fast learner
50770,Rahul Patel,rahul.patel52@company.com,9400002004,Female,1980-10-29,28.0,Procurement,Sales Executive,Intern,2019-12-23,Delhi,Master's,14.7,437030.0,21851.5,Average,Rahul Rao,Active,Divorced,20.0,5.0,27.0,Good performer
50304,Rahul Joshi,rahul.joshi56@company.com,9688245074,Male,1975-05-01,21.0,HR,Data Analyst,Part Time,2022-11-29,Kolkata,Master's,9.1,793927.0,158785.4,Average,Vikram Singh,Inactive,Divorced,4.0,3.0,36.0,Good performer
51055,Rahul Mehta,rahul.mehta88@company.com,9992432414,Female,1978-01-23,45.0,Operations,Sales Executive,Part Time,2022-07-16,Pune,Master's,12.4,770392.0,77039.2,Excellent,Meera Nair,Inactive,Married,20.0,4.0,8.0,Good performer
50591,Isha Nair,,9886024153,Male,1975-08-07,35.0,Finance,Marketing Analyst,Intern,2023-05-29,Noida,Diploma,0.3,603166.0,0.0,Excellent,Rahul Rao,Resigned,Divorced,33.0,3.0,9.0,Good performer
50153,Shreya Singh,shreya.singh48@company.com,9393279316,Other,1966-09-02,32.0,Operations,Financial Analyst,Full Time,2021-05-29,Pune,Bachelor's,8.8,847435.0,84743.5,Good,Vikram Singh,Active,Married,1.0,3.0,7.0,Good performer
50617,Amit Kumar,amit.kumar88@company.com,9403872922,Male,1975-07-21,36.0,Customer Support,Data Analyst,Contract,2022-01-05,Noida,Master's,7.2,1080880.0,90398.0,Needs Improvement,Vikram Singh,On Leave,Single,17.0,2.0,20.0,Good performer
50634,Manish Singh,manish.singh13@company.com,9753949481,Other,1981-11-21,26.0,IT,Business Analyst,Contract,2021-03-09,Delhi,Diploma,17.5,1277866.0,0.0,Needs Improvement,Anil Kumar,Inactive,Divorced,33.0,3.0,20.0,Needs training
50121,Rohit Sharma,rohit.sharma7@company.com,9677418127,Female,1987-06-18,28.0,Procurement,Support Specialist,Part Time,2019-02-02,Delhi,PhD,4.9,1433509.0,114680.72,Average,Priya Sharma,Resigned,Married,14.0,4.0,40.0,Good performer
50303,Neha Kumar,neha.kumar61@company.com,9567466712,Male,1998-04-12,60.0,Marketing,Financial Analyst,Full Time,2023-08-15,Mumbai,Diploma,1.2,1170894.0,175634.1,Good,Vikram Singh,Active,Married,1.0,4.0,37.0,Good performer
50020,Shreya Mehta,shreya.mehta95@company.com,9208181146,Male,1976-11-21,52.0,HR,Account Executive,Contract,2020-07-19,Mysuru,Bachelor's,17.2,1738870.0,173887.0,Good,Vikram Singh,Active,Single,9.0,5.0,21.0,Good performer
50693,Ananya Gowda,ananya.gowda28@company.com,9949277441,Other,2004-01-15,51.0,Finance,Business Analyst,Intern,2025-03-26,Mysuru,Master's,4.2,821655.0,41082.75,Good,Anil Kumar,Resigned,Single,5.0,2.0,24.0,Good performer
51180,Sneha Rao,sneha.rao14@company.com,9507495787,Female,1982-02-16,41.0,Customer Support,Support Specialist,Intern,2022-10-28,Noida,Bachelor's,7.1,254563.0,50912.6,Needs Improvement,Priya Sharma,Resigned,Married,10.0,3.0,39.0,Good performer
50350,Rahul Kumar,rahul.kumar7@company.com,9865357137,Other,1989-08-24,22.0,Finance,Software Engineer,Intern,2021-09-22,Pune,Bachelor's,17.4,806506.0,161301.2,Excellent,Anil Kumar,Resigned,Divorced,0.0,2.0,21.0,Good performer
50450,Kiran Sharma,kiran.sharma59@company.com,9946066649,Female,1970-09-23,25.0,Operations,Data Analyst,Full Time,2019-08-10,Hyderabad,Master's,3.8,1894943.0,151595.44,Average,Sneha Patel,Inactive,Divorced,17.0,4.0,41.0,Good performer
51013,Sanjay Rao,sanjay.rao32@company.com,9989379291,Male,2006-09-21,21.0,Marketing,Marketing Analyst,Full Time,2023-05-26,Bengaluru,PhD,8.5,1756636.0,140530.88,Excellent,Priya Sharma,Resigned,Single,30.0,2.0,32.0,Good performer
50700,Kiran Joshi,kiran.joshi63@company.com,,Other,1989-02-25,18.0,Marketing,Support Specialist,Full Time,2020-11-13,Mysuru,PhD,1.8,326900.0,0.0,Needs Improvement,Meera Nair,Active,Married,21.0,4.0,5.0,Good performer
50095,Pooja Mehta,pooja.mehta76@company.com,9268720291,Male,1982-10-09,47.0,Marketing,HR Executive,Part Time,2024-09-20,Mumbai,Master's,15.8,1113895.0,89111.6,Needs Improvement,Anil Kumar,On Leave,Divorced,1.0,2.0,40.0,Good performer
50874,Sneha Joshi,sneha.joshi14@company.com,9126406899,Female,1992-01-05,34.0,HR,Support Specialist,Intern,2026-08-19,Mumbai,PhD,15.2,1492678.0,119414.24,Average,Anil Kumar,Active,Single,5.0,4.0,22.0,Good performer
51139,Vivek Reddy,vivek.reddy45@company.com,9292963101,Other,1985-06-09,20.0,Marketing,Marketing Analyst,Contract,2021-04-09,Chennai,Bachelor's,15.2,1635401.0,163540.1,Excellent,Rahul Rao,Active,Divorced,9.0,1.0,14.0,Needs training
50427,Isha Kumar,isha.kumar16@company.com,9378752140,Male,1974-07-01,50.0,Customer Support,Operations Executive,Part Time,2022-08-15,Delhi,PhD,4.4,970482.0,194096.4,Needs Improvement,Rahul Rao,Resigned,Single,35.0,2.0,19.0,Needs training
50582,Sneha Rao,sneha.rao24@company.com,9422375573,Female,1995-12-09,31.0,Procurement,Account Executive,Full Time,2025-01-05,Noida,Bachelor's,12.3,743805.0,111570.75,Excellent,Anil Kumar,On Leave,Divorced,34.0,2.0,37.0,Needs training
50480,Rohit Joshi,,9264142356,Other,1972-10-31,46.0,Sales,Financial Analyst,Full Time,2020-01-07,Bengaluru,Bachelor's,50.0,1616976.0,161697.6,Average,Anil Kumar,Resigned,Single,31.0,1.0,24.0,Fast learner
50996,Sanjay Gowda,sanjay.gowda30@company.com,9997338975,Male,2006-12-27,49.0,Sales,Software Engineer,Contract,2022-06-07,Gurugram,Diploma,14.3,1332385.0,0.0,Good,Sneha Patel,On Leave,Married,5.0,1.0,5.0,Good performer
50506,Shreya Rao,shreya.rao35@company.com,9179883165,Male,1976-03-28,47.0,HR,Financial Analyst,Contract,2019-01-23,Mysuru,Diploma,6.2,1590505.0,238575.75,Needs Improvement,Anil Kumar,Inactive,Married,17.0,4.0,26.0,Fast learner
51042,Pooja Mehta,pooja.mehta42@company.com,9155839218,Male,1981-09-18,30.0,Marketing,Financial Analyst,Contract,2026-08-03,Hyderabad,Master's,8.8,1388778.0,69438.9,Needs Improvement,Rahul Rao,Resigned,Single,15.0,2.0,6.0,Fast learner
50919,Rohit Sharma,rohit.sharma69@company.com,9328180082,Other,2002-05-21,50.0,IT,Business Analyst,Intern,2019-09-02,Delhi,Master's,6.1,448042.0,44804.2,Excellent,Anil Kumar,On Leave,Single,17.0,1.0,12.0,Fast learner
50802,Sneha Gowda,sneha.gowda54@company.com,9941293391,Male,1967-12-12,32.0,Sales,Software Engineer,Full Time,2019-07-18,Chennai,Diploma,3.2,888390.0,133258.5,Average,Priya Sharma,Inactive,Single,28.0,4.0,33.0,Needs training
50416,Amit Patel,amit.patel2@company.com,9173694689,Other,1986-04-27,63.0,HR,HR Executive,Part Time,2026-07-21,Mumbai,Diploma,7.8,276117.0,13805.85,Good,Vikram Singh,Inactive,Married,0.0,1.0,4.0,Good performer
50274,Akash Singh,akash.singh34@company.com,9720569806,Other,1966-02-11,38.0,Procurement,Software Engineer,Intern,2025-08-06,Chennai,Bachelor's,16.7,1824101.0,273615.15,Excellent,Sneha Patel,On Leave,Married,15.0,2.0,3.0,Needs training
50559,Meera Kumar,meera.kumar71@company.com,9738338436,Female,2004-08-16,29.0,Sales,Software Engineer,Part Time,2021-12-17,Hyderabad,Bachelor's,13.3,1501933.0,0.0,Average,Priya Sharma,On Leave,Single,1.0,2.0,22.0,Fast learner
50397,Divya Sharma,divya.sharma51@company.com,9970248292,Other,1985-06-22,62.0,HR,Data Analyst,Full Time,2025-10-18,Hyderabad,Diploma,2.4,2102041.0,210204.1,Needs Improvement,Meera Nair,Inactive,Divorced,1.0,3.0,31.0,Good performer
50831,Arjun Das,arjun.das91@company.com,9791799140,Other,1979-11-14,25.0,IT,Business Analyst,Full Time,2020-11-18,Mysuru,Master's,13.9,2093669.0,209366.9,Needs Improvement,Meera Nair,Inactive,Married,18.0,3.0,24.0,Needs training
51014,Arjun Sharma,arjun.sharma74@company.com,9703264337,Male,1977-09-04,57.0,Sales,Operations Executive,Part Time,2020-03-09,Noida,Bachelor's,2.9,891382.0,0.0,Needs Improvement,Meera Nair,Active,Single,10.0,2.0,9.0,Good performer
51153,Akash Verma,akash.verma55@company.com,,Male,1979-03-07,62.0,Marketing,Account Executive,Intern,2023-11-11,Gurugram,Bachelor's,6.5,746521.0,111978.15,Good,Vikram Singh,Resigned,Divorced,14.0,2.0,17.0,Good performer
50531,Ananya Das,ananya.das21@company.com,9585634533,Male,1998-05-11,41.0,Customer Support,Account Executive,Contract,2021-11-25,Hyderabad,Bachelor's,9.8,1907252.0,0.0,Good,Priya Sharma,Active,Married,3.0,5.0,21.0,Needs training
51021,Amit Gowda,amit.gowda12@company.com,9284016753,Other,1997-11-29,47.0,Marketing,Data Analyst,Intern,2025-07-09,Hyderabad,Master's,15.3,1502029.0,0.0,Average,Sneha Patel,Resigned,Divorced,35.0,2.0,24.0,Good performer
51112,Isha Verma,isha.verma69@company.com,9332311180,Other,1989-06-15,54.0,Procurement,Operations Executive,Intern,2022-03-10,Mysuru,Bachelor's,10.7,1684328.0,0.0,Excellent,Anil Kumar,Inactive,Single,24.0,3.0,29.0,Good performer
50475,Kavya Kumar,kavya.kumar10@company.com,9580383785,Male,1968-01-26,21.0,Procurement,Sales Executive,Intern,2023-07-07,Delhi,Bachelor's,13.8,622933.0,124586.6,Needs Improvement,Priya Sharma,On Leave,Single,14.0,5.0,150.0,Good performer
50459,Amit Sharma,amit.sharma1@company.com,9807799310,Other,1973-10-18,38.0,IT,Data Analyst,Part Time,2024-08-13,Hyderabad,PhD,2.1,773744.0,77374.4,Good,Rahul Rao,Active,Married,3.0,5.0,29.0,Good performer
50527,Shreya Kumar,shreya.kumar56@company.com,9146382977,Other,1973-10-29,41.0,Customer Support,Account Executive,Intern,2023-04-01,Hyderabad,PhD,13.0,1799666.0,0.0,Average,Rahul Rao,Inactive,Married,24.0,3.0,10.0,Needs training
50057,Sanjay Mehta,sanjay.mehta85@company.com,9461249298,Female,2006-04-27,59.0,Customer Support,Account Executive,Intern,2026-02-25,Mysuru,PhD,12.2,497494.0,39799.52,Needs Improvement,Meera Nair,Resigned,Divorced,20.0,5.0,24.0,Needs training
50135,Pooja Sharma,pooja.sharma27@company.com,9694696085,Female,1977-02-28,46.0,Finance,Marketing Analyst,Contract,2021-03-15,Gurugram,Master's,10.8,841390.0,67311.2,Needs Improvement,Vikram Singh,Active,Divorced,27.0,2.0,4.0,Good performer
50187,Sneha Singh,sneha.singh13@company.com,9241259955,Male,1990-05-15,27.0,Operations,Sales Executive,Full Time,2020-03-17,Noida,Master's,11.8,890757.0,89075.7,Good,Priya Sharma,Resigned,Divorced,29.0,4.0,19.0,Good performer
51149,Amit Reddy,amit.reddy30@company.com,9191302889,Female,1983-06-07,50.0,Sales,Sales Executive,Full Time,2023-05-31,Bengaluru,Diploma,16.3,2172813.0,173825.04,Needs Improvement,Meera Nair,Resigned,Single,7.0,4.0,21.0,Good performer
50796,Arjun Rao,arjun.rao14@company.com,9567537483,Male,2005-07-02,34.0,Operations,Data Analyst,Full Time,2025-06-26,Mysuru,Diploma,9.2,1531781.0,76589.05,Excellent,Anil Kumar,Active,Divorced,5.0,1.0,23.0,Good performer
50282,Pooja Verma,pooja.verma19@company.com,9985971920,Male,2008-02-20,39.0,Marketing,Account Executive,Intern,2021-04-06,Pune,Diploma,3.3,1675920.0,83796.0,Good,Anil Kumar,On Leave,Divorced,22.0,2.0,45.0,Good performer
50934,Arjun Singh,arjun.singh96@company.com,9640782155,Female,1994-10-15,25.0,Procurement,Support Specialist,Intern,2022-03-07,Pune,Diploma,60.0,404629.0,0.0,Good,Priya Sharma,Inactive,Single,2.0,3.0,37.0,Good performer
50425,Pooja Patel,pooja.patel82@company.com,9371111560,Female,2004-06-30,24.0,Customer Support,Account Executive,Intern,2024-03-29,Pune,Master's,15.8,1473456.0,147345.6,Excellent,Priya Sharma,Resigned,Single,35.0,3.0,8.0,Fast learner
50124,Sanjay Gowda,,9523880534,Other,1966-04-14,42.0,Procurement,Operations Executive,Contract,2023-05-12,Chennai,PhD,10.7,338717.0,50807.55,Good,Priya Sharma,Resigned,Divorced,7.0,4.0,29.0,Good performer
50716,Arjun Kumar,arjun.kumar84@company.com,9814906332,Other,1995-09-01,38.0,Sales,Support Specialist,Full Time,2019-11-21,Hyderabad,Master's,17.2,862499.0,86249.9,Excellent,Rahul Rao,On Leave,Single,32.0,3.0,35.0,Good performer
50191,Sneha Sharma,,9283120793,Female,1967-08-11,41.0,HR,Sales Executive,Contract,2026-04-22,Kolkata,Bachelor's,9.2,694275.0,138855.0,Needs Improvement,Sneha Patel,On Leave,Single,20.0,3.0,12.0,Good performer
50960,Vivek Singh,vivek.singh80@company.com,9960420731,Male,2002-08-02,41.0,Sales,Sales Executive,Full Time,2022-06-24,Delhi,Bachelor's,9.2,325256.0,26020.48,Needs Improvement,Anil Kumar,Inactive,Married,17.0,2.0,26.0,Fast learner
51071,Pooja Mehta,pooja.mehta4@company.com,9582316163,Other,2001-12-20,59.0,Operations,Software Engineer,Full Time,2022-03-25,Gurugram,Master's,8.8,1925817.0,0.0,Good,Anil Kumar,Resigned,Married,7.0,3.0,41.0,Good performer
50318,Priya Gowda,priya.gowda98@company.com,9986626335,Female,1983-09-04,58.0,Procurement,Business Analyst,Full Time,2023-04-19,Pune,Diploma,15.7,1550599.0,124047.92,Average,Vikram Singh,On Leave,Divorced,2.0,2.0,16.0,Good performer
50722,Arjun Verma,arjun.verma42@company.com,9722393587,Male,1972-01-10,35.0,IT,Sales Executive,Contract,2021-12-28,Chennai,Bachelor's,9.5,10000000.0,70365.75,Needs Improvement,Priya Sharma,Active,Married,11.0,3.0,2.0,Good performer
50414,Ananya Gowda,ananya.gowda61@company.com,9382439686,Other,1965-11-13,45.0,Sales,Marketing Analyst,Contract,2025-06-28,Mysuru,Master's,1.4,667843.0,0.0,Needs Improvement,Rahul Rao,On Leave,Single,23.0,1.0,27.0,Fast learner
50933,Arjun Das,arjun.das42@company.com,9384626915,Female,1978-03-07,28.0,Sales,Financial Analyst,Full Time,2021-02-01,Mysuru,Master's,1.3,1805545.0,0.0,Needs Improvement,Meera Nair,Inactive,Single,21.0,1.0,7.0,Good performer
50611,Isha Rao,isha.rao20@company.com,9277612194,Other,1996-09-29,26.0,Marketing,Operations Executive,Contract,2024-08-18,Noida,Master's,8.5,820803.0,41040.15,Excellent,Vikram Singh,Resigned,Married,34.0,1.0,7.0,Needs training
50915,Pooja Mehta,pooja.mehta14@company.com,9113798892,Other,1975-07-31,49.0,Marketing,HR Executive,Part Time,2019-06-05,Pune,Master's,15.7,1406777.0,281355.4,Good,Anil Kumar,Resigned,Married,100.0,2.0,31.0,Good performer
50682,Nikhil Nair,,9934501291,Male,1996-08-28,55.0,Customer Service,Software Engineer,Intern,2019-12-10,Gurugram,Bachelor's,2.2,1305321.0,65266.05,Average,Sneha Patel,Resigned,Married,2.0,5.0,5.0,Good performer
50807,Sneha Sharma,sneha.sharma39@company.com,9524003068,Male,1966-01-21,44.0,Sales,Operations Executive,Contract,2026-03-30,Noida,Diploma,7.6,703735.0,70373.5,Average,Meera Nair,On Leave,Divorced,32.0,1.0,19.0,Fast learner
50412,Priya Patel,priya.patel28@company.com,9945030736,Female,2000-09-17,60.0,IT,Data Analyst,Contract,2021-03-21,Kolkata,PhD,17.8,855818.0,85581.8,Excellent,Sneha Patel,Active,Single,27.0,4.0,5.0,Good performer
51171,Pooja Gowda,pooja.gowda99@company.com,,Female,2004-10-09,59.0,Operations,Financial Analyst,Full Time,2026-02-23,Mysuru,PhD,0.7,714361.0,90398.0,Needs Improvement,Sneha Patel,Inactive,Divorced,3.0,1.0,26.0,Needs training
50393,Priya Sharma,priya.sharma99@company.com,9300372650,Female,1970-01-20,32.0,Procurement,Sales Executive,Part Time,2023-01-14,Hyderabad,Bachelor's,7.5,1749726.0,174972.6,Excellent,Sneha Patel,On Leave,Divorced,100.0,4.0,24.0,Needs training
50608,Divya Rao,divya.rao13@company.com,9881623090,Other,2002-08-03,32.0,IT,Sales Executive,Intern,2023-04-18,Noida,Bachelor's,11.8,632104.0,31605.2,Excellent,Sneha Patel,Active,Single,2.0,5.0,7.0,Fast learner
51127,Pooja Mehta,pooja.mehta30@company.com,9660356458,Female,1983-04-11,50.0,Sales,Operations Executive,Part Time,2025-11-26,Hyderabad,PhD,1.8,1681278.0,0.0,Needs Improvement,Priya Sharma,On Leave,Divorced,17.0,3.0,33.0,Needs training
50406,Sneha Singh,sneha.singh45@company.com,9308869333,Male,1976-03-30,20.0,Finance,Account Executive,Contract,2024-02-25,Kolkata,PhD,11.7,1280343.0,102427.44,Excellent,Meera Nair,Resigned,Divorced,3.0,2.0,15.0,Good performer
50168,Isha Joshi,isha.joshi96@company.com,9230664355,Male,1993-03-22,38.0,Marketing,Software Engineer,Intern,2019-03-01,Gurugram,PhD,11.5,397872.0,59680.8,Average,Vikram Singh,Resigned,Married,3.0,2.0,25.0,Good performer
50453,Rahul Gowda,,9534168660,Other,1981-02-21,62.0,IT,Business Analyst,Intern,2020-05-04,Mysuru,Master's,9.3,1365731.0,273146.2,Excellent,Priya Sharma,Inactive,Divorced,17.0,3.0,13.0,Good performer
50519,Rahul Kumar,rahul.kumar10@company.com,9607364549,Female,1976-11-11,27.0,Sales,Business Analyst,Intern,2022-04-04,Mumbai,PhD,16.4,1660689.0,83034.45,Average,Meera Nair,On Leave,Divorced,32.0,3.0,21.0,Good performer
50854,Shreya Rao,shreya.rao38@company.com,9756035339,Other,2008-05-22,26.0,Operations,Marketing Analyst,Full Time,2023-08-30,Bengaluru,Master's,14.2,1418547.0,90398.0,Needs Improvement,Rahul Rao,Active,Married,24.0,3.0,5.0,Needs training
51029,Pooja Reddy,pooja.reddy33@company.com,9281454908,Other,1974-05-01,27.0,IT,Software Engineer,Contract,2023-10-28,Delhi,Master's,9.2,624602.0,124920.4,Average,Vikram Singh,Active,Divorced,27.0,1.0,18.0,Fast learner
50650,Akash Kumar,akash.kumar29@company.com,9903560861,Male,1965-11-04,18.0,HR,Data Analyst,Intern,2019-05-29,Noida,PhD,13.0,643359.0,32167.95,Average,Rahul Rao,Resigned,Married,22.0,3.0,44.0,Fast learner
50760,Meera Verma,meera.verma67@company.com,9349716393,Female,2007-03-27,64.0,HR,Sales Executive,Full Time,2019-12-15,Gurugram,Diploma,10.6,635261.0,0.0,Needs Improvement,Rahul Rao,Resigned,Single,31.0,2.0,18.0,Fast learner
50473,Priya Nair,priya.nair42@company.com,9565632220,Other,1977-04-30,31.0,Operations,Data Analyst,Intern,2021-06-13,Mysuru,Master's,0.1,1671783.0,133742.64,Good,Sneha Patel,Inactive,Divorced,7.0,4.0,11.0,Good performer
50199,Ananya Joshi,,9421419404,Female,1986-08-19,0.0,Operations,Sales Executive,Contract,2025-04-05,Delhi,Bachelor's,14.9,408625.0,20431.25,Needs Improvement,Sneha Patel,On Leave,Divorced,30.0,2.0,21.0,Fast learner
50697,Shreya Singh,shreya.singh45@company.com,9108418900,Male,1977-05-18,36.0,Customer Support,Sales Executive,Intern,2024-08-03,Mumbai,Master's,0.8,383758.0,0.0,Excellent,Rahul Rao,Inactive,Divorced,3.0,4.0,23.0,Good performer
50901,Arjun Das,arjun.das89@company.com,9523682213,Male,2001-12-22,60.0,Marketing,Business Analyst,Intern,2022-12-03,Kolkata,PhD,13.2,920900.0,73672.0,Good,Rahul Rao,Active,Divorced,33.0,4.0,21.0,Needs training
50676,Neha Verma,neha.verma58@company.com,9121859060,Male,1992-08-27,60.0,Operations,Sales Executive,Intern,2025-10-09,Noida,Bachelor's,2.9,1009842.0,0.0,Excellent,Rahul Rao,Resigned,Single,23.0,4.0,14.0,Good performer
50115,Kavya Nair,kavya.nair70@company.com,9352654434,Female,2005-08-03,41.0,Sales,Financial Analyst,internship,2025-12-31,Mumbai,Bachelor's,17.9,951670.0,76133.6,Good,Vikram Singh,On Leave,Married,19.0,4.0,1.0,Needs training
50193,Sneha Sharma,sneha.sharma78@company.com,9937609141,Other,1972-02-22,39.0,Operations,Marketing Analyst,Full Time,2020-06-08,Gurugram,Bachelor's,9.9,1853255.0,92662.75,Average,Vikram Singh,On Leave,Divorced,34.0,5.0,15.0,Needs training
50173,Rahul Joshi,rahul.joshi34@company.com,9940270024,Male,1971-07-26,60.0,Finance,Account Executive,Intern,2024-04-29,Gurugram,PhD,8.4,583950.0,29197.5,Needs Improvement,Rahul Rao,Inactive,Divorced,30.0,1.0,23.0,Good performer
50442,Vivek Nair,vivek.nair32@company.com,,Male,1968-02-01,51.0,IT,Business Analyst,Part Time,2020-04-11,Mysuru,Bachelor's,5.0,1913680.0,153094.4,Good,Priya Sharma,Resigned,Single,1.0,2.0,6.0,Fast learner
50885,Isha Das,isha.das2@company.com,9527967040,Male,2007-09-12,41.0,Operations,Marketing Analyst,Intern,2024-11-09,Delhi,Bachelor's,4.1,1352732.0,135273.2,Excellent,Meera Nair,Resigned,Divorced,17.0,1.0,10.0,Fast learner
50360,Rahul Gowda,,9464596803,Male,1983-03-11,34.0,Marketing,Account Executive,Part Time,2021-02-16,Chennai,Diploma,7.7,933103.0,74648.24,Good,Sneha Patel,Active,Single,19.0,3.0,32.0,Fast learner
50820,Isha Gowda,isha.gowda44@company.com,9154576063,Other,1976-08-05,63.0,IT,Support Specialist,Full Time,2023-02-21,Hyderabad,Bachelor's,11.2,1299143.0,129914.3,Excellent,Rahul Rao,Active,Divorced,17.0,5.0,2.0,Good performer
50399,Amit Patel,meera.das43@company.com,9972904218,Male,1999-11-11,54.0,Customer Service,Marketing Analyst,Intern,2025-01-04,Mysuru,Bachelor's,17.1,2006942.0,100347.1,Good,Sneha Patel,Inactive,Divorced,3.0,3.0,25.0,Good performer
51111,Sneha Patel,sneha.patel83@company.com,9391582204,Female,1994-03-23,62.0,Marketing,Sales Executive,Part Time,2022-01-14,Mysuru,Bachelor's,0.6,1264319.0,126431.9,Excellent,Priya Sharma,On Leave,Divorced,27.0,4.0,35.0,Good performer
50411,Divya Das,divya.das2@company.com,9678285301,Other,1993-04-07,48.0,Customer Support,Operations Executive,Intern,2023-12-14,Pune,Bachelor's,7.6,516697.0,25834.85,Needs Improvement,Meera Nair,Active,Single,27.0,5.0,25.0,Fast learner
50560,Arjun Reddy,arjun.reddy18@company.com,9501323489,Female,1976-08-05,19.0,Finance,Account Executive,Part Time,2020-07-25,Chennai,Diploma,3.1,1423274.0,142327.4,Average,Meera Nair,Active,Married,25.0,5.0,44.0,Good performer
50104,Isha Rao,isha.rao50@company.com,9308832106,Other,1985-08-24,53.0,Customer Support,Account Executive,Full Time,2024-01-22,Gurugram,Bachelor's,5.5,1170119.0,234023.8,Average,Anil Kumar,Resigned,Single,14.0,3.0,2.0,Good performer
50409,Amit Gowda,amit.gowda5@company.com,9642547073,Other,1967-09-18,61.0,HR,Account Executive,Part Time,2025-11-03,Mumbai,PhD,9.7,783147.0,62651.76,Good,Vikram Singh,On Leave,Single,21.0,3.0,7.0,Good performer
50083,Amit Patel,,9855120876,Male,1981-03-27,45.0,HR,Software Engineer,Full Time,2020-05-03,Noida,Bachelor's,17.3,349585.0,0.0,Good,Rahul Rao,Inactive,Single,23.0,1.0,26.0,Needs training
51195,Rohit Nair,rohit.nair69@company.com,9584795045,Male,1974-02-15,57.0,IT,Marketing Analyst,Intern,2020-12-24,Hyderabad,Diploma,3.0,1168166.0,0.0,Average,Sneha Patel,On Leave,Single,23.0,3.0,19.0,Good performer
50388,Rohit Gowda,,9871205160,Male,1995-11-07,39.0,Operations,Marketing Analyst,Full Time,2022-01-29,Delhi,Master's,7.1,50000000.0,152423.7,Average,Anil Kumar,Resigned,Married,20.0,1.0,21.0,Good performer
50569,Kiran Rao,kiran.rao23@company.com,9848527599,Male,1973-09-14,43.0,Customer Support,HR Executive,Part Time,2025-07-17,Noida,Master's,9.9,300259.0,15012.95,Good,Priya Sharma,Resigned,Married,29.0,4.0,36.0,Fast learner
51199,Amit Patel,amit.patel16@company.com,9212866305,Female,2002-05-17,44.0,HR,Support Specialist,Contract,2019-12-02,Noida,Master's,17.6,1058471.0,211694.2,Average,Sneha Patel,Resigned,Married,33.0,5.0,21.0,Good performer
50275,Neha Joshi,neha.joshi8@company.com,9400487193,Female,1969-12-25,46.0,Operations,Software Engineer,Intern,2026-05-17,Bengaluru,PhD,11.0,424233.0,33938.64,Excellent,Anil Kumar,Inactive,Single,4.0,2.0,28.0,Needs training
50906,Amit Reddy,amit.reddy6@company.com,9839048592,Other,1980-05-20,18.0,Procurement,Support Specialist,Intern,2020-07-27,Bengaluru,Bachelor's,0.2,574926.0,57492.6,Good,Sneha Patel,Inactive,Single,8.0,5.0,8.0,Good performer
50034,Vivek Mehta,vivek.mehta97@company.com,9130159062,Male,1996-05-01,50.0,HR,Marketing Analyst,Intern,2021-11-19,Kolkata,Master's,15.0,929484.0,46474.2,Good,Priya Sharma,Resigned,Single,23.0,3.0,34.0,Good performer
50390,Pooja Reddy,pooja.reddy57@company.com,9404977995,Other,1981-03-15,29.0,IT,Software Engineer,Contract,2022-03-06,Noida,Diploma,4.0,2096916.0,0.0,Needs Improvement,Rahul Rao,Active,Married,34.0,2.0,26.0,Good performer
50284,Nikhil Singh,nikhil.singh87@company.com,9828156997,Male,2003-02-04,28.0,Finance,Sales Executive,Intern,2021-08-03,Chennai,PhD,16.8,1935801.0,0.0,Needs Improvement,Vikram Singh,Inactive,Single,24.0,1.0,31.0,Good performer
50964,Kiran Mehta,kiran.mehta91@company.com,9264520433,Other,1969-08-04,63.0,Customer Support,Financial Analyst,Full Time,2020-12-26,Delhi,Bachelor's,14.2,1187244.0,0.0,Average,Sneha Patel,Inactive,Single,26.0,4.0,24.0,Good performer
50876,Vivek Gowda,vivek.gowda47@company.com,9865931293,Female,1998-05-15,60.0,Sales,Marketing Analyst,Contract,2024-11-09,Delhi,Bachelor's,0.4,1404269.0,140426.9,Excellent,Anil Kumar,Inactive,Single,2.0,2.0,27.0,Good performer
51138,Isha Das,isha.das24@company.com,9429564337,Male,1991-06-19,60.0,Customer Support,Support Specialist,Intern,2025-03-23,Hyderabad,Bachelor's,12.0,888295.0,44414.75,Needs Improvement,Anil Kumar,Inactive,Divorced,1.0,3.0,0.0,Good performer
50129,Priya Sharma,,9805072019,Male,2007-05-24,42.0,Customer Support,Financial Analyst,Intern,2019-12-15,Mysuru,PhD,3.7,532515.0,53251.5,Needs Improvement,Sneha Patel,Resigned,Divorced,30.0,1.0,24.0,Good performer
50962,Ananya Kumar,ananya.kumar98@company.com,9920844105,Other,1971-08-08,57.0,Finance,Sales Executive,Full Time,2024-08-17,Delhi,Bachelor's,11.5,1439258.0,0.0,Average,Meera Nair,On Leave,Divorced,15.0,5.0,25.0,Good performer
50130,Isha Singh,isha.singh70@company.com,9709442734,Male,1968-02-28,54.0,IT,Sales Executive,Part Time,2023-10-25,Noida,PhD,5.2,811025.0,81102.5,Good,Priya Sharma,On Leave,Married,0.0,1.0,16.0,Good performer
51197,Meera Verma,meera.verma96@company.com,,Male,1991-02-03,22.0,Marketing,HR Executive,Full Time,2023-03-22,Mysuru,Diploma,1.1,958927.0,47946.35,Excellent,Meera Nair,On Leave,Divorced,22.0,4.0,9.0,Good performer
50314,Arjun Joshi,arjun.joshi32@company.com,9303298642,Other,1984-07-11,52.0,IT,Software Engineer,Contract,2022-10-24,Hyderabad,Bachelor's,9.9,2008267.0,100413.35,Average,Sneha Patel,Inactive,Divorced,0.0,4.0,8.0,Good performer
50161,Rohit Mehta,rohit.mehta75@company.com,9717131210,Other,2001-01-03,57.0,Operations,Account Executive,Intern,2025-11-22,Pune,Diploma,13.9,1775259.0,177525.9,Good,Anil Kumar,On Leave,Married,17.0,5.0,37.0,Needs training
50898,Manish Gowda,manish.gowda41@company.com,9777651971,Other,2008-03-18,42.0,Finance,Support Specialist,Intern,2020-03-17,Mysuru,Master's,11.3,1281939.0,128193.9,Excellent,Rahul Rao,Resigned,Single,6.0,5.0,12.0,Good performer
50149,Amit Mehta,amit.mehta89@company.com,9331495808,Female,1993-12-12,56.0,Marketing,Sales Executive,Full Time,2020-04-10,Noida,Master's,16.2,962535.0,90398.0,Needs Improvement,Priya Sharma,Inactive,Married,20.0,5.0,36.0,Needs training
51005,Priya Mehta,priya.mehta14@company.com,9838866443,Female,1979-03-07,18.0,Sales,Marketing Analyst,Contract,2021-06-01,Bengaluru,PhD,15.4,1710997.0,256649.55,Average,Sneha Patel,On Leave,Married,24.0,5.0,9.0,Good performer
50926,Shreya Nair,shreya.nair99@company.com,9486409278,Female,1985-02-11,55.0,IT,Business Analyst,Contract,2022-03-26,Kolkata,Diploma,15.8,1143172.0,228634.4,Excellent,Rahul Rao,On Leave,Divorced,29.0,1.0,39.0,Needs training
50316,Neha Nair,,9422171497,Female,1987-01-08,65.0,Marketing,Support Specialist,Full Time,2022-11-14,Delhi,Diploma,1.0,1821494.0,273224.1,Poor,Priya Sharma,Inactive,Married,16.0,2.0,2.0,Good performer
51151,Isha Das,isha.das13@company.com,9774202385,Male,1978-12-18,61.0,Marketing,Operations Executive,Contract,2026-04-16,Gurugram,PhD,2.2,2134953.0,0.0,Needs Improvement,Priya Sharma,On Leave,Married,18.0,2.0,21.0,Good performer
51098,Kavya Mehta,kavya.mehta97@company.com,9177462373,Female,1980-07-22,49.0,Sales,Support Specialist,Part Time,2023-07-29,Kolkata,PhD,0.1,1736570.0,347314.0,Good,Rahul Rao,Resigned,Single,28.0,3.0,27.0,Good performer
50485,Divya Verma,,9664871391,Other,1987-02-10,53.0,Customer Support,HR Executive,Intern,2022-10-24,Noida,Diploma,13.9,866279.0,86627.9,Excellent,Anil Kumar,Active,Single,10.0,1.0,37.0,Good performer
50392,Rahul Joshi,rahul.joshi15@company.com,9707179052,Male,2003-11-17,21.0,IT,Financial Analyst,Intern,2021-11-02,Bengaluru,Bachelor's,11.9,1951024.0,156081.92,Good,Sneha Patel,On Leave,Divorced,6.0,3.0,28.0,Good performer
50956,Rahul Verma,rahul.verma24@company.com,9843659572,Male,1981-07-06,32.0,IT,Marketing Analyst,Contract,2025-12-18,Hyderabad,PhD,16.1,507774.0,101554.8,Excellent,Anil Kumar,Active,Married,8.0,2.0,30.0,Needs training
50673,Ananya Sharma,ananya.sharma68@company.com,9631338298,Male,1970-12-28,50.0,HR,Sales Executive,Full Time,2019-12-15,Gurugram,Diploma,17.2,1256709.0,251341.8,Average,Anil Kumar,Resigned,Married,14.0,4.0,23.0,Good performer
50125,Priya Singh,priya.singh17@company.com,9305279288,Female,2005-09-27,38.0,Customer Support,Operations Executive,Full Time,2022-03-30,Delhi,PhD,12.1,2090075.0,104503.75,Needs Improvement,Rahul Rao,On Leave,Divorced,29.0,3.0,6.0,Needs training
50003,Vivek Verma,vivek.verma65@company.com,9961730688,Other,1987-05-12,49.0,Customer Support,Business Analyst,Contract,2020-04-21,Kolkata,PhD,9.2,1132219.0,0.0,Good,Priya Sharma,Active,Divorced,33.0,3.0,45.0,Good performer
50045,Manish Singh,manish.singh89@company.com,9259970637,Other,2001-11-28,38.0,Finance,Support Specialist,Full Time,2024-04-26,Delhi,Bachelor's,14.7,2065720.0,0.0,Needs Improvement,Meera Nair,Resigned,Divorced,21.0,5.0,22.0,Good performer
50774,Amit Patel,divya.patel58@company.com,9931314941,Male,2000-10-02,44.0,Sales,Support Specialist,Part Time,2022-06-29,Pune,Master's,7.5,1164070.5,0.0,Average,Priya Sharma,On Leave,Married,31.0,1.0,28.0,Good performer
50092,Isha Nair,isha.nair23@company.com,9912945056,Other,1995-01-06,26.0,Finance,Sales Executive,Intern,2019-04-02,Bengaluru,Bachelor's,11.3,301760.0,30176.0,Good,Vikram Singh,On Leave,Married,11.0,4.0,33.0,Fast learner
50112,Divya Gowda,divya.gowda12@company.com,9277508521,Female,1973-10-07,41.0,Finance,Business Analyst,Intern,2020-07-20,Noida,Bachelor's,4.1,709773.0,141954.6,Needs Improvement,Rahul Rao,On Leave,Single,18.0,2.0,2.0,Good performer
50212,Kavya Kumar,kavya.kumar92@company.com,9594831619,Male,1995-07-25,23.0,Procurement,Business Analyst,Intern,2022-12-20,Bengaluru,Bachelor's,16.4,1148451.0,91876.08,Excellent,Priya Sharma,Resigned,Divorced,12.0,3.0,6.0,Good performer
50674,Kiran Singh,kiran.singh1@company.com,9883888122,Female,1973-04-22,33.0,Sales,Financial Analyst,Contract,2021-07-26,Mumbai,Master's,11.5,1049707.0,209941.4,Average,Anil Kumar,Inactive,Married,7.0,2.0,32.0,Good performer
50467,Rohit Kumar,,,Male,1997-09-02,51.0,Human Resources,Operations Executive,Contract,2024-09-15,Mumbai,Diploma,5.9,948331.0,75866.48,Needs Improvement,Vikram Singh,Active,Single,17.0,4.0,17.0,Good performer
50587,Vivek Reddy,vivek.reddy20@company.com,9675727031,Male,1983-10-05,22.0,Sales,Business Analyst,Contract,2024-05-31,Pune,Bachelor's,10.0,1009120.0,151368.0,Needs Improvement,Sneha Patel,Resigned,Single,19.0,3.0,10.0,Needs training
50749,Meera Rao,meera.rao55@company.com,9229183239,Other,2006-02-03,37.0,Customer Support,Operations Executive,Contract,,Chennai,Diploma,9.2,632724.0,0.0,Excellent,Sneha Patel,On Leave,Divorced,35.0,5.0,17.0,Good performer
51089,Akash Patel,akash.patel19@company.com,9519340176,Male,2007-12-03,47.0,Procurement,Marketing Analyst,Part Time,2025-05-20,Delhi,Master's,1.0,562120.0,56212.0,Excellent,Sneha Patel,Resigned,Married,29.0,2.0,17.0,Good performer
50788,Neha Verma,neha.verma84@company.com,9528674288,Other,1999-04-14,58.0,IT,Financial Analyst,Intern,2023-04-28,Hyderabad,PhD,10.0,2100294.0,105014.7,Average,Sneha Patel,Inactive,Divorced,27.0,3.0,33.0,Good performer
50652,Meera Kumar,meera.kumar68@company.com,9311103664,Other,1982-03-19,42.0,Operations,Software Engineer,Part Time,2021-01-14,Mysuru,PhD,16.8,990364.0,148554.6,Needs Improvement,Rahul Rao,Inactive,Single,35.0,5.0,5.0,Good performer
50813,Amit Patel,priya.sharma26@company.com,9652035476,Male,1982-08-09,38.0,Finance,Account Executive,Part Time,2019-08-31,Mysuru,Bachelor's,12.4,278799.0,13939.95,Average,Anil Kumar,Active,Divorced,13.0,5.0,9.0,Fast learner
50952,Neha Mehta,neha.mehta58@company.com,9532042087,Male,1986-12-23,27.0,Finance,Marketing Analyst,Intern,2021-09-10,Chennai,Bachelor's,0.6,286990.0,0.0,Average,Priya Sharma,Inactive,Divorced,29.0,4.0,5.0,Good performer
50325,Pooja Verma,pooja.verma27@company.com,9486730867,Other,1982-11-07,0.0,Marketing,Account Executive,Full Time,2025-08-14,Mumbai,PhD,0.1,459340.0,45934.0,Good,Anil Kumar,Inactive,Single,34.0,2.0,0.0,Good performer
50620,Meera Sharma,,9886215863,Male,2000-12-30,27.0,Sales,Financial Analyst,Full Time,2022-01-13,Chennai,Diploma,7.3,1121019.0,224203.8,Good,Meera Nair,On Leave,Single,14.0,5.0,16.0,Good performer
50331,Shreya Mehta,shreya.mehta2@company.com,9949601959,Female,1984-06-03,62.0,Procurement,Business Analyst,Contract,2021-04-21,Mysuru,Bachelor's,9.5,1495980.0,224397.0,Excellent,Priya Sharma,On Leave,Married,10.0,2.0,8.0,Good performer
50655,Sneha Mehta,sneha.mehta15@company.com,9359520991,Female,2008-03-18,30.0,Marketing,Account Executive,Intern,2026-01-20,Hyderabad,Master's,1.7,689351.0,68935.1,Needs Improvement,Anil Kumar,Active,Married,5.0,1.0,21.0,Good performer
51132,Nikhil Kumar,nikhil.kumar98@company.com,9962823381,Other,1984-07-23,45.0,Customer Support,Operations Executive,Contract,2022-05-20,Mysuru,Bachelor's,0.7,1381091.0,0.0,Average,Priya Sharma,Resigned,Married,24.0,3.0,22.0,Good performer
50520,Pooja Verma,pooja.verma4@company.com,9256922498,Male,1987-11-15,62.0,Marketing,Account Executive,Contract,2024-11-23,Mumbai,Master's,15.4,615613.0,123122.6,Average,Vikram Singh,Resigned,Single,0.0,2.0,20.0,Good performer
51144,Nikhil Mehta,,9264330557,Female,1975-07-16,33.0,Marketing,HR Executive,Full Time,2022-12-23,Mumbai,PhD,2.5,1088965.0,217793.0,Needs Improvement,Meera Nair,Inactive,Single,1.0,4.0,39.0,Needs training
50376,Nikhil Reddy,nikhil.reddy5@company.com,9541489977,Female,1995-10-04,64.0,Procurement,Support Specialist,Intern,2024-01-29,Mysuru,PhD,5.4,1250032.0,62501.6,Good,Vikram Singh,Resigned,Married,29.0,2.0,0.0,Fast learner
50612,Neha Patel,neha.patel36@company.com,9477809419,Male,1993-04-30,35.0,Procurement,Operations Executive,Intern,2019-07-23,Bengaluru,Master's,5.9,414138.0,20706.9,Needs Improvement,Vikram Singh,Active,Single,16.0,4.0,25.0,Good performer
50727,Sanjay Joshi,sanjay.joshi78@company.com,9188662951,Male,1981-10-23,33.0,HR,Business Analyst,Contract,2023-07-20,Chennai,Diploma,9.1,1960454.0,392090.8,Excellent,Priya Sharma,Inactive,Divorced,20.0,1.0,10.0,Fast learner
50257,Isha Verma,isha.verma76@company.com,9899055034,Other,1969-05-01,0.0,Customer Support,Sales Executive,Intern,2023-12-23,Bengaluru,Diploma,5.3,995330.0,0.0,Average,Vikram Singh,Active,Divorced,15.0,3.0,11.0,Fast learner
50296,Priya Mehta,,9333033384,Female,1978-05-11,57.0,Sales,Operations Executive,Intern,2025-07-06,Kolkata,Bachelor's,5.5,645263.0,51621.04,Needs Improvement,Vikram Singh,Resigned,Married,33.0,3.0,12.0,Good performer
50941,Arjun Sharma,arjun.sharma43@company.com,9258989384,Female,1971-07-10,21.0,Procurement,Software Engineer,Contract,2019-01-27,Pune,Master's,8.4,1276064.0,102085.12,Excellent,Anil Kumar,Resigned,Divorced,14.0,3.0,31.0,Good performer
50339,Ananya Patel,ananya.patel76@company.com,9304821435,Other,1969-01-27,19.0,IT,Business Analyst,Intern,2023-11-27,Bengaluru,Diploma,9.2,1628500.0,244275.0,Good,Sneha Patel,On Leave,Divorced,17.0,1.0,21.0,Good performer
50106,Nikhil Rao,nikhil.rao19@company.com,9113660431,Male,1968-06-26,50.0,IT,Software Engineer,Contract,2020-11-29,Delhi,Diploma,14.8,2057460.0,0.0,Good,Meera Nair,On Leave,Divorced,29.0,5.0,43.0,Good performer
50731,Pooja Nair,pooja.nair34@company.com,9224560742,Male,1979-09-17,51.0,IT,HR Executive,Contract,2020-01-04,Hyderabad,Master's,14.6,1846041.0,369208.2,Excellent,Vikram Singh,Resigned,Divorced,25.0,4.0,21.0,Good performer
50712,Shreya Joshi,shreya.joshi4@company.com,9690967887,Other,1970-01-21,36.0,HR,Sales Executive,Intern,2025-06-06,Noida,Master's,0.5,637379.0,63737.9,Needs Improvement,Vikram Singh,Active,Married,29.0,2.0,0.0,Good performer
50516,Divya Nair,divya.nair68@company.com,9923761168,Male,1987-12-18,44.0,Sales,Data Analyst,Full Time,2024-09-15,Noida,Bachelor's,1.0,2011925.0,201192.5,Good,Vikram Singh,On Leave,Single,31.0,3.0,5.0,Fast learner
50899,Kavya Reddy,kavya.reddy12@company.com,9461655587,Other,2007-03-10,39.0,Operations,Marketing Analyst,Full Time,2025-06-27,Bengaluru,PhD,1.3,625283.0,50022.64,Excellent,Meera Nair,Resigned,Single,12.0,3.0,4.0,Good performer
50912,Manish Gowda,manish.gowda11@company.com,9773497233,Male,1989-05-29,38.0,Procurement,Support Specialist,Intern,2019-06-22,Delhi,PhD,10.1,386713.0,77342.6,Average,Meera Nair,On Leave,Married,15.0,5.0,15.0,Needs training
51081,Pooja Patel,pooja.patel8@company.com,9165962209,Other,2005-06-30,60.0,Sales,Data Analyst,Full Time,2022-07-20,Bengaluru,Master's,11.6,2116002.0,423200.4,Excellent,Vikram Singh,Active,Married,14.0,4.0,27.0,Needs training
50666,Kavya Patel,kavya.patel24@company.com,9262433261,Male,1970-04-22,56.0,IT,HR Executive,Contract,2025-02-18,Mumbai,Master's,1.3,1554471.0,310894.2,Good,Vikram Singh,On Leave,Divorced,2.0,3.0,8.0,Fast learner
50572,Rohit Joshi,rohit.joshi70@company.com,9429501441,Female,1989-10-20,46.0,Sales,Software Engineer,Part Time,2021-03-31,Hyderabad,Bachelor's,6.1,1164070.5,197709.6,Average,Sneha Patel,Active,Married,30.0,4.0,16.0,Fast learner
50999,Amit Patel,divya.patel82@company.com,9596291504,Male,1987-08-21,32.0,Finance,Marketing Analyst,Part Time,2023-12-29,Noida,Master's,17.3,1887699.0,94384.95,Good,Priya Sharma,Resigned,Single,25.0,1.0,28.0,Good performer
50415,Akash Reddy,akash.reddy11@company.com,9744807451,Male,1988-11-12,23.0,Sales,Sales Executive,Contract,2020-10-11,Kolkata,PhD,9.7,2171711.0,217171.1,Excellent,Anil Kumar,Inactive,Married,28.0,4.0,34.0,Good performer
51019,Sneha Joshi,sneha.joshi2@company.com,9107345677,Female,1969-01-24,36.0,Sales,Marketing Analyst,Intern,2024-03-15,Mumbai,PhD,7.3,50000000.0,256124.4,Good,Priya Sharma,On Leave,Married,1.0,1.0,23.0,Good performer
50564,Shreya Gowda,shreya.gowda2@company.com,9691631021,Female,1979-12-12,27.0,Customer Support,HR Executive,Intern,2025-08-23,Pune,PhD,13.1,414221.0,62133.15,Needs Improvement,Vikram Singh,On Leave,Divorced,0.0,3.0,42.0,Good performer
51009,Vivek Rao,vivek.rao59@company.com,9431414265,Female,1997-05-02,60.0,Sales,Marketing Analyst,Full Time,2024-10-28,Hyderabad,Master's,14.2,401929.0,40192.9,Good,Priya Sharma,On Leave,Divorced,4.0,5.0,1.0,Good performer
50478,Manish Joshi,manish.joshi94@company.com,9283902395,Male,1965-11-24,55.0,Customer Service,HR Executive,Contract,2024-07-27,Hyderabad,Bachelor's,14.1,547692.0,0.0,Good,Priya Sharma,Inactive,Single,30.0,3.0,9.0,Good performer
51124,Amit Nair,amit.nair99@company.com,9210783258,Male,1974-10-16,60.0,Customer Support,Business Analyst,Contract,2019-11-15,Chennai,Diploma,50.0,599618.0,119923.6,Good,Sneha Patel,Inactive,Married,29.0,4.0,44.0,Good performer
50114,Divya Rao,divya.rao49@company.com,9523794890,Male,1968-04-15,41.0,Procurement,Marketing Analyst,Contract,2022-08-29,Pune,Master's,0.4,1365709.0,273141.8,Average,Meera Nair,RESIGN,Married,23.0,1.0,5.0,Good performer
50007,Rahul Joshi,rahul.joshi16@company.com,9766873846,Male,2000-08-10,52.0,IT,Software Engineer,Part Time,2021-03-25,Bengaluru,Diploma,12.0,759753.0,113962.95,Needs Improvement,Meera Nair,Inactive,Divorced,14.0,4.0,37.0,Good performer
50496,Rahul Singh,rahul.singh16@company.com,9794207912,Male,1973-03-14,61.0,Operations,Data Analyst,Part Time,2025-05-01,Noida,Master's,9.2,1464514.0,117161.12,Excellent,Anil Kumar,Active,Divorced,1.0,3.0,21.0,Good performer
50474,Isha Singh,isha.singh73@company.com,9879125830,Female,1992-01-29,65.0,Customer Support,Software Engineer,Intern,2020-10-25,Gurugram,PhD,7.3,1164070.5,37804.5,Excellent,Priya Sharma,On Leave,Single,19.0,2.0,20.0,Needs training
50136,Kiran Verma,kiran.verma42@company.com,9975435547,Male,1970-01-22,36.0,Procurement,Business Analyst,Intern,2019-08-18,Pune,Master's,0.7,734581.0,58766.48,Excellent,Priya Sharma,Resigned,Divorced,29.0,3.0,28.0,Needs training
50128,Rahul Gowda,rahul.gowda62@company.com,9477110138,Male,1975-05-11,29.0,Procurement,Financial Analyst,Full Time,2023-09-16,Pune,Diploma,13.1,1826052.0,365210.4,Needs Improvement,Rahul Rao,Active,Married,19.0,4.0,8.0,Good performer
50043,Kiran Singh,kiran.singh83@company.com,9146820256,Female,1965-04-30,34.0,Marketing,Business Analyst,Part Time,2022-03-21,Gurugram,Master's,8.9,1535509.0,0.0,Average,Priya Sharma,Resigned,Married,5.0,2.0,2.0,Good performer
51078,Rahul Singh,rahul.singh88@company.com,9392104024,Female,1965-09-23,44.0,IT,Marketing Analyst,Intern,2025-07-06,Pune,Diploma,9.2,1649923.0,247488.45,Average,Rahul Rao,Active,Single,15.0,3.0,16.0,Good performer
50200,Akash Patel,akash.patel6@company.com,9809448224,Male,2008-04-27,60.0,Procurement,Marketing Analyst,Part Time,2019-04-10,Gurugram,Diploma,12.2,1886473.0,188647.3,Good,Rahul Rao,Active,Single,0.0,3.0,4.0,Good performer
50340,Nikhil Joshi,nikhil.joshi59@company.com,9575194601,Other,1978-10-26,63.0,Operations,HR Executive,Part Time,2022-03-13,Pune,Diploma,9.0,1523881.0,0.0,Excellent,Priya Sharma,Inactive,Divorced,7.0,3.0,44.0,Good performer
50589,Kavya Gowda,kavya.gowda93@company.com,9234213687,Other,1976-03-31,41.0,Operations,HR Executive,Part Time,2020-08-30,Hyderabad,Master's,8.0,1491201.0,74560.05,Average,Priya Sharma,Active,Single,30.0,1.0,20.0,Good performer
50924,Vivek Sharma,vivek.sharma47@company.com,9992284185,Male,1990-09-07,48.0,Customer Support,Data Analyst,Intern,2022-10-29,Chennai,Bachelor's,13.7,960998.0,48049.9,Excellent,Vikram Singh,Resigned,Married,3.0,3.0,24.0,Fast learner
50737,Manish Joshi,manish.joshi72@company.com,9854935964,Male,1976-05-13,21.0,IT,Operations Executive,Part Time,2023-08-01,Pune,Master's,14.1,1723620.0,172362.0,Excellent,Sneha Patel,On Leave,Divorced,13.0,3.0,15.0,Fast learner
50244,Pooja Joshi,pooja.joshi38@company.com,9485289144,Female,1970-11-27,32.0,Finance,Marketing Analyst,Contract,2023-02-10,Noida,Diploma,13.1,546248.0,43699.84,Good,Anil Kumar,Inactive,Single,34.0,5.0,38.0,Good performer
50426,Neha Kumar,,9457648537,Female,1974-04-30,22.0,Marketing,Operations Executive,Part Time,2026-02-15,Gurugram,Master's,8.1,1829042.0,365808.4,Excellent,Sneha Patel,Inactive,Single,26.0,5.0,3.0,Good performer
50938,Manish Mehta,manish.mehta88@company.com,9520257705,Male,1984-12-12,41.0,Finance,Support Specialist,Intern,2019-01-14,Bengaluru,Diploma,17.8,595990.0,0.0,Average,Sneha Patel,Inactive,Single,22.0,5.0,21.0,Needs training
50742,Amit Kumar,amit.kumar70@company.com,9256948465,Male,1971-02-09,41.0,Customer Support,Business Analyst,Full Time,2026-01-05,Chennai,Master's,11.1,1482395.0,74119.75,Needs Improvement,Rahul Rao,Resigned,Married,14.0,3.0,40.0,Good performer
50184,Nikhil Sharma,nikhil.sharma36@company.com,9249723494,Female,2006-05-13,50.0,Marketing,Support Specialist,Part Time,2023-08-20,Pune,Master's,1.9,1014623.0,101462.3,Excellent,Sneha Patel,On Leave,Divorced,7.0,1.0,21.0,Good performer
50333,Divya Reddy,divya.reddy70@company.com,9294856264,Female,1998-07-16,52.0,Operations,Account Executive,Contract,2019-05-21,Chennai,Diploma,11.5,734782.0,73478.2,Needs Improvement,Meera Nair,Inactive,Divorced,100.0,2.0,39.0,Fast learner
51107,Arjun Mehta,arjun.mehta74@company.com,9572304825,Male,2002-09-17,43.0,HR,HR Executive,Full Time,2020-03-10,Bengaluru,PhD,12.0,1664645.0,0.0,Good,Meera Nair,Resigned,Divorced,6.0,3.0,33.0,Needs training
50757,Divya Gowda,divya.gowda17@company.com,9194763106,Male,2004-05-02,41.0,HR,Sales Executive,Intern,2024-03-06,Mysuru,PhD,6.8,276135.0,27613.5,Excellent,Vikram Singh,On Leave,Single,29.0,1.0,41.0,Needs training
50091,Shreya Verma,shreya.verma32@company.com,9714874008,Female,1972-11-06,28.0,Finance,Sales Executive,Intern,2019-07-02,Kolkata,Diploma,4.5,1627088.0,90398.0,Needs Improvement,Priya Sharma,Active,Divorced,1.0,5.0,33.0,Good performer
50908,Priya Singh,priya.singh84@company.com,9131722293,Other,1971-09-19,36.0,Operations,Sales Executive,internship,2024-01-23,Kolkata,Master's,10.6,1016984.0,101698.4,Average,Vikram Singh,On Leave,Married,29.0,3.0,23.0,Good performer
51028,Rahul Joshi,rahul.joshi64@company.com,9775239031,Male,1994-12-07,31.0,Sales,Software Engineer,Full Time,2025-03-06,Hyderabad,PhD,9.2,1764625.0,88231.25,Excellent,Rahul Rao,Resigned,Single,2.0,1.0,42.0,Fast learner
50341,Rohit Das,rohit.das92@company.com,9812371770,Other,1971-07-19,40.0,Procurement,Financial Analyst,Full Time,2022-04-20,Mysuru,PhD,6.9,895788.0,71663.04,Needs Improvement,Rahul Rao,RESIGN,Married,2.0,1.0,19.0,Good performer
50219,Sneha Nair,sneha.nair38@company.com,9317920651,Other,2001-06-09,44.0,Customer Support,Support Specialist,Contract,2020-09-06,Pune,Bachelor's,8.5,2118178.0,423635.6,Needs Improvement,Sneha Patel,Inactive,Single,8.0,1.0,19.0,Good performer
50714,Manish Nair,manish.nair87@company.com,9661921807,Female,1976-05-05,29.0,Marketing,Data Analyst,Part Time,2020-09-20,Chennai,Diploma,15.2,1838471.0,275770.65,Excellent,Vikram Singh,Inactive,Divorced,1.0,2.0,8.0,Good performer
50733,Priya Reddy,priya.reddy63@company.com,9596322619,Female,2001-01-22,41.0,Operations,Sales Executive,Intern,2020-10-06,Gurugram,Bachelor's,15.9,859739.0,68779.12,Excellent,Vikram Singh,On Leave,Divorced,33.0,1.0,14.0,Good performer
50080,Priya Nair,priya.nair70@company.com,9659331584,Other,1967-09-14,60.0,Procurement,Sales Executive,Contract,2026-04-05,Mumbai,Diploma,2.2,50000000.0,73775.55,Excellent,Anil Kumar,Inactive,Single,9.0,3.0,11.0,Good performer
50050,Divya Kumar,divya.kumar75@company.com,9234256254,Female,2003-01-11,42.0,Procurement,Sales Executive,Contract,2023-10-30,Bengaluru,Diploma,10.1,1645384.0,164538.4,Good,Meera Nair,On Leave,Divorced,32.0,3.0,22.0,Good performer
50175,Ananya Sharma,ananya.sharma34@company.com,9790732678,Female,2003-02-08,24.0,Customer Support,Operations Executive,Part Time,2022-12-28,Mysuru,Diploma,10.6,1256200.0,251240.0,Average,Anil Kumar,Inactive,Married,11.0,2.0,1.0,Needs training
50748,Priya Sharma,priya.sharma59@company.com,9380330975,Other,1974-02-02,41.0,Sales,Financial Analyst,Full Time,2021-08-21,Delhi,Bachelor's,14.6,790089.0,158017.8,Excellent,Sneha Patel,Active,Single,6.0,1.0,33.0,Needs training
50280,Divya Patel,divya.patel48@company.com,9125337546,Other,2002-05-11,25.0,Procurement,Sales Executive,Part Time,2024-11-20,Kolkata,Master's,11.4,707330.0,70733.0,Good,Sneha Patel,On Leave,Divorced,23.0,1.0,19.0,Good performer
51122,Akash Patel,akash.patel90@company.com,9826134547,Male,2003-01-16,63.0,Sales,Data Analyst,Intern,2026-08-25,Hyderabad,Bachelor's,8.7,1639255.0,327851.0,Needs Improvement,Rahul Rao,Active,Single,1.0,5.0,45.0,Fast learner
50850,Shreya Reddy,shreya.reddy73@company.com,9355301662,Male,1973-04-18,46.0,Sales,Financial Analyst,Contract,2023-08-03,Pune,PhD,7.2,350553.0,17527.65,Good,Sneha Patel,Active,Divorced,22.0,3.0,42.0,Fast learner
50728,Rohit Reddy,rohit.reddy55@company.com,9615878340,Female,1985-12-16,56.0,Operations,Software Engineer,Contract,2024-11-17,Gurugram,Master's,14.3,1432284.0,0.0,Needs Improvement,Anil Kumar,Resigned,Single,10.0,2.0,26.0,Good performer
50969,Vivek Rao,vivek.rao10@company.com,9929007953,Female,1991-01-12,31.0,Procurement,Financial Analyst,Intern,2023-12-28,Gurugram,Master's,1.9,945028.0,94502.8,Excellent,Sneha Patel,Resigned,Single,18.0,5.0,13.0,Good performer
50243,Vivek Gowda,vivek.gowda35@company.com,9768033641,Other,1993-12-26,45.0,HR,Software Engineer,Full Time,2026-03-31,Pune,Bachelor's,50.0,1774858.0,141988.64,Needs Improvement,Rahul Rao,Active,Single,21.0,3.0,15.0,Good performer
50234,Meera Mehta,meera.mehta88@company.com,9818700074,Male,1967-10-29,64.0,Marketing,Business Analyst,Contract,2023-07-10,Gurugram,PhD,9.6,1643862.0,90398.0,Excellent,Rahul Rao,On Leave,Divorced,26.0,1.0,22.0,Fast learner
50484,Shreya Kumar,shreya.kumar59@company.com,9883108634,Female,2004-10-26,0.0,Finance,HR Executive,Full Time,2020-03-05,Kolkata,PhD,9.7,1594491.0,127559.28,Average,Priya Sharma,Inactive,Married,31.0,2.0,23.0,Good performer
51003,Nikhil Mehta,nikhil.mehta95@company.com,9449545560,Female,1969-09-07,35.0,HR,Business Analyst,Part Time,2019-02-08,Kolkata,Bachelor's,7.9,686932.0,137386.4,Needs Improvement,Vikram Singh,Active,Married,10.0,3.0,14.0,Good performer
50440,Divya Singh,divya.singh60@company.com,9806180331,Male,2000-02-08,29.0,IT,Operations Executive,Full Time,2020-03-31,Bengaluru,Master's,17.0,1599644.0,159964.4,Excellent,Anil Kumar,On Leave,Single,6.0,5.0,44.0,Good performer
50028,Sneha Kumar,sneha.kumar27@company.com,9750775672,Other,1979-10-21,28.0,Information Technology,Marketing Analyst,Full Time,,Gurugram,Bachelor's,1.9,1164070.5,96956.32,Needs Improvement,Anil Kumar,Inactive,Divorced,32.0,2.0,30.0,Needs training
50010,Priya Singh,priya.singh83@company.com,9684938506,Male,1994-01-13,46.0,HR,Support Specialist,Full Time,2020-12-11,Delhi,Master's,14.1,334868.0,50230.2,Excellent,Priya Sharma,Inactive,Married,17.0,3.0,34.0,Good performer
50247,Kiran Sharma,kiran.sharma34@company.com,9600369396,Other,1995-09-23,44.0,HR,HR Executive,Contract,2022-08-12,Pune,Master's,5.8,909032.0,0.0,Excellent,Rahul Rao,On Leave,Married,30.0,3.0,10.0,Fast learner
50119,Ananya Kumar,ananya.kumar60@company.com,9148736776,Other,1991-10-07,30.0,Customer Support,Marketing Analyst,Part Time,2025-01-21,Gurugram,PhD,3.8,1164070.5,84385.2,Good,Sneha Patel,Inactive,Single,26.0,5.0,0.0,Needs training
50087,Divya Mehta,divya.mehta22@company.com,9407296730,Female,1965-07-15,51.0,Operations,Data Analyst,Part Time,2023-01-12,Chennai,Master's,13.6,879474.0,87947.4,Average,Anil Kumar,Inactive,Divorced,31.0,3.0,16.0,Good performer
50428,Kavya Sharma,kavya.sharma60@company.com,9576869532,Female,2005-03-04,41.0,HR,Operations Executive,Part Time,2024-08-08,Pune,PhD,12.6,1912598.0,382519.6,Average,Vikram Singh,Resigned,Single,35.0,3.0,21.0,Fast learner
50452,Sanjay Kumar,sanjay.kumar54@company.com,9366921150,Male,1982-01-15,26.0,Sales,Financial Analyst,Part Time,2023-09-28,Bengaluru,Bachelor's,15.3,1608723.0,241308.45,Good,Meera Nair,On Leave,Married,17.0,5.0,28.0,Good performer
50756,Kavya Mehta,kavya.mehta8@company.com,9558704320,Female,1998-02-07,41.0,IT,Business Analyst,Intern,2023-05-09,Mysuru,Bachelor's,16.4,1470456.0,220568.4,Needs Improvement,Vikram Singh,Active,Divorced,1.0,3.0,26.0,Fast learner
50016,Ananya Patel,ananya.patel67@company.com,9480148254,Other,1970-04-22,59.0,IT,Sales Executive,Intern,2019-06-02,Mysuru,Master's,6.4,503574.0,50357.4,Needs Improvement,Priya Sharma,Resigned,Divorced,14.0,2.0,15.0,Good performer
50503,Kiran Joshi,kiran.joshi52@company.com,9442866564,Male,1998-10-06,33.0,Procurement,Software Engineer,Part Time,2019-08-30,Bengaluru,Bachelor's,4.2,1672234.0,90398.0,Needs Improvement,Meera Nair,Inactive,Married,27.0,1.0,41.0,Good performer
50362,Rahul Patel,rahul.patel59@company.com,9784506908,Other,1971-09-17,35.0,Operations,Operations Executive,Intern,2021-05-26,Pune,Master's,15.4,613102.0,122620.4,Needs Improvement,Anil Kumar,Inactive,Married,29.0,2.0,33.0,Needs training
51184,Rahul Singh,,9538600726,Other,2005-04-20,39.0,Sales,Software Engineer,Part Time,2019-07-26,Noida,PhD,8.8,397025.0,90398.0,Good,Anil Kumar,Resigned,Single,13.0,1.0,33.0,Needs training
51191,Sanjay Gowda,sanjay.gowda59@company.com,9289829653,Female,1965-11-02,41.0,Marketing,Sales Executive,Full Time,2025-09-11,Gurugram,Bachelor's,9.2,785399.0,157079.0,Poor,Priya Sharma,Inactive,Divorced,30.0,2.0,20.0,Fast learner
50664,Arjun Singh,arjun.singh64@company.com,9383606406,Female,1974-04-24,35.0,Finance,Financial Analyst,Full Time,2022-10-07,Mysuru,PhD,7.4,712222.0,106833.3,Excellent,Meera Nair,Active,Married,8.0,2.0,17.0,Good performer
50868,Rahul Kumar,rahul.kumar58@company.com,9232273497,Male,1986-03-07,53.0,HR,Business Analyst,Contract,2021-04-06,Pune,Diploma,6.5,898211.0,71856.88,Excellent,Anil Kumar,Active,Married,31.0,4.0,8.0,Good performer
50542,Isha Patel,isha.patel78@company.com,9474732760,Other,1972-02-27,29.0,Marketing,Business Analyst,Full Time,2022-06-11,Chennai,PhD,7.9,1573171.0,314634.2,Good,Meera Nair,Active,Single,26.0,5.0,37.0,Needs training
51032,Rohit Patel,rohit.patel98@company.com,9127312276,Male,2007-04-26,65.0,Customer Support,Operations Executive,Part Time,2026-07-04,Chennai,Bachelor's,14.0,1063328.0,53166.4,Good,Anil Kumar,On Leave,Married,17.0,4.0,35.0,Good performer
51056,Divya Nair,divya.nair23@company.com,9243882701,Female,2001-12-26,61.0,Operations,Financial Analyst,Part Time,2023-03-30,Chennai,Diploma,17.0,1007770.0,80621.6,Needs Improvement,Vikram Singh,Inactive,Divorced,33.0,2.0,27.0,Good performer
50552,Vivek Sharma,vivek.sharma69@company.com,9134855628,Male,1992-04-11,55.0,IT,Software Engineer,Full Time,2024-03-18,Chennai,PhD,0.4,1183958.0,94716.64,Good,Priya Sharma,Inactive,Divorced,30.0,4.0,28.0,Needs training
50017,Amit Das,amit.das72@company.com,9526123484,Female,1997-03-05,27.0,HR,Sales Executive,Full Time,2025-01-26,Chennai,PhD,7.5,1673932.0,133914.56,Good,Meera Nair,Active,Single,35.0,1.0,41.0,Good performer
50468,Isha Das,isha.das81@company.com,9683066717,Male,2007-08-24,21.0,HR,Account Executive,Intern,2024-03-01,Delhi,Bachelor's,2.5,873353.0,131002.95,Good,Rahul Rao,On Leave,Single,23.0,2.0,17.0,Fast learner
50951,Akash Verma,,9545547239,Other,1988-11-02,43.0,Finance,Software Engineer,Part Time,2019-05-21,Pune,Master's,10.3,1719144.0,171914.4,Needs Improvement,Priya Sharma,Resigned,Single,21.0,3.0,36.0,Good performer
50599,Vivek Mehta,vivek.mehta93@company.com,9180302189,Female,2004-01-07,49.0,Procurement,Financial Analyst,Part Time,2025-10-12,Chennai,Master's,50.0,1124700.0,0.0,Excellent,Priya Sharma,Resigned,Married,1.0,5.0,0.0,Needs training
50940,Arjun Joshi,arjun.joshi70@company.com,9560418909,Male,2000-12-17,41.0,Customer Service,Software Engineer,Intern,2022-01-20,Delhi,PhD,3.3,2003437.0,0.0,Average,Meera Nair,Resigned,Married,34.0,1.0,21.0,Needs training
50209,Meera Reddy,meera.reddy36@company.com,9887033866,Other,1987-01-02,42.0,IT,Financial Analyst,Intern,2023-05-01,Noida,Diploma,2.2,366186.0,0.0,Needs Improvement,Meera Nair,On Leave,Married,11.0,4.0,29.0,Good performer
50947,Vivek Sharma,vivek.sharma73@company.com,9319070959,Male,1990-05-12,49.0,Procurement,Software Engineer,Part Time,2022-08-31,Delhi,Bachelor's,3.7,1887974.0,0.0,Excellent,Priya Sharma,On Leave,Single,13.0,2.0,42.0,Fast learner
50530,Pooja Rao,pooja.rao6@company.com,9744019739,Female,1970-06-05,33.0,Procurement,Account Executive,Contract,2026-05-21,Mysuru,Diploma,14.6,1164070.5,231024.0,Needs Improvement,Rahul Rao,On Leave,Divorced,21.0,1.0,19.0,Fast learner
50001,Sneha Reddy,sneha.reddy14@company.com,9339749960,Other,1987-07-18,57.0,Customer Support,Account Executive,Full Time,2024-09-27,Mysuru,PhD,4.3,1597272.0,239590.8,Excellent,Anil Kumar,On Leave,Single,28.0,1.0,43.0,Good performer
50724,Arjun Gowda,arjun.gowda22@company.com,9840883093,Male,1965-05-21,55.0,Sales,Business Analyst,Contract,2021-11-27,Chennai,Master's,9.3,414430.0,33154.4,Excellent,Rahul Rao,On Leave,Single,21.0,2.0,29.0,Good performer
50892,Amit Verma,amit.verma88@company.com,9697876603,Other,2005-11-19,39.0,Operations,Software Engineer,Part Time,2025-12-10,Delhi,Bachelor's,13.1,1400133.0,140013.3,Good,Priya Sharma,Inactive,Single,24.0,5.0,12.0,Good performer
50447,Nikhil Sharma,nikhil.sharma59@company.com,9214383937,Other,2003-05-12,39.0,Marketing,Software Engineer,Part Time,2024-11-21,Gurugram,Master's,8.2,1627262.0,81363.1,Excellent,Rahul Rao,Resigned,Married,14.0,2.0,3.0,Needs training
50259,Arjun Reddy,arjun.reddy83@company.com,9164873071,Female,1999-10-08,54.0,Procurement,Account Executive,Full Time,2019-10-13,Chennai,Master's,3.8,1959532.0,195953.2,Needs Improvement,Rahul Rao,Inactive,Single,32.0,5.0,15.0,Needs training
51039,Rahul Singh,rahul.singh85@company.com,9788145106,Female,1970-09-10,49.0,Marketing,HR Executive,Full Time,2023-10-04,Gurugram,PhD,50.0,1089087.0,54454.35,Excellent,Rahul Rao,Active,Divorced,17.0,5.0,23.0,Good performer
50988,Isha Nair,isha.nair87@company.com,9786698260,Male,2007-01-13,43.0,Finance,HR Executive,Part Time,2024-12-05,Chennai,Diploma,11.5,1488223.0,297644.6,Excellent,Anil Kumar,Inactive,Married,9.0,2.0,33.0,Good performer
50142,Divya Mehta,divya.mehta39@company.com,9271786001,Male,1992-05-07,35.0,HR,Marketing Analyst,Part Time,2021-01-29,Pune,PhD,13.1,1164070.5,41804.4,Excellent,Anil Kumar,Inactive,Divorced,21.0,4.0,36.0,Good performer
50430,Sanjay Verma,sanjay.verma44@company.com,9891093855,Male,1989-08-08,41.0,IT,Data Analyst,Contract,,Bengaluru,Master's,0.4,1751728.0,87586.4,Needs Improvement,Vikram Singh,Active,Single,32.0,3.0,13.0,Good performer
50163,Neha Mehta,neha.mehta32@company.com,9516806800,Other,1978-11-06,43.0,HR,Operations Executive,Intern,2025-04-23,Gurugram,Bachelor's,0.9,1884776.0,150782.08,Excellent,Sneha Patel,Inactive,Divorced,22.0,5.0,27.0,Needs training
50809,Akash Mehta,akash.mehta12@company.com,9195738960,Other,1973-10-26,58.0,Marketing,Operations Executive,Part Time,2022-12-29,Delhi,Bachelor's,14.0,912684.0,182536.8,Average,Sneha Patel,Resigned,Divorced,20.0,2.0,31.0,Good performer
50848,Kavya Verma,kavya.verma2@company.com,9655711954,Male,1985-07-09,24.0,IT,Business Analyst,Intern,2021-06-03,Gurugram,Diploma,5.4,2083210.0,208321.0,Excellent,Meera Nair,Inactive,Single,25.0,1.0,29.0,Good performer
50627,Kavya Reddy,kavya.reddy15@company.com,9385332770,Female,1989-01-02,45.0,Procurement,Marketing Analyst,Intern,2022-04-16,Bengaluru,Master's,0.4,1484542.0,74227.1,Excellent,Vikram Singh,On Leave,Divorced,6.0,1.0,30.0,Good performer
50152,Meera Das,meera.das36@company.com,9554356318,Female,1969-06-11,33.0,Information Technology,Marketing Analyst,Full Time,2024-02-24,Noida,PhD,17.4,1425902.0,71295.1,Average,Sneha Patel,On Leave,Married,2.0,5.0,3.0,Good performer
51061,Ananya Singh,ananya.singh5@company.com,9640831294,Other,2000-01-11,51.0,Procurement,Support Specialist,Part Time,2025-08-03,Mumbai,PhD,7.9,822102.0,123315.3,Average,Vikram Singh,Active,Single,9.0,4.0,38.0,Good performer
50342,Priya Singh,priya.singh25@company.com,9499126614,Other,1997-05-18,29.0,Marketing,Data Analyst,Contract,2021-08-20,Noida,Bachelor's,12.3,1621033.0,81051.65,Excellent,Sneha Patel,Resigned,Single,1.0,4.0,15.0,Good performer
51090,Arjun Patel,arjun.patel92@company.com,9275211540,Female,1975-06-12,42.0,Customer Support,Support Specialist,Part Time,2025-05-04,Delhi,Bachelor's,2.8,1947273.0,155781.84,Needs Improvement,Meera Nair,Resigned,Married,27.0,3.0,19.0,Needs training
50998,Isha Rao,isha.rao5@company.com,9112359997,Other,1988-05-23,33.0,Finance,Business Analyst,Contract,2019-03-11,Kolkata,Diploma,4.1,1453046.0,290609.2,Average,Sneha Patel,On Leave,Divorced,17.0,3.0,35.0,Good performer
50242,Priya Mehta,priya.mehta44@company.com,9685321058,Male,1966-07-25,37.0,Operations,Marketing Analyst,Full Time,2019-12-28,Gurugram,Diploma,15.2,572222.0,90398.0,Average,Meera Nair,Resigned,Divorced,1.0,2.0,7.0,Good performer
50395,Meera Kumar,meera.kumar54@company.com,9767650673,Male,1981-02-12,41.0,Procurement,Business Analyst,Full Time,2024-02-26,Mumbai,Diploma,1.0,745563.0,111834.45,Good,Sneha Patel,Active,Single,1.0,2.0,19.0,Good performer
50819,Shreya Patel,shreya.patel34@company.com,9934471634,Male,1968-04-02,57.0,HR,Financial Analyst,Contract,2026-01-11,Hyderabad,Bachelor's,7.1,1164070.5,121322.4,Average,Sneha Patel,On Leave,Single,26.0,5.0,24.0,Good performer
50678,Shreya Reddy,shreya.reddy1@company.com,,Female,1967-07-24,35.0,Marketing,Data Analyst,Full Time,2023-04-13,Mysuru,PhD,13.1,563907.0,45112.56,Needs Improvement,Rahul Rao,On Leave,Single,16.0,3.0,21.0,Fast learner
50975,Manish Patel,manish.patel55@company.com,9533364726,Female,1977-06-01,53.0,Finance,Financial Analyst,Contract,2025-01-30,Pune,Diploma,16.6,2088950.0,167116.0,Needs Improvement,Priya Sharma,Inactive,Married,34.0,1.0,28.0,Good performer
50165,Amit Sharma,amit.sharma16@company.com,9380770315,Other,1986-01-05,41.0,HR,Sales Executive,Part Time,2022-08-27,Chennai,Bachelor's,0.2,1846770.0,0.0,Average,Anil Kumar,On Leave,Married,18.0,3.0,18.0,Good performer
50160,Priya Joshi,priya.joshi9@company.com,9576461534,Other,1980-04-12,18.0,Finance,Support Specialist,Intern,2020-02-16,Pune,Master's,1.5,1628204.0,162820.4,Good,Anil Kumar,On Leave,Married,26.0,1.0,14.0,Good performer
50075,Divya Kumar,divya.kumar57@company.com,9192823383,Female,1982-07-01,49.0,Marketing,Software Engineer,Contract,2021-03-17,Delhi,Master's,16.5,1823778.0,0.0,Good,Sneha Patel,Resigned,Single,32.0,1.0,9.0,Good performer
51011,Manish Gowda,manish.gowda79@company.com,9437178640,Male,1986-12-24,34.0,Customer Support,Business Analyst,Part Time,2025-01-08,Noida,Bachelor's,50.0,754687.0,37734.35,Average,Rahul Rao,On Leave,Single,9.0,4.0,37.0,Good performer
50862,Amit Sharma,amit.sharma92@company.com,9818003404,Female,1981-03-27,55.0,Customer Support,Sales Executive,Contract,2021-10-21,Noida,Master's,1.9,1427741.0,114219.28,Good,Anil Kumar,Resigned,Divorced,4.0,4.0,33.0,Good performer
50829,Manish Mehta,manish.mehta70@company.com,9253887830,Male,1971-10-07,61.0,IT,Account Executive,Contract,2026-01-04,Kolkata,Diploma,7.8,1882983.0,282447.45,Average,Sneha Patel,Inactive,Married,34.0,3.0,11.0,Good performer
50123,Isha Nair,isha.nair20@company.com,9536905545,Male,1985-01-21,41.0,Marketing,Business Analyst,Contract,2023-01-09,Gurugram,Master's,9.2,1626226.0,81311.3,Excellent,Sneha Patel,Resigned,Single,6.0,2.0,5.0,Good performer
51161,Manish Verma,manish.verma99@company.com,9631847970,Female,1980-01-03,56.0,Sales,Account Executive,Intern,2020-12-10,Mumbai,Diploma,9.2,504986.0,0.0,Good,Vikram Singh,Inactive,Single,21.0,1.0,3.0,Good performer
50044,Pooja Nair,pooja.nair87@company.com,9768438867,Male,1989-12-08,41.0,Human Resources,Financial Analyst,Part Time,2020-01-02,Gurugram,Diploma,7.2,1165122.0,233024.4,Good,Sneha Patel,Active,Single,22.0,1.0,21.0,Good performer
50703,Sanjay Gowda,sanjay.gowda39@company.com,9510189668,Other,1987-09-30,41.0,Marketing,Financial Analyst,Part Time,2023-01-08,Chennai,Bachelor's,0.4,674864.0,0.0,Good,Vikram Singh,Active,Divorced,29.0,2.0,17.0,Needs training
51064,Sneha Gowda,sneha.gowda68@company.com,9679626481,Other,1983-11-12,18.0,Sales,Sales Executive,Contract,2020-08-21,Delhi,PhD,16.4,463628.0,92725.6,Excellent,Vikram Singh,Active,Single,14.0,2.0,0.0,Fast learner
51030,Amit Verma,amit.verma38@company.com,,Female,2004-12-30,41.0,Marketing,Software Engineer,Full Time,2019-05-24,Noida,PhD,3.2,398349.0,59752.35,Good,Meera Nair,On Leave,Married,0.0,2.0,31.0,Fast learner
50502,Neha Joshi,neha.joshi42@company.com,9864403851,Male,1984-04-07,34.0,IT,Account Executive,Intern,2024-06-13,Mysuru,PhD,0.3,1142473.0,171370.95,Good,Meera Nair,On Leave,Divorced,16.0,4.0,15.0,Needs training
50263,Shreya Sharma,shreya.sharma89@company.com,9124142970,Male,2001-05-23,45.0,Finance,Sales Executive,Part Time,2020-10-23,Hyderabad,Diploma,13.9,276234.0,22098.72,Good,Sneha Patel,Inactive,Single,5.0,1.0,11.0,Good performer
50405,Vivek Singh,vivek.singh99@company.com,9670687532,Female,1966-12-06,27.0,Finance,HR Executive,Part Time,2021-10-23,Bengaluru,Diploma,16.5,1792208.0,89610.4,Excellent,Sneha Patel,On Leave,Divorced,13.0,3.0,15.0,Good performer
50355,Ananya Verma,ananya.verma66@company.com,9898176852,Male,1999-11-23,61.0,HR,Account Executive,Intern,2025-09-13,Delhi,PhD,17.3,1045806.0,0.0,Excellent,Anil Kumar,Inactive,Single,25.0,3.0,22.0,Fast learner
50631,Rohit Reddy,rohit.reddy84@company.com,9349541887,Other,2000-03-09,47.0,Marketing,Financial Analyst,Full Time,2019-04-02,Kolkata,Bachelor's,10.7,1976832.0,98841.6,Good,Rahul Rao,On Leave,Single,17.0,2.0,43.0,Needs training
51015,Meera Joshi,meera.joshi11@company.com,9882083176,Female,2001-12-23,32.0,Customer Support,Software Engineer,Intern,2023-06-15,Delhi,Bachelor's,9.4,1510765.0,151076.5,Average,Priya Sharma,Resigned,Married,18.0,1.0,28.0,Needs training
50148,Divya Joshi,divya.joshi43@company.com,9347640144,Male,1986-04-06,42.0,Operations,Operations Executive,Part Time,2024-02-03,Bengaluru,Bachelor's,2.0,288797.0,0.0,Excellent,Vikram Singh,Resigned,Married,14.0,1.0,31.0,Good performer
51155,Amit Patel,amit.patel89@company.com,9236841124,Male,1978-03-12,63.0,Finance,Business Analyst,Intern,2021-09-05,Chennai,PhD,13.3,350736.0,28058.88,Good,Meera Nair,Resigned,Divorced,18.0,3.0,11.0,Needs training
50291,Divya Gowda,divya.gowda17@company.com,9709502278,Female,1982-04-24,18.0,Operations,Software Engineer,Contract,2025-12-07,Pune,PhD,4.7,1841066.0,0.0,Average,Priya Sharma,Inactive,Divorced,4.0,4.0,17.0,Good performer
50329,Shreya Mehta,shreya.mehta45@company.com,9389604701,Other,1978-01-17,63.0,Marketing,Account Executive,internship,2019-08-12,Hyderabad,PhD,18.0,929055.0,74324.4,Needs Improvement,Sneha Patel,Inactive,Divorced,8.0,3.0,4.0,Good performer
50540,Ananya Das,ananya.das12@company.com,9496640028,Other,1987-06-20,55.0,IT,HR Executive,Part Time,2024-08-18,Kolkata,Bachelor's,17.8,1931215.0,386243.0,Average,Rahul Rao,Active,Divorced,2.0,2.0,36.0,Good performer
50521,Kavya Joshi,,9160546028,Other,1993-03-18,59.0,Operations,Sales Executive,Full Time,2022-01-17,Noida,PhD,2.6,1497498.0,224624.7,Good,Meera Nair,On Leave,Single,9.0,4.0,22.0,Fast learner
51158,Neha Joshi,neha.joshi93@company.com,9197084681,Female,1971-08-15,53.0,Procurement,Account Executive,Full Time,2020-08-25,Gurugram,Bachelor's,11.0,2081876.0,104093.8,Needs Improvement,Rahul Rao,Inactive,Divorced,22.0,3.0,32.0,Needs training
50205,Rohit Gowda,rohit.gowda86@company.com,,Male,2003-03-07,37.0,Sales,Account Executive,Contract,2021-12-11,Chennai,Bachelor's,12.7,281080.0,56216.0,Needs Improvement,Rahul Rao,Active,Single,12.0,5.0,31.0,Good performer
50575,Shreya Reddy,shreya.reddy39@company.com,9384324672,Male,1985-06-15,29.0,Marketing,Operations Executive,Full Time,2025-09-20,Mumbai,Diploma,16.6,1743741.0,348748.2,Needs Improvement,Priya Sharma,On Leave,Married,22.0,5.0,35.0,Fast learner
50058,Amit Reddy,amit.reddy33@company.com,9940023513,Male,1982-05-01,18.0,Operations,Operations Executive,Intern,2022-12-07,Bengaluru,Bachelor's,10.0,1901667.0,152133.36,Excellent,Anil Kumar,On Leave,Married,16.0,4.0,19.0,Needs training
50792,Shreya Gowda,shreya.gowda30@company.com,9696043623,Other,1993-07-02,33.0,Marketing,Business Analyst,Intern,2024-11-12,Hyderabad,Master's,13.4,1197267.0,95781.36,Average,Rahul Rao,On Leave,Single,3.0,3.0,12.0,Good performer
50053,Sneha Das,sneha.das71@company.com,9621530299,Female,1969-09-25,56.0,Sales,Marketing Analyst,Full Time,2021-02-20,Pune,Master's,2.7,2073285.0,207328.5,Excellent,Vikram Singh,Resigned,Single,5.0,1.0,43.0,Good performer
50019,Meera Reddy,meera.reddy71@company.com,9971274398,Male,1985-08-08,61.0,IT,HR Executive,Part Time,2026-02-22,Kolkata,Master's,8.7,50000000.0,0.0,Average,Vikram Singh,Resigned,Single,11.0,1.0,19.0,Needs training
50507,Arjun Das,arjun.das99@company.com,9993942085,Female,1998-08-03,28.0,Human Resources,HR Executive,Intern,2020-05-08,Noida,Diploma,2.3,1959811.0,195981.1,Needs Improvement,Sneha Patel,On Leave,Single,13.0,3.0,44.0,Good performer
50089,Kiran Mehta,kiran.mehta66@company.com,9599944090,Other,1974-11-15,56.0,Finance,Operations Executive,Intern,2021-07-24,Noida,Bachelor's,0.2,666412.0,99961.8,Needs Improvement,Rahul Rao,On Leave,Married,25.0,5.0,19.0,Good performer
50192,Rohit Reddy,rohit.reddy56@company.com,9420290883,Male,1978-11-14,51.0,Customer Support,Financial Analyst,Full Time,2025-08-11,Pune,Diploma,8.5,627067.0,62706.7,Excellent,Priya Sharma,Resigned,Divorced,19.0,4.0,9.0,Fast learner
50626,Sneha Joshi,sneha.joshi38@company.com,9533953630,Other,1989-04-15,52.0,Marketing,Sales Executive,Contract,2024-07-16,Gurugram,Master's,4.5,820057.0,82005.7,Average,Vikram Singh,On Leave,Single,1.0,4.0,43.0,Good performer
50176,Amit Reddy,amit.reddy58@company.com,9822724472,Other,1978-07-28,32.0,Operations,Account Executive,Part Time,2019-09-27,Gurugram,Diploma,7.6,1351547.0,0.0,Poor,Anil Kumar,Inactive,Married,30.0,5.0,11.0,Good performer
50164,Manish Reddy,manish.reddy91@company.com,9667046110,Male,1971-08-21,61.0,Marketing,Financial Analyst,Full Time,2023-05-18,Kolkata,Diploma,1.3,2005812.0,200581.2,Good,Anil Kumar,Active,Single,20.0,2.0,17.0,Good performer
50369,Rahul Reddy,rahul.reddy14@company.com,9762338879,Male,1998-03-08,26.0,Operations,Marketing Analyst,Full Time,2026-01-05,Chennai,Bachelor's,5.0,1059455.0,0.0,Needs Improvement,Meera Nair,Active,Divorced,15.0,5.0,34.0,Good performer
50931,Kiran Das,kiran.das59@company.com,9664182192,Other,1988-02-14,58.0,Customer Support,Support Specialist,Part Time,2026-01-20,Hyderabad,Bachelor's,10.9,724261.0,72426.0,Needs Improvement,Sneha Patel,Active,Single,25.0,5.0,24.0,Good performer
50299,Meera Verma,meera.verma42@company.com,9884300692,Other,1992-12-27,50.0,IT,Software Engineer,Contract,2025-08-21,Pune,PhD,11.6,1004395.0,100439.5,Good,Rahul Rao,Resigned,Divorced,13.0,3.0,8.0,Good performer
50052,Meera Sharma,meera.sharma15@company.com,9333374925,Male,1989-06-18,25.0,Procurement,Account Executive,Contract,2019-12-13,Gurugram,Bachelor's,7.5,452857.0,36228.56,Average,Anil Kumar,Active,Single,21.0,2.0,29.0,Good performer
51017,Divya Singh,divya.singh62@company.com,9185262342,Male,1988-12-13,37.0,HR,HR Executive,Full Time,2020-06-10,Chennai,Bachelor's,9.2,890375.0,178075.0,Excellent,Meera Nair,On Leave,Single,25.0,2.0,33.0,Fast learner
50825,Arjun Singh,arjun.singh15@company.com,9154190718,Other,2005-06-01,26.0,HR,Operations Executive,Part Time,2023-01-01,Bengaluru,Diploma,9.2,873386.0,131007.9,Good,Priya Sharma,Resigned,Married,7.0,3.0,36.0,Good performer
51172,Vivek Das,vivek.das17@company.com,9300414173,Other,1998-03-12,22.0,Customer Support,Operations Executive,Part Time,2019-05-28,Noida,PhD,12.7,1845994.0,184599.4,Needs Improvement,Meera Nair,On Leave,Married,14.0,4.0,14.0,Fast learner
50448,Arjun Singh,arjun.singh51@company.com,9113518763,Male,1989-04-22,34.0,Customer Support,Financial Analyst,Full Time,2024-03-31,Mysuru,Bachelor's,0.5,438722.0,21936.1,Excellent,Sneha Patel,Resigned,Divorced,33.0,4.0,8.0,Fast learner
50330,Vivek Reddy,vivek.reddy85@company.com,9716047992,Other,2008-07-09,42.0,Procurement,Operations Executive,Contract,2020-12-01,Mumbai,Master's,5.3,792434.0,158486.8,Needs Improvement,Meera Nair,Inactive,Married,31.0,2.0,22.0,Good performer
50434,Pooja Kumar,pooja.kumar86@company.com,9371061769,Male,1995-03-21,30.0,Sales,Support Specialist,Intern,2025-01-31,Hyderabad,PhD,11.7,668296.0,53463.68,Excellent,Vikram Singh,Active,Married,10.0,4.0,22.0,Good performer
51031,Sneha Sharma,sneha.sharma41@company.com,9498592810,Female,1989-03-27,55.0,Procurement,Sales Executive,Part Time,2024-09-13,Mumbai,Master's,17.7,1164070.5,98054.2,Excellent,Priya Sharma,Active,Married,21.0,1.0,21.0,Fast learner
50006,Kiran Gowda,kiran.gowda94@company.com,9614479365,Male,2006-11-05,59.0,IT,Support Specialist,Contract,2021-01-19,Mumbai,Master's,13.5,1132918.0,113291.8,Good,Sneha Patel,Active,Single,0.0,4.0,37.0,Good performer
50032,Rohit Kumar,rohit.kumar20@company.com,9882480858,Male,1992-03-21,26.0,Sales,Sales Executive,Contract,2025-03-08,Chennai,Master's,2.5,1718110.0,257716.5,Average,Priya Sharma,Resigned,Single,11.0,1.0,11.0,Fast learner
50382,Sneha Gowda,sneha.gowda37@company.com,9468906356,Other,1965-12-30,29.0,HR,Operations Executive,Part Time,2020-07-09,Hyderabad,Master's,8.0,1068760.0,213752.0,Excellent,Sneha Patel,On Leave,Married,5.0,5.0,26.0,Good performer
50766,Sneha Joshi,sneha.joshi37@company.com,9543754938,Female,1989-06-09,23.0,Finance,Business Analyst,Intern,2023-05-29,Delhi,Bachelor's,14.3,272327.0,21786.16,Good,Meera Nair,On Leave,Single,10.0,3.0,26.0,Good performer
51194,Priya Mehta,priya.mehta80@company.com,9922209470,Female,2001-09-17,23.0,HR,Account Executive,Intern,2026-03-05,Hyderabad,Diploma,50.0,2100335.0,210033.5,Needs Improvement,Priya Sharma,Resigned,Married,10.0,5.0,9.0,Good performer
51008,Manish Reddy,manish.reddy71@company.com,9336526011,Male,1967-04-14,29.0,IT,HR Executive,Contract,2025-07-30,Mysuru,PhD,8.7,1735398.0,173539.8,Good,Anil Kumar,Inactive,Divorced,7.0,2.0,0.0,Good performer
50518,Rohit Kumar,rohit.kumar83@company.com,9955701616,Other,2001-06-20,34.0,Finance,Financial Analyst,Full Time,2025-03-14,Pune,Master's,10.1,1680773.0,134461.84,Excellent,Rahul Rao,Resigned,Single,8.0,1.0,17.0,Good performer
51083,Isha Singh,isha.singh33@company.com,9302068208,Male,1974-04-26,25.0,HR,Account Executive,Intern,2025-04-16,Noida,Master's,1.7,1243395.0,248679.0,Good,Vikram Singh,Inactive,Married,23.0,3.0,23.0,Needs training
50030,Vivek Sharma,vivek.sharma9@company.com,9879419380,Other,2001-07-22,59.0,IT,Support Specialist,Full Time,2023-08-10,Gurugram,Diploma,8.8,2049702.0,409940.4,Average,Rahul Rao,Inactive,Single,35.0,2.0,16.0,Good performer
50808,Akash Kumar,akash.kumar76@company.com,9795402759,Female,1976-07-24,25.0,Finance,Operations Executive,Intern,2024-04-25,Delhi,Bachelor's,9.2,417233.0,62584.95,Good,Anil Kumar,Inactive,Divorced,32.0,4.0,31.0,Good performer
50338,Nikhil Joshi,nikhil.joshi83@company.com,9583061896,Other,1993-12-06,52.0,Sales,HR Executive,Full Time,2023-01-22,Mysuru,Bachelor's,0.6,555997.0,44479.76,Excellent,Rahul Rao,Active,Divorced,19.0,3.0,22.0,Good performer
50109,Isha Gowda,isha.gowda26@company.com,,Other,1976-09-06,35.0,Sales,HR Executive,Part Time,2024-11-03,Bengaluru,Bachelor's,50.0,2123272.0,212327.2,Good,Priya Sharma,Active,Single,20.0,4.0,21.0,Good performer
50526,Meera Nair,meera.nair74@company.com,9727323843,Other,1976-02-19,23.0,HR,Software Engineer,Contract,2022-10-25,Noida,PhD,4.4,762274.0,76227.4,Average,Sneha Patel,Resigned,Married,16.0,3.0,2.0,Fast learner
50830,Sneha Kumar,sneha.kumar95@company.com,9813070716,Male,1985-10-09,34.0,IT,Operations Executive,Contract,2020-06-21,Gurugram,Diploma,9.2,1364503.0,0.0,Average,Anil Kumar,Resigned,Married,25.0,1.0,23.0,Good performer
50740,Pooja Sharma,pooja.sharma20@company.com,9918360075,Male,1992-02-20,41.0,Finance,Financial Analyst,Contract,2023-04-26,Delhi,Bachelor's,1.5,1324357.0,0.0,Average,Meera Nair,Inactive,Divorced,18.0,3.0,7.0,Needs training
50918,Kiran Nair,kiran.nair77@company.com,9646553426,Other,1966-04-21,65.0,Procurement,Marketing Analyst,Part Time,2020-12-20,Bengaluru,Bachelor's,4.2,1714381.0,171438.1,Average,Vikram Singh,Active,Married,2.0,3.0,15.0,Fast learner
50436,Arjun Patel,arjun.patel11@company.com,9902293090,Female,1977-11-21,63.0,HR,Sales Executive,Part Time,2023-03-10,Kolkata,Bachelor's,15.6,268441.0,26844.1,Needs Improvement,Anil Kumar,Inactive,Single,17.0,5.0,45.0,Fast learner
50343,Pooja Sharma,pooja.sharma38@company.com,9497117720,Male,1972-10-31,41.0,HR,Operations Executive,Full Time,2023-07-02,Bengaluru,PhD,7.1,2108860.0,90398.0,Good,Priya Sharma,Active,Divorced,2.0,4.0,17.0,Good performer
50204,Divya Sharma,divya.sharma25@company.com,9417515428,Female,1993-05-05,37.0,Marketing,Software Engineer,Contract,2024-03-14,Kolkata,Master's,7.9,1329913.0,265982.6,Good,Rahul Rao,On Leave,Married,2.0,3.0,14.0,Good performer
50144,Kiran Sharma,kiran.sharma53@company.com,9595056623,Male,1969-10-18,24.0,Customer Support,Marketing Analyst,Full Time,2022-08-06,Delhi,Bachelor's,17.2,2114912.0,-5000.0,Excellent,Sneha Patel,On Leave,Married,22.0,3.0,35.0,Needs training
50188,Priya Gowda,,9180813987,Male,2000-09-07,37.0,Finance,Software Engineer,Intern,2023-06-25,Noida,Diploma,2.2,1766386.0,176638.6,Average,Rahul Rao,Resigned,Single,32.0,3.0,17.0,Good performer
51053,Ananya Singh,ananya.singh47@company.com,9499575447,Female,1982-07-17,28.0,Customer Support,Account Executive,Part Time,2021-05-20,Delhi,PhD,5.1,2138451.0,90398.0,Average,Sneha Patel,On Leave,Married,35.0,5.0,2.0,Fast learner
51156,Rohit Kumar,rohit.kumar33@company.com,9656285065,Female,1999-08-25,28.0,Procurement,Account Executive,Intern,2021-05-30,Delhi,Diploma,5.2,700065.0,140013.0,Good,Vikram Singh,On Leave,Divorced,15.0,3.0,45.0,Good performer
50781,Neha Reddy,neha.reddy1@company.com,9313664122,Female,1977-07-12,40.0,Marketing,HR Executive,Intern,2022-09-29,Delhi,Bachelor's,15.4,499668.0,24983.4,Excellent,Vikram Singh,Active,Single,32.0,3.0,30.0,Fast learner
51113,Arjun Kumar,,,Other,1988-03-23,21.0,Operations,Sales Executive,Part Time,2020-12-22,Kolkata,Master's,9.6,635274.0,63527.4,Average,Sneha Patel,On Leave,Divorced,26.0,5.0,11.0,Good performer
50877,Priya Reddy,priya.reddy53@company.com,9500406806,Female,1965-07-20,41.0,Finance,Support Specialist,Contract,2021-07-22,Noida,PhD,2.0,740290.0,74029.0,Good,Priya Sharma,On Leave,Married,31.0,2.0,11.0,Good performer
50024,Manish Verma,manish.verma93@company.com,9805503213,Female,1979-11-18,43.0,Operations,Financial Analyst,Part Time,2022-08-14,Noida,Master's,15.6,2142338.0,171387.04,Average,Sneha Patel,Resigned,Single,9.0,4.0,36.0,Fast learner
50238,Sanjay Nair,sanjay.nair92@company.com,9946914030,Male,1985-05-07,35.0,Procurement,Software Engineer,Full Time,2025-02-19,Noida,Bachelor's,9.1,606259.0,0.0,Excellent,Priya Sharma,Active,Divorced,15.0,1.0,7.0,Needs training
50254,Amit Mehta,amit.mehta81@company.com,9969703827,Female,1967-06-16,36.0,Operations,Account Executive,Contract,2022-03-30,Bengaluru,PhD,16.5,1488688.0,0.0,Excellent,Vikram Singh,Active,Divorced,2.0,2.0,9.0,Good performer
50800,Isha Nair,isha.nair86@company.com,9425259334,Other,1998-02-26,36.0,Procurement,Financial Analyst,Intern,2020-09-20,Delhi,Master's,14.2,1899535.0,189953.5,Excellent,Priya Sharma,Resigned,Single,9.0,3.0,17.0,Good performer
50870,Vivek Joshi,vivek.joshi86@company.com,9145659006,Other,1983-09-17,44.0,Sales,Data Analyst,Intern,2022-06-26,Chennai,Master's,9.9,1591340.0,238701.0,Average,Rahul Rao,Inactive,Married,32.0,2.0,25.0,Good performer
50132,Vivek Nair,vivek.nair32@company.com,9674377683,Female,1967-02-06,38.0,HR,Software Engineer,Full Time,2024-05-11,Mysuru,Bachelor's,10.0,1154817.0,90398.0,Needs Improvement,Sneha Patel,Active,Divorced,15.0,4.0,21.0,Good performer
51067,Arjun Rao,arjun.rao45@company.com,9532949682,Male,1972-06-30,51.0,Finance,HR Executive,Intern,2024-05-26,Mysuru,Bachelor's,9.5,805843.0,-5000.0,Excellent,Priya Sharma,Active,Married,8.0,3.0,9.0,Good performer
50939,Priya Reddy,priya.reddy59@company.com,9456992305,Other,2006-04-19,22.0,Finance,Business Analyst,Part Time,2023-12-05,Bengaluru,PhD,8.5,1042184.0,52109.2,Excellent,Meera Nair,Resigned,Single,14.0,3.0,2.0,Good performer
50942,Amit Patel,sneha.kumar8@company.com,9795576775,Other,1976-05-11,19.0,Finance,Business Analyst,Contract,2025-02-03,Gurugram,Master's,15.7,1991990.0,0.0,Good,Sneha Patel,On Leave,Divorced,2.0,3.0,35.0,Good performer
50221,Kiran Kumar,kiran.kumar6@company.com,9726469593,Other,1986-05-28,29.0,Finance,Operations Executive,Contract,2024-05-01,Mumbai,Bachelor's,3.5,538429.0,43074.32,Excellent,Sneha Patel,Active,Divorced,12.0,3.0,22.0,Good performer
50111,Rahul Gowda,rahul.gowda99@company.com,9233093939,Other,2004-02-16,41.0,HR,Software Engineer,Full Time,2022-02-23,Mumbai,Diploma,10.4,899238.0,89923.8,Needs Improvement,Priya Sharma,Resigned,Married,30.0,3.0,30.0,Good performer
50971,Rahul Gowda,rahul.gowda71@company.com,9398756103,Female,1974-09-11,62.0,Customer Support,Data Analyst,Intern,2020-05-12,Chennai,Diploma,15.1,1526994.0,76349.7,Average,Priya Sharma,Resigned,Single,4.0,3.0,22.0,Good performer
50218,Shreya Sharma,shreya.sharma77@company.com,9975604780,Other,1967-02-11,0.0,Information Technology,Financial Analyst,Contract,2021-03-21,Kolkata,Bachelor's,16.4,889234.0,0.0,Needs Improvement,Rahul Rao,Active,Divorced,29.0,3.0,28.0,Good performer
50579,Kavya Nair,kavya.nair70@company.com,,Other,1966-12-02,60.0,Marketing,Business Analyst,Full Time,2026-01-21,Hyderabad,Diploma,9.2,1516961.0,121356.88,Needs Improvement,Priya Sharma,Active,Married,2.0,1.0,17.0,Good performer
50805,Vivek Sharma,vivek.sharma12@company.com,9632317858,Male,1977-07-18,46.0,Finance,Account Executive,Intern,2022-09-28,Chennai,PhD,2.6,1250236.0,125023.6,Good,Anil Kumar,On Leave,Single,18.0,3.0,44.0,Good performer
50301,Neha Joshi,neha.joshi12@company.com,9932420908,Other,1980-06-22,63.0,Finance,Support Specialist,Contract,2020-10-05,Mumbai,Master's,17.3,1987030.0,158962.4,Excellent,Priya Sharma,Resigned,Divorced,17.0,5.0,6.0,Needs training
50407,Rahul Joshi,rahul.joshi63@company.com,,Female,1987-03-12,57.0,Finance,Account Executive,Contract,2021-05-28,Chennai,Bachelor's,0.4,649005.0,64900.5,Needs Improvement,Priya Sharma,Active,Single,5.0,5.0,37.0,Good performer
50500,Pooja Verma,pooja.verma80@company.com,9297623261,Male,1966-07-30,28.0,Finance,Software Engineer,Part Time,2025-03-08,Gurugram,Bachelor's,14.5,486259.0,24312.95,Good,Anil Kumar,Resigned,Married,16.0,3.0,15.0,Good performer
50605,Meera Sharma,meera.sharma38@company.com,9865960061,Female,1991-04-17,22.0,Sales,Sales Executive,Part Time,2024-01-30,Kolkata,Master's,50.0,617721.0,92658.0,Excellent,Vikram Singh,On Leave,Divorced,4.0,4.0,22.0,Needs training
50047,Isha Patel,isha.patel79@company.com,9666353053,Female,1968-01-12,27.0,Customer Support,Data Analyst,Full Time,2020-06-04,Noida,Diploma,17.1,248340.0,24834.0,Average,Sneha Patel,Active,Single,14.0,5.0,28.0,Good performer
50222,Manish Singh,manish.singh70@company.com,9114154530,Male,1988-01-27,58.0,Marketing,Financial Analyst,Contract,2020-06-24,Bengaluru,Bachelor's,7.9,272798.0,21823.84,Good,Meera Nair,Inactive,Divorced,8.0,3.0,0.0,Good performer
50051,Manish Singh,manish.singh55@company.com,9515978949,Other,1965-08-10,41.0,HR,Business Analyst,Intern,2023-09-22,Pune,Bachelor's,1.9,1342434.0,67121.7,Good,Sneha Patel,Resigned,Married,10.0,4.0,32.0,Fast learner
51174,Neha Verma,,9620797185,Other,1980-11-12,55.0,Marketing,Sales Executive,Full Time,2020-08-10,Kolkata,PhD,13.8,1609417.0,160941.7,Excellent,Sneha Patel,Resigned,Divorced,24.0,2.0,17.0,Needs training
50993,Amit Singh,amit.singh16@company.com,9141132702,Other,1987-04-22,63.0,Procurement,Software Engineer,Part Time,2025-01-11,Delhi,Bachelor's,13.1,1530729.0,306145.8,Average,Rahul Rao,On Leave,Married,31.0,1.0,2.0,Good performer
51147,Isha Singh,isha.singh52@company.com,9561768805,Other,1993-12-02,51.0,Marketing,Financial Analyst,Full Time,2024-08-31,Kolkata,Bachelor's,9.2,1680940.0,84047.0,Average,Meera Nair,RESIGN,Divorced,4.0,4.0,34.0,Good performer
50166,Nikhil Sharma,nikhil.sharma50@company.com,9389524607,Female,1986-10-15,47.0,HR,Marketing Analyst,Contract,2019-11-20,Pune,Master's,13.2,1465231.0,293046.2,Excellent,Rahul Rao,On Leave,Single,0.0,2.0,21.0,Needs training
51016,Isha Rao,isha.rao94@company.com,9992536008,Other,1973-09-26,31.0,Finance,Account Executive,Intern,2023-08-08,Bengaluru,Master's,0.9,435583.0,0.0,Good,Rahul Rao,On Leave,Single,9.0,5.0,35.0,Good performer
50492,Arjun Singh,arjun.singh52@company.com,9987647798,Female,1974-01-17,24.0,HR,Account Executive,Full Time,2025-06-09,Hyderabad,Bachelor's,1.1,1376930.0,275386.0,Excellent,Rahul Rao,Resigned,Divorced,2.0,1.0,21.0,Good performer
50639,Sanjay Gowda,sanjay.gowda38@company.com,9454150700,Female,2000-12-29,65.0,HR,HR Executive,Contract,2023-11-03,Mysuru,Diploma,12.6,1563674.0,78183.7,Needs Improvement,Priya Sharma,Active,Married,26.0,3.0,32.0,Fast learner
50662,Akash Singh,akash.singh85@company.com,9806072744,Male,1974-01-13,48.0,HR,Support Specialist,Full Time,2024-06-24,Hyderabad,PhD,7.0,799154.0,79915.4,Good,Rahul Rao,Inactive,Divorced,16.0,2.0,27.0,Good performer
51119,Pooja Gowda,pooja.gowda39@company.com,9767455504,Male,1987-07-14,30.0,Procurement,Software Engineer,Part Time,2023-05-02,Kolkata,PhD,13.3,1284210.0,192631.5,Poor,Meera Nair,Resigned,Married,2.0,3.0,31.0,Good performer
50454,Arjun Rao,arjun.rao73@company.com,9158579464,Female,1995-02-13,18.0,Finance,Sales Executive,Intern,2024-11-26,Delhi,Diploma,11.9,867023.0,43351.15,Average,Sneha Patel,Resigned,Married,33.0,3.0,4.0,Needs training
50546,Vivek Nair,vivek.nair23@company.com,9199421194,Male,1984-12-14,36.0,Operations,Financial Analyst,Intern,2023-07-03,Gurugram,Master's,11.3,750160.0,150032.0,Good,Meera Nair,Inactive,Married,35.0,1.0,32.0,Needs training
50719,Manish Singh,,,Female,1989-03-01,58.0,Procurement,Data Analyst,Intern,2022-03-15,Kolkata,PhD,6.5,644439.0,96665.85,Good,Meera Nair,Inactive,Single,4.0,5.0,32.0,Good performer
50913,Akash Mehta,akash.mehta89@company.com,9230853494,Male,1982-04-26,41.0,Operations,Business Analyst,Part Time,2020-03-08,Hyderabad,Diploma,9.2,966238.0,48311.9,Average,Rahul Rao,RESIGN,Married,12.0,5.0,39.0,Good performer
50499,Pooja Verma,pooja.verma81@company.com,9190582936,Female,2000-08-13,49.0,Sales,Support Specialist,Full Time,2022-10-31,Mysuru,Bachelor's,15.4,1759217.0,90398.0,Excellent,Anil Kumar,Resigned,Divorced,31.0,3.0,13.0,Fast learner
50997,Amit Nair,amit.nair94@company.com,9348338133,Female,1998-08-26,26.0,Customer Support,Software Engineer,Full Time,2022-05-14,Pune,Bachelor's,11.9,1911607.0,0.0,Needs Improvement,Meera Nair,On Leave,Single,20.0,1.0,16.0,Good performer
50584,Sanjay Verma,,9362648869,Male,1991-06-19,40.0,Sales,Financial Analyst,Intern,2024-03-27,Kolkata,Master's,5.7,491966.0,0.0,Excellent,Priya Sharma,Inactive,Married,17.0,1.0,31.0,Good performer
51010,Vivek Singh,vivek.singh28@company.com,9586763146,Other,1984-03-30,29.0,Sales,Financial Analyst,Full Time,2026-06-19,Chennai,Diploma,11.8,998637.0,49931.85,Good,Vikram Singh,Active,Divorced,6.0,5.0,24.0,Good performer
50061,Vivek Nair,vivek.nair82@company.com,9782859856,Male,2001-11-04,18.0,IT,Marketing Analyst,Part Time,2024-05-11,Kolkata,Master's,4.9,1165034.0,233006.8,Average,Vikram Singh,Inactive,Single,20.0,2.0,44.0,Good performer
50456,Akash Verma,akash.verma2@company.com,9284330171,Male,1968-07-30,30.0,Marketing,Marketing Analyst,Contract,2026-07-08,Hyderabad,Diploma,10.7,828150.0,0.0,Excellent,Sneha Patel,Inactive,Married,14.0,2.0,3.0,Good performer
51092,Amit Mehta,amit.mehta11@company.com,9599643463,Female,1980-10-17,47.0,Customer Support,Software Engineer,Contract,2026-04-21,Kolkata,Bachelor's,9.6,660102.0,52808.16,Average,Rahul Rao,Resigned,Married,2.0,3.0,6.0,Fast learner
50746,Ananya Sharma,ananya.sharma46@company.com,9550296865,Other,1997-06-23,51.0,Operations,HR Executive,Full Time,2025-01-05,Hyderabad,Bachelor's,3.5,1392000.0,69600.0,Excellent,Sneha Patel,Resigned,Divorced,5.0,1.0,4.0,Good performer
51049,Kiran Reddy,kiran.reddy63@company.com,9334294931,Female,1991-11-14,61.0,Marketing,Sales Executive,Full Time,2021-09-17,Mumbai,Bachelor's,10.5,819960.0,40998.0,Average,Priya Sharma,Inactive,Single,21.0,3.0,13.0,Good performer
50659,Sanjay Nair,sanjay.nair73@company.com,9310865318,Male,1980-02-26,33.0,Finance,HR Executive,Full Time,2019-01-04,Gurugram,PhD,1.7,1365700.0,204855.0,Needs Improvement,Priya Sharma,Resigned,Married,24.0,1.0,41.0,Good performer
50207,Arjun Das,arjun.das53@company.com,9760396825,Female,2004-12-22,25.0,Customer Support,Business Analyst,Part Time,2026-06-02,Noida,Bachelor's,13.8,1873122.0,280968.3,Good,Vikram Singh,Resigned,Married,35.0,5.0,9.0,Good performer
50077,Sneha Kumar,sneha.kumar77@company.com,9743232251,Male,2001-06-15,36.0,Procurement,Sales Executive,Intern,2025-07-19,Noida,Diploma,5.7,2043769.0,306565.35,Average,Anil Kumar,Resigned,Married,14.0,3.0,6.0,Good performer
50651,Rahul Joshi,rahul.joshi30@company.com,9876198883,Other,1974-11-16,21.0,HR,Support Specialist,Full Time,2023-07-01,Gurugram,Master's,11.8,1768464.0,176846.4,Good,Meera Nair,Active,Married,25.0,4.0,4.0,Fast learner
50438,Sneha Joshi,sneha.joshi63@company.com,9116840030,Female,2004-12-04,41.0,Procurement,HR Executive,Intern,2023-09-01,Mumbai,Diploma,4.3,1022503.0,153375.45,Needs Improvement,Vikram Singh,Resigned,Married,6.0,3.0,21.0,Good performer
50158,Isha Kumar,isha.kumar87@company.com,9180792782,Male,1997-10-02,24.0,Procurement,Business Analyst,Contract,2025-10-25,Noida,Bachelor's,16.2,1045301.0,83624.08,Good,Rahul Rao,Active,Divorced,32.0,3.0,21.0,Good performer
50084,Shreya Reddy,shreya.reddy72@company.com,9803726204,Female,1966-08-03,52.0,Sales,Marketing Analyst,Full Time,2025-09-01,Chennai,Master's,1.9,2054342.0,0.0,Excellent,Priya Sharma,Active,Single,11.0,3.0,0.0,Fast learner
50556,Priya Singh,priya.singh46@company.com,9440516161,Male,1972-05-02,58.0,IT,Software Engineer,Full Time,2024-07-06,Delhi,Master's,16.9,758935.0,75893.5,Needs Improvement,Anil Kumar,On Leave,Divorced,12.0,4.0,21.0,Good performer
50264,Akash Reddy,akash.reddy85@company.com,,Other,1991-03-23,50.0,Operations,Financial Analyst,Intern,2025-02-28,Noida,Bachelor's,8.9,1605824.0,160582.4,Good,Anil Kumar,Active,Single,22.0,2.0,37.0,Good performer
51108,Priya Mehta,priya.mehta30@company.com,9397108437,Female,2005-06-30,49.0,Sales,Software Engineer,Part Time,2021-09-15,Kolkata,Bachelor's,17.1,959365.0,47968.25,Needs Improvement,Anil Kumar,Resigned,Single,16.0,4.0,6.0,Needs training
50532,Rohit Sharma,rohit.sharma77@company.com,9141596845,Other,1974-01-09,30.0,HR,Data Analyst,Full Time,2024-11-02,Delhi,Master's,0.5,1250110.0,0.0,Good,Sneha Patel,Inactive,Divorced,32.0,1.0,8.0,Good performer
50324,Vivek Rao,vivek.rao23@company.com,9954234443,Female,1975-06-29,26.0,Procurement,HR Executive,Contract,2025-05-05,Delhi,Bachelor's,6.9,1609426.0,80471.3,Needs Improvement,Vikram Singh,Inactive,Married,34.0,2.0,45.0,Good performer
50720,Neha Patel,neha.patel42@company.com,9142252297,Other,1998-08-23,43.0,IT,Business Analyst,Contract,2021-01-19,Kolkata,PhD,12.2,1628830.0,81441.5,Needs Improvement,Priya Sharma,On Leave,Single,27.0,5.0,40.0,Good performer
50116,Meera Patel,meera.patel29@company.com,9154764071,Female,2008-08-11,58.0,Sales,Support Specialist,Full Time,2026-01-25,Chennai,Master's,5.9,1311581.0,104926.48,Average,Sneha Patel,Inactive,Divorced,10.0,2.0,17.0,Good performer
50307,Manish Mehta,manish.mehta97@company.com,9277032537,Female,2005-12-11,28.0,Procurement,Marketing Analyst,Contract,2021-05-11,Mumbai,Diploma,9.5,1164070.5,0.0,Average,Vikram Singh,Resigned,Single,12.0,3.0,39.0,Good performer
51106,Sanjay Sharma,sanjay.sharma98@company.com,9969653596,Other,1978-01-24,54.0,Marketing,Software Engineer,Full Time,2021-09-10,Mysuru,Master's,4.0,1146164.0,114616.4,Good,Meera Nair,Inactive,Single,6.0,3.0,12.0,Good performer
50278,Manish Singh,manish.singh34@company.com,9939877277,Female,1999-05-04,26.0,HR,Support Specialist,Contract,2019-09-20,Kolkata,PhD,7.3,934184.0,74734.72,Excellent,Meera Nair,On Leave,Single,13.0,4.0,12.0,Good performer
50784,Rahul Verma,rahul.verma16@company.com,9269306090,Female,1968-07-15,43.0,Marketing,Account Executive,Contract,2022-09-29,Chennai,PhD,4.9,1164070.5,90398.0,Good,Rahul Rao,On Leave,Single,17.0,5.0,36.0,Good performer
50953,Isha Joshi,isha.joshi6@company.com,9765804414,Other,1999-10-18,46.0,Marketing,HR Executive,Full Time,2020-08-07,Kolkata,Master's,4.2,772601.0,154520.2,Needs Improvement,Anil Kumar,On Leave,Divorced,33.0,5.0,29.0,Good performer
51193,Akash Gowda,akash.gowda43@company.com,9609378920,Male,1978-09-14,55.0,Procurement,Support Specialist,Intern,2021-04-04,Pune,Master's,6.6,2068424.0,103421.2,Good,Priya Sharma,Inactive,Single,4.0,3.0,29.0,Good performer
50842,Arjun Nair,arjun.nair61@company.com,9837313022,Female,1999-09-24,63.0,Procurement,Operations Executive,Part Time,2025-11-02,Hyderabad,Bachelor's,2.1,1448007.0,289601.4,Average,Meera Nair,Active,Married,17.0,1.0,39.0,Good performer
50677,Amit Singh,amit.singh14@company.com,9239324786,Female,2003-02-24,24.0,IT,Software Engineer,Part Time,2023-02-05,Hyderabad,Diploma,17.6,1297509.0,103800.72,Excellent,Meera Nair,On Leave,Divorced,8.0,3.0,26.0,Needs training
50201,Amit Patel,akash.kumar4@company.com,9549061064,Other,1980-08-17,52.0,Customer Support,HR Executive,Full Time,2020-06-15,Hyderabad,PhD,5.3,10000000.0,117394.65,Average,Rahul Rao,Inactive,Divorced,5.0,1.0,23.0,Good performer
50431,Shreya Kumar,shreya.kumar93@company.com,9255598745,Male,1980-07-02,55.0,Procurement,Software Engineer,Full Time,2026-01-01,Gurugram,Bachelor's,17.4,1734588.0,86729.4,Needs Improvement,Anil Kumar,Active,Single,23.0,2.0,15.0,Good performer
50511,Rahul Nair,rahul.nair65@company.com,9392684295,Other,1989-08-11,62.0,IT,Software Engineer,Contract,2019-12-14,Pune,Bachelor's,0.0,1898280.0,284742.0,Excellent,Meera Nair,Inactive,Single,19.0,2.0,32.0,Needs training
50793,Priya Mehta,priya.mehta20@company.com,9849553611,Other,1978-12-22,41.0,Customer Support,Sales Executive,Part Time,2021-11-08,Pune,Master's,1.4,1188437.0,0.0,Average,Vikram Singh,On Leave,Married,14.0,5.0,7.0,Needs training
50195,Amit Patel,vivek.patel67@company.com,,Male,1979-12-01,64.0,Marketing,Account Executive,Full Time,2024-10-25,Kolkata,Master's,12.2,1968380.0,393676.0,Needs Improvement,Anil Kumar,Active,Married,8.0,5.0,45.0,Needs training
50056,Ananya Rao,,9892913727,Female,1988-08-27,31.0,Procurement,Financial Analyst,Contract,2024-02-28,Gurugram,Diploma,17.1,848461.0,67876.88,Average,Vikram Singh,Inactive,Single,12.0,5.0,38.0,Good performer
50185,Pooja Sharma,pooja.sharma29@company.com,,Male,1972-07-25,22.0,Marketing,Data Analyst,Contract,2019-12-18,Chennai,Diploma,13.6,2096418.0,419283.6,Needs Improvement,Anil Kumar,Active,Married,18.0,4.0,13.0,Good performer
51025,Amit Patel,amit.patel12@company.com,9547838427,Other,1973-10-13,65.0,HR,Account Executive,Contract,2019-05-21,Hyderabad,PhD,3.4,1361069.0,-5000.0,Needs Improvement,Priya Sharma,Resigned,Divorced,17.0,4.0,21.0,Needs training
50483,Manish Reddy,manish.reddy46@company.com,9527239096,Male,1969-08-20,34.0,Sales,Sales Executive,Full Time,2019-12-08,Mysuru,Master's,11.4,1682484.0,84124.2,Good,Rahul Rao,Inactive,Married,3.0,2.0,13.0,Fast learner
50873,Ananya Rao,ananya.rao25@company.com,9468749094,Female,1968-07-05,55.0,Procurement,Software Engineer,Intern,2019-07-16,Mysuru,Master's,15.8,1221794.0,183269.1,Excellent,Meera Nair,Resigned,Divorced,5.0,2.0,36.0,Good performer
50295,Manish Gowda,manish.gowda20@company.com,9463763084,Male,1992-05-22,56.0,HR,HR Executive,Part Time,2023-12-07,Delhi,Diploma,50.0,536062.0,80409.3,Good,Priya Sharma,Active,Married,5.0,4.0,11.0,Good performer
51190,Shreya Verma,shreya.verma51@company.com,9906682929,Female,1999-02-10,64.0,Marketing,Software Engineer,Contract,2022-07-08,Bengaluru,PhD,15.5,1832392.0,91619.6,Good,Rahul Rao,Inactive,Single,18.0,3.0,1.0,Good performer
50261,Amit Patel,amit.patel52@company.com,9630214228,Male,1988-04-16,54.0,Sales,Sales Executive,Full Time,2024-10-28,Kolkata,PhD,14.2,2157157.0,431431.4,Good,Anil Kumar,On Leave,Single,11.0,1.0,14.0,Good performer
50444,Amit Rao,amit.rao52@company.com,9508483848,Female,1986-05-22,52.0,Marketing,Account Executive,Part Time,2019-05-31,Mysuru,PhD,6.7,476871.0,47687.1,Needs Improvement,Rahul Rao,Resigned,Single,25.0,1.0,10.0,Good performer
50844,Kiran Patel,kiran.patel70@company.com,9844512670,Female,1981-08-19,18.0,Finance,Software Engineer,Full Time,2024-05-26,Hyderabad,Bachelor's,9.2,891214.0,89121.4,Needs Improvement,Priya Sharma,Inactive,Single,17.0,3.0,20.0,Good performer
50286,Kiran Singh,kiran.singh46@company.com,9552566167,Female,1997-01-08,26.0,HR,Software Engineer,Part Time,2024-07-29,Delhi,Diploma,0.7,683412.0,68341.2,Needs Improvement,Meera Nair,On Leave,Married,9.0,2.0,7.0,Needs training
50583,Akash Reddy,akash.reddy87@company.com,9737694903,Other,1984-04-17,32.0,Finance,Operations Executive,Contract,2026-04-26,Mumbai,Master's,14.3,2109188.0,168735.04,Excellent,Sneha Patel,On Leave,Divorced,30.0,5.0,40.0,Good performer
50982,Amit Patel,priya.nair90@company.com,9645735702,Other,1999-06-22,34.0,Operations,Data Analyst,Intern,2019-03-13,Mumbai,Master's,2.3,1132420.0,90593.6,Good,Sneha Patel,Active,Divorced,29.0,3.0,21.0,Good performer
51198,Vivek Mehta,vivek.mehta3@company.com,9879692345,Female,1972-09-30,41.0,Finance,HR Executive,Full Time,2019-10-07,Chennai,Master's,3.0,1570730.0,235609.5,Good,Meera Nair,Resigned,Married,13.0,2.0,2.0,Needs training
50310,Ananya Rao,ananya.rao40@company.com,9223026346,Male,1993-08-16,18.0,IT,Software Engineer,Part Time,2021-12-24,Mumbai,Master's,17.4,1033243.0,154986.45,Needs Improvement,Vikram Singh,Resigned,Divorced,25.0,5.0,35.0,Good performer
50586,Rahul Mehta,rahul.mehta13@company.com,9332896316,Male,1975-08-30,64.0,Customer Support,Data Analyst,Part Time,2021-12-30,Bengaluru,Bachelor's,1.9,1474958.0,221243.7,Excellent,Sneha Patel,Active,Single,17.0,4.0,22.0,Fast learner
50508,Akash Das,akash.das91@company.com,9119930853,Male,2001-10-28,35.0,Customer Support,HR Executive,Intern,2025-05-29,Mysuru,PhD,17.5,1959250.0,0.0,Excellent,Meera Nair,Inactive,Divorced,22.0,5.0,7.0,Good performer
51163,Pooja Singh,pooja.singh94@company.com,9149415140,Female,1999-02-22,37.0,Procurement,Software Engineer,Intern,2023-03-14,Mysuru,Diploma,14.7,732808.0,0.0,Average,Sneha Patel,On Leave,Married,33.0,4.0,22.0,Good performer
50038,Manish Gowda,manish.gowda83@company.com,9959197729,Female,1990-04-26,47.0,HR,Business Analyst,Full Time,2020-03-21,Delhi,Diploma,2.4,1049991.0,0.0,Needs Improvement,Anil Kumar,Inactive,Divorced,16.0,3.0,2.0,Good performer
51097,Kavya Kumar,kavya.kumar65@company.com,9696407717,Male,1984-06-30,40.0,Sales,HR Executive,Full Time,2019-08-29,Kolkata,Master's,6.1,1491183.0,298236.6,Needs Improvement,Rahul Rao,Inactive,Divorced,25.0,5.0,33.0,Good performer
50322,Pooja Kumar,pooja.kumar40@company.com,9972058303,Female,1995-11-20,41.0,Finance,Account Executive,Intern,2019-12-01,Mysuru,Diploma,11.5,1164070.5,54114.2,Needs Improvement,Priya Sharma,Active,Married,13.0,3.0,16.0,Needs training
50283,Arjun Sharma,arjun.sharma38@company.com,9220176664,Male,1989-06-03,49.0,Procurement,HR Executive,Full Time,2021-03-21,Noida,Master's,14.3,304259.0,30425.9,Needs Improvement,Anil Kumar,On Leave,Married,25.0,2.0,16.0,Good performer
50015,Nikhil Rao,,9867910823,Female,2007-06-26,19.0,IT,Software Engineer,Contract,2022-12-30,Mumbai,Diploma,13.8,360860.0,28868.8,Excellent,Vikram Singh,On Leave,Single,35.0,1.0,21.0,Fast learner
50368,Arjun Joshi,arjun.joshi15@company.com,9497764351,Male,1987-12-02,41.0,Sales,Software Engineer,Full Time,2026-03-29,Pune,Master's,5.3,1998700.0,99935.0,Average,Priya Sharma,Active,Single,35.0,4.0,18.0,Good performer
50920,Amit Gowda,amit.gowda4@company.com,9731957618,Male,2007-03-28,56.0,Customer Support,Financial Analyst,Intern,2026-06-19,Mysuru,Master's,15.1,376795.0,56519.25,Good,Anil Kumar,Inactive,Single,21.0,1.0,20.0,Good performer
51062,Rohit Singh,rohit.singh34@company.com,9660668651,Male,1974-01-17,20.0,Operations,Data Analyst,Full Time,2023-06-28,Noida,Bachelor's,5.6,1683013.0,0.0,Excellent,Meera Nair,On Leave,Divorced,12.0,2.0,18.0,Good performer
51159,Rohit Rao,rohit.rao26@company.com,9590148787,Male,2004-10-10,22.0,Customer Support,Software Engineer,Contract,2024-01-01,Kolkata,PhD,9.6,1776548.0,142123.84,Excellent,Meera Nair,Resigned,Divorced,18.0,2.0,30.0,Good performer
51046,Kiran Patel,kiran.patel33@company.com,9950945727,Female,1975-01-19,47.0,Finance,HR Executive,Contract,2024-05-15,Mysuru,Bachelor's,1.1,1273317.0,63665.85,Good,Rahul Rao,Resigned,Married,13.0,3.0,21.0,Good performer
50968,Amit Reddy,,9351050438,Female,2002-04-04,47.0,HR,Data Analyst,Full Time,2020-11-18,Mysuru,Diploma,6.5,1273799.0,101903.92,Needs Improvement,Meera Nair,Inactive,Married,5.0,5.0,32.0,Good performer
50315,Neha Singh,neha.singh94@company.com,9934063537,Other,1972-07-25,45.0,Marketing,Software Engineer,Full Time,2026-02-13,Bengaluru,Diploma,0.8,25000000.0,69673.15,Excellent,Rahul Rao,On Leave,Single,30.0,3.0,31.0,Good performer
51164,Akash Verma,akash.verma59@company.com,9239796006,Female,1974-06-10,19.0,IT,HR Executive,Full Time,2023-08-28,Mysuru,Master's,3.8,1669538.0,133563.04,Needs Improvement,Anil Kumar,Active,Divorced,10.0,4.0,4.0,Good performer
50710,Neha Sharma,neha.sharma90@company.com,9630392193,Male,1997-03-16,57.0,HR,Business Analyst,Full Time,2025-08-13,Mysuru,PhD,10.2,1018730.0,0.0,Needs Improvement,Vikram Singh,Active,Single,14.0,4.0,18.0,Good performer
50009,Amit Sharma,amit.sharma88@company.com,9426065024,Female,1987-11-24,41.0,Marketing,Support Specialist,Intern,2024-05-03,Mysuru,Master's,2.8,927362.0,139104.3,Good,Sneha Patel,On Leave,Married,14.0,1.0,35.0,Good performer
50182,Amit Verma,amit.verma35@company.com,9573993335,Other,1980-04-20,20.0,IT,Software Engineer,Contract,2022-09-03,Hyderabad,Master's,9.7,1667830.0,83391.5,Excellent,Vikram Singh,On Leave,Single,27.0,3.0,19.0,Good performer
50361,Akash Reddy,akash.reddy84@company.com,9360521065,Other,1975-01-20,31.0,IT,Data Analyst,Full Time,2020-05-26,Mysuru,Diploma,9.8,729343.0,0.0,Average,Vikram Singh,Inactive,Married,29.0,4.0,35.0,Good performer
50223,Manish Nair,manish.nair13@company.com,9492712344,Male,1978-04-04,43.0,HR,Software Engineer,Part Time,2020-07-07,Hyderabad,Bachelor's,13.8,501496.0,90398.0,Needs Improvement,Vikram Singh,On Leave,Single,30.0,2.0,31.0,Needs training
50554,Pooja Gowda,pooja.gowda86@company.com,9379258094,Other,1966-12-01,63.0,Operations,HR Executive,Contract,2024-08-12,Delhi,Bachelor's,1.9,904152.0,45207.6,Excellent,Vikram Singh,Inactive,Married,24.0,1.0,29.0,Fast learner
50441,Rohit Sharma,rohit.sharma3@company.com,9473678550,Male,1972-08-29,38.0,Sales,HR Executive,Contract,2026-05-11,Hyderabad,Master's,12.9,1925719.0,192571.9,Excellent,Vikram Singh,Resigned,Divorced,15.0,3.0,4.0,Needs training
51076,Rohit Gowda,rohit.gowda56@company.com,9277589723,Female,1991-10-23,50.0,Finance,Business Analyst,Part Time,2023-03-11,Mysuru,Master's,5.2,1948109.0,292216.35,Needs Improvement,Rahul Rao,On Leave,Married,6.0,1.0,43.0,Fast learner
50512,Shreya Joshi,shreya.joshi73@company.com,9339613226,Male,1965-03-03,36.0,Sales,Business Analyst,Full Time,2024-05-06,Gurugram,Master's,17.0,426629.0,63994.35,Excellent,Sneha Patel,On Leave,Single,13.0,3.0,43.0,Good performer
50381,Rohit Das,rohit.das64@company.com,9200449031,Other,1995-10-19,30.0,Operations,Operations Executive,Contract,2025-08-31,Gurugram,Diploma,14.9,1121417.0,56070.85,Good,Rahul Rao,Inactive,Divorced,3.0,3.0,11.0,Good performer
50231,Kiran Patel,kiran.patel32@company.com,9608813411,Female,2004-10-22,20.0,Finance,HR Executive,Part Time,2025-02-24,Delhi,Bachelor's,16.5,1618532.0,0.0,Excellent,Sneha Patel,Resigned,Married,16.0,4.0,11.0,Good performer
50113,Pooja Rao,pooja.rao40@company.com,9988476712,Male,1972-10-04,25.0,IT,HR Executive,Part Time,2024-10-30,Pune,Bachelor's,15.9,575170.0,86275.5,Good,Vikram Singh,Inactive,Divorced,2.0,5.0,21.0,Good performer
50849,Sanjay Sharma,sanjay.sharma31@company.com,9765986960,Male,1969-01-09,50.0,Customer Support,Financial Analyst,Part Time,2023-11-05,Kolkata,PhD,15.6,1306649.0,261329.8,Excellent,Sneha Patel,Inactive,Divorced,17.0,1.0,5.0,Good performer
50778,Rohit Das,rohit.das96@company.com,9219207682,Female,1982-02-08,42.0,Operations,Data Analyst,Part Time,2022-02-04,Noida,Bachelor's,10.0,1981022.0,0.0,Excellent,Anil Kumar,Inactive,Single,10.0,3.0,20.0,Needs training
50967,Arjun Rao,arjun.rao77@company.com,9770536744,Female,1976-03-10,41.0,Human Resources,Financial Analyst,Full Time,2022-11-29,Kolkata,Diploma,0.6,899199.0,179839.8,Excellent,Meera Nair,On Leave,Divorced,31.0,3.0,2.0,Fast learner
50154,Rohit Verma,rohit.verma52@company.com,9391938936,Other,1969-08-14,65.0,Marketing,Sales Executive,Part Time,2022-10-24,Chennai,Bachelor's,8.5,1452146.0,0.0,Good,Priya Sharma,Active,Divorced,21.0,4.0,40.0,Good performer
50488,Ananya Gowda,ananya.gowda96@company.com,9669843954,Male,2008-09-30,41.0,Marketing,Operations Executive,Full Time,2024-11-26,Gurugram,Master's,10.8,1118746.0,223749.2,Average,Priya Sharma,Resigned,Single,15.0,3.0,21.0,Good performer
50814,Amit Rao,amit.rao27@company.com,9935883347,Other,2006-10-22,54.0,Procurement,Operations Executive,Part Time,2024-09-18,Bengaluru,Bachelor's,9.2,1793183.0,358636.6,Needs Improvement,Sneha Patel,Inactive,Divorced,19.0,3.0,27.0,Needs training
50965,Rahul Nair,rahul.nair96@company.com,9967586004,Male,1997-09-15,45.0,Customer Support,Financial Analyst,Contract,2019-09-13,Chennai,Bachelor's,6.2,805435.0,64434.8,Needs Improvement,Rahul Rao,On Leave,Divorced,8.0,2.0,21.0,Needs training
50613,Ananya Reddy,ananya.reddy80@company.com,9106388483,Female,1998-07-02,39.0,Marketing,Software Engineer,Full Time,2020-10-07,Gurugram,Bachelor's,16.6,565902.0,84885.3,Excellent,Rahul Rao,On Leave,Divorced,16.0,1.0,3.0,Good performer
50681,Ananya Reddy,ananya.reddy98@company.com,9613184397,Male,2002-07-24,54.0,IT,Operations Executive,Full Time,2026-02-27,Pune,Diploma,4.4,1441696.0,72084.0,Needs Improvement,Sneha Patel,Resigned,Single,31.0,4.0,10.0,Good performer
50096,Amit Patel,meera.kumar63@company.com,9415795282,Male,1992-08-16,39.0,Customer Support,Software Engineer,Full Time,2021-01-11,Mysuru,Master's,8.5,357490.0,35749.0,Needs Improvement,Priya Sharma,On Leave,Married,9.0,4.0,2.0,Good performer
50815,Rohit Patel,rohit.patel98@company.com,9990428241,Other,1977-07-10,37.0,Sales,Account Executive,Full Time,2021-07-30,Mysuru,Master's,16.6,858127.0,0.0,Excellent,Rahul Rao,On Leave,Married,32.0,1.0,21.0,Good performer
50679,Arjun Kumar,arjun.kumar99@company.com,9701761298,Male,1990-09-08,54.0,Customer Support,Operations Executive,Full Time,2024-05-21,Kolkata,PhD,17.7,1459346.0,116747.68,Average,Sneha Patel,Resigned,Divorced,28.0,2.0,2.0,Good performer
50145,Rahul Joshi,rahul.joshi67@company.com,9933863511,Male,1979-10-27,35.0,Sales,Account Executive,Part Time,2024-06-23,Mysuru,Diploma,10.0,352797.0,-5000.0,Average,Vikram Singh,Active,Single,6.0,5.0,0.0,Good performer
50385,Divya Nair,divya.nair41@company.com,9980014810,Male,2002-10-16,53.0,Operations,HR Executive,Full Time,2022-10-14,Noida,Diploma,17.3,774457.0,154891.4,Needs Improvement,Vikram Singh,Active,Married,22.0,2.0,35.0,Good performer
50671,Manish Mehta,manish.mehta34@company.com,9564547722,Female,1987-07-03,49.0,HR,Marketing Analyst,Intern,2022-08-06,Mumbai,Bachelor's,15.4,889522.0,0.0,Average,Meera Nair,Resigned,Divorced,20.0,3.0,0.0,Fast learner
50347,Kiran Verma,kiran.verma9@company.com,9776121909,Other,1968-06-08,58.0,HR,Data Analyst,Contract,2020-03-14,Kolkata,Bachelor's,1.3,1039498.0,155924.7,Good,Priya Sharma,Inactive,Married,27.0,4.0,10.0,Good performer
50332,Arjun Gowda,,9767109106,Female,2008-05-14,52.0,Procurement,Software Engineer,Full Time,2024-09-15,Noida,Bachelor's,2.5,1660721.0,332144.2,Excellent,Rahul Rao,Resigned,Single,2.0,4.0,33.0,Needs training
50707,Vivek Kumar,vivek.kumar69@company.com,9513417424,Male,1973-08-04,53.0,Procurement,HR Executive,Full Time,2022-02-19,Chennai,PhD,10.3,1414615.0,0.0,Average,Rahul Rao,Resigned,Single,33.0,5.0,42.0,Fast learner
50667,Amit Reddy,amit.reddy69@company.com,9339225691,Female,1967-03-30,37.0,Sales,Financial Analyst,Intern,2025-11-26,Mysuru,Diploma,6.0,590761.0,118152.2,Needs Improvement,Sneha Patel,On Leave,Married,35.0,5.0,5.0,Good performer
50637,Akash Nair,akash.nair49@company.com,9216886182,Female,1968-10-14,48.0,Customer Support,Software Engineer,Part Time,2023-06-06,Noida,Bachelor's,17.7,1164070.5,161962.24,Good,Priya Sharma,Active,Single,0.0,5.0,40.0,Good performer
51181,Kavya Mehta,kavya.mehta68@company.com,9612982724,Female,1982-08-17,41.0,HR,Data Analyst,Part Time,2020-03-28,Kolkata,Diploma,15.5,1684461.0,168446.1,Poor,Rahul Rao,Resigned,Single,25.0,3.0,30.0,Fast learner
50248,Rohit Kumar,,9996566696,Male,1980-07-14,34.0,Finance,Marketing Analyst,Full Time,2023-05-20,Pune,Master's,8.8,1238405.0,123840.5,Average,Priya Sharma,On Leave,Divorced,28.0,3.0,45.0,Needs training
51100,Meera Rao,meera.rao25@company.com,9179479340,Male,2005-06-20,24.0,Marketing,Marketing Analyst,Full Time,2020-07-18,Pune,PhD,2.2,1219803.0,97584.24,Average,Sneha Patel,Active,Divorced,18.0,2.0,19.0,Good performer
51176,Meera Das,meera.das55@company.com,9431881165,Female,1969-08-29,18.0,Procurement,Financial Analyst,Full Time,2019-01-22,Noida,Master's,0.9,1682755.0,0.0,Needs Improvement,Rahul Rao,On Leave,Married,22.0,2.0,10.0,Good performer
50423,Nikhil Nair,nikhil.nair62@company.com,9826491211,Other,1991-10-04,57.0,Sales,Sales Executive,Full Time,,Chennai,Diploma,17.9,2055965.0,308394.75,Excellent,Priya Sharma,Active,Single,24.0,1.0,30.0,Needs training
51101,Meera Mehta,meera.mehta85@company.com,9999756728,Other,2006-01-09,25.0,Marketing,Marketing Analyst,Part Time,2022-02-03,Noida,Diploma,0.9,1741112.0,0.0,Needs Improvement,Sneha Patel,Active,Married,28.0,3.0,16.0,Good performer
50196,Arjun Reddy,arjun.reddy77@company.com,9341559736,Male,1982-05-20,41.0,IT,Software Engineer,Contract,2021-11-03,Kolkata,Master's,0.1,2153955.0,215395.5,Good,Priya Sharma,Resigned,Married,20.0,5.0,15.0,Good performer
50994,Neha Patel,neha.patel92@company.com,9458642547,Male,1966-12-14,56.0,Marketing,Software Engineer,Intern,2024-09-09,Kolkata,Master's,16.3,1569700.0,313940.0,Needs Improvement,Anil Kumar,Inactive,Married,33.0,3.0,3.0,Good performer
50779,Arjun Reddy,arjun.reddy56@company.com,9130493687,Female,1992-02-06,43.0,Customer Support,Sales Executive,Full Time,2023-10-03,Noida,Master's,17.6,703426.0,105513.9,Average,Priya Sharma,Resigned,Divorced,17.0,4.0,31.0,Good performer
50179,Sanjay Nair,,,Other,1979-07-20,34.0,IT,Financial Analyst,Contract,2019-01-13,Hyderabad,Bachelor's,9.2,899522.0,44976.1,Excellent,Anil Kumar,On Leave,Divorced,6.0,2.0,37.0,Needs training
50372,Rohit Rao,rohit.rao75@company.com,9573113789,Male,1991-03-03,46.0,IT,HR Executive,Full Time,2020-09-02,Kolkata,Diploma,16.6,1098189.0,164728.35,Good,Vikram Singh,Active,Single,18.0,4.0,8.0,Good performer
50835,Meera Joshi,meera.joshi76@company.com,9360052095,Male,1997-06-10,34.0,Marketing,Marketing Analyst,Part Time,2019-11-18,Mumbai,Master's,4.0,2057952.0,205795.2,Needs Improvement,Anil Kumar,Resigned,Divorced,17.0,3.0,27.0,Needs training
50143,Vivek Nair,vivek.nair90@company.com,9448151541,Male,1970-06-16,21.0,Operations,Software Engineer,Part Time,2025-11-09,Mumbai,Bachelor's,45.0,2018270.0,0.0,Needs Improvement,Vikram Singh,Resigned,Divorced,8.0,5.0,40.0,Good performer
50336,Akash Patel,akash.patel37@company.com,9759613701,Male,1999-09-18,28.0,Procurement,Financial Analyst,Full Time,2026-03-03,Chennai,Master's,0.8,697978.0,-5000.0,Average,Anil Kumar,On Leave,Single,29.0,2.0,21.0,Good performer
50840,Sneha Sharma,sneha.sharma24@company.com,9893031729,Male,1968-08-04,18.0,Finance,Software Engineer,Contract,2023-11-06,Delhi,PhD,3.3,822824.0,82282.4,Average,Meera Nair,Resigned,Divorced,20.0,2.0,15.0,Fast learner
50062,Amit Patel,amit.patel10@company.com,9485912833,Female,1973-09-03,41.0,Sales,Software Engineer,Full Time,2024-03-25,Chennai,Master's,3.5,1049776.0,83982.08,Excellent,Rahul Rao,Active,Divorced,4.0,2.0,29.0,Good performer
50206,Rahul Reddy,rahul.reddy41@company.com,9114198849,Male,2000-01-17,49.0,Marketing,Data Analyst,Part Time,2019-04-08,Noida,PhD,9.2,1583173.0,316634.6,Excellent,Anil Kumar,On Leave,Married,19.0,2.0,21.0,Needs training
50853,Shreya Nair,shreya.nair70@company.com,9366220868,Other,1973-10-29,28.0,Sales,Business Analyst,Contract,2022-03-10,Kolkata,Bachelor's,2.1,2164130.0,324619.5,Average,Sneha Patel,Active,Divorced,26.0,3.0,32.0,Good performer
50037,Nikhil Joshi,nikhil.joshi90@company.com,9819429878,Other,1993-05-25,38.0,IT,Marketing Analyst,Full Time,2025-08-26,Noida,Diploma,9.8,341156.0,51173.4,Excellent,Rahul Rao,On Leave,Single,5.0,5.0,2.0,Good performer
50974,Shreya Sharma,shreya.sharma57@company.com,9451075699,Female,1983-12-25,58.0,Finance,Financial Analyst,Full Time,2025-02-20,Bengaluru,Master's,2.7,1738539.0,0.0,Average,Rahul Rao,Active,Divorced,19.0,5.0,21.0,Good performer
50984,Priya Sharma,priya.sharma4@company.com,9501291672,Male,1972-04-11,58.0,HR,Marketing Analyst,Full Time,2026-08-29,Kolkata,Diploma,4.6,800023.0,40001.15,Good,Sneha Patel,Inactive,Single,22.0,3.0,42.0,Good performer
50033,Pooja Das,pooja.das70@company.com,9131148876,Female,1992-12-08,32.0,Operations,Business Analyst,Full Time,2024-06-28,Noida,PhD,2.8,1164070.5,172272.0,Good,Meera Nair,Active,Married,0.0,1.0,6.0,Needs training
50098,Shreya Patel,,9961468388,Male,2008-08-06,22.0,Operations,Software Engineer,Full Time,2019-01-04,Chennai,Bachelor's,10.0,473816.0,23690.8,Needs Improvement,Vikram Singh,Active,Divorced,21.0,5.0,26.0,Good performer
50465,Divya Nair,divya.nair92@company.com,9313332917,Male,2001-04-09,35.0,Finance,Business Analyst,Intern,2024-08-11,Kolkata,PhD,9.1,662274.0,132454.8,Average,Priya Sharma,Inactive,Single,24.0,2.0,7.0,Good performer
50896,Priya Joshi,priya.joshi16@company.com,9349325556,Male,1975-08-06,56.0,Operations,Software Engineer,Intern,2019-01-14,Gurugram,PhD,2.9,271904.0,40785.6,Excellent,Priya Sharma,On Leave,Married,26.0,2.0,32.0,Good performer
50421,Nikhil Mehta,nikhil.mehta22@company.com,9823856166,Female,1969-11-29,23.0,Procurement,Data Analyst,Intern,2022-10-15,Chennai,Master's,10.9,1641849.0,328369.8,Average,Vikram Singh,Active,Married,21.0,3.0,36.0,Needs training
50025,Pooja Rao,pooja.rao35@company.com,9577223641,Female,1979-10-04,27.0,IT,HR Executive,Contract,2020-04-27,Delhi,Bachelor's,4.8,911161.0,136674.15,Needs Improvement,Meera Nair,Resigned,Married,1.0,5.0,45.0,Needs training
50493,Ananya Das,ananya.das96@company.com,9880297897,Other,1973-03-11,43.0,Customer Support,Marketing Analyst,Full Time,2020-09-15,Hyderabad,Diploma,13.7,537063.0,42965.04,Needs Improvement,Anil Kumar,Inactive,Married,13.0,5.0,24.0,Good performer
50642,Kiran Rao,kiran.rao81@company.com,9181388604,Male,1976-09-08,19.0,HR,Sales Executive,Part Time,2021-10-13,Gurugram,Diploma,7.0,545323.0,54532.3,Needs Improvement,Rahul Rao,Active,Single,9.0,2.0,6.0,Good performer
51051,Sneha Sharma,sneha.sharma10@company.com,9883846248,Female,1971-05-26,56.0,Finance,Support Specialist,Intern,2022-01-18,Mysuru,Master's,1.1,1775665.0,355133.0,Needs Improvement,Anil Kumar,Inactive,Married,24.0,2.0,25.0,Good performer
51088,Nikhil Das,nikhil.das37@company.com,9959074865,Male,1969-11-09,35.0,Procurement,Sales Executive,Full Time,2019-04-17,Chennai,Bachelor's,15.7,1168817.0,93505.36,Good,Priya Sharma,Active,Divorced,10.0,1.0,14.0,Good performer
50410,Kavya Rao,kavya.rao97@company.com,9753813781,Female,1975-02-17,65.0,Operations,Support Specialist,Full Time,2024-10-08,Pune,PhD,2.3,1877817.0,90398.0,Average,Anil Kumar,On Leave,Divorced,33.0,4.0,45.0,Needs training
50983,Priya Nair,priya.nair74@company.com,9584748205,Female,1988-08-03,41.0,Finance,Sales Executive,Full Time,2022-01-21,Bengaluru,Bachelor's,2.4,1615172.0,129213.76,Good,Sneha Patel,Active,Married,13.0,3.0,17.0,Good performer
50879,Sanjay Patel,sanjay.patel11@company.com,9769633438,Female,1989-05-24,54.0,Customer Support,Business Analyst,Full Time,2023-08-17,Chennai,Diploma,6.3,1756498.0,87824.9,Excellent,Anil Kumar,Resigned,Single,29.0,1.0,37.0,Good performer
50834,Isha Rao,isha.rao63@company.com,9421039980,Female,1985-11-26,24.0,Marketing,HR Executive,Full Time,2019-08-20,Hyderabad,Diploma,5.1,916477.0,0.0,Good,Vikram Singh,Inactive,Married,26.0,1.0,23.0,Good performer
50653,Nikhil Kumar,nikhil.kumar86@company.com,9584997690,Female,1974-06-27,39.0,Customer Support,Business Analyst,Contract,2019-04-03,Noida,PhD,7.3,938756.0,75100.48,Good,Sneha Patel,On Leave,Married,20.0,3.0,11.0,Good performer
50810,Nikhil Kumar,nikhil.kumar23@company.com,9423285067,Male,1982-09-14,55.0,Information Technology,Data Analyst,Full Time,2020-02-17,Hyderabad,Master's,4.9,932227.0,46611.35,Average,Sneha Patel,Inactive,Married,19.0,5.0,18.0,Good performer
51041,Rahul Kumar,rahul.kumar69@company.com,9336885917,Other,1990-11-16,30.0,Procurement,Sales Executive,Intern,2019-09-21,Hyderabad,PhD,7.9,1249992.0,187498.8,Average,Vikram Singh,Active,Divorced,17.0,4.0,5.0,Fast learner
50887,Vivek Sharma,vivek.sharma56@company.com,9621843691,Other,1968-07-11,50.0,HR,Data Analyst,Full Time,2026-02-12,Noida,PhD,0.7,1855924.0,371184.8,Average,Anil Kumar,Active,Divorced,32.0,4.0,19.0,Needs training
50346,Arjun Joshi,arjun.joshi52@company.com,9585482321,Other,1977-09-26,22.0,Sales,HR Executive,Contract,2022-12-22,Gurugram,Diploma,15.7,1959564.0,195956.4,Good,Meera Nair,Active,Married,17.0,4.0,15.0,Fast learner
50929,Sneha Das,sneha.das91@company.com,9838674227,Female,1983-11-11,23.0,Information Technology,Data Analyst,Intern,2022-08-21,Hyderabad,Master's,15.5,1228234.0,0.0,Needs Improvement,Priya Sharma,Inactive,Divorced,0.0,5.0,9.0,Good performer
50799,Akash Das,akash.das3@company.com,9449281287,Other,1974-02-03,36.0,Procurement,Sales Executive,Full Time,2019-05-08,Kolkata,Master's,7.7,2102062.0,420412.4,Needs Improvement,Priya Sharma,Inactive,Single,14.0,5.0,28.0,Good performer
50155,Priya Singh,priya.singh31@company.com,9408464592,Female,2003-07-23,36.0,Customer Support,Financial Analyst,Intern,2023-04-01,Gurugram,Diploma,13.1,1164070.5,409326.0,Needs Improvement,Priya Sharma,Active,Single,3.0,3.0,6.0,Good performer
50162,Manish Nair,manish.nair17@company.com,9335922736,Other,1976-12-22,64.0,Customer Support,Marketing Analyst,Intern,2026-02-27,Delhi,Diploma,9.4,541910.0,54191.0,Needs Improvement,Rahul Rao,On Leave,Single,29.0,1.0,13.0,Needs training
50954,Amit Patel,isha.joshi39@company.com,9211160165,Male,1987-10-19,46.0,HR,Operations Executive,Contract,2023-02-14,Hyderabad,Diploma,9.2,1882822.0,376564.4,Good,Vikram Singh,On Leave,Single,29.0,3.0,20.0,Needs training
50978,Kavya Kumar,kavya.kumar9@company.com,9631922023,Other,1965-03-28,19.0,Customer Support,HR Executive,Contract,2024-09-30,Hyderabad,PhD,4.4,2143557.0,107177.85,Excellent,Anil Kumar,On Leave,Divorced,24.0,3.0,39.0,Needs training
50860,Sneha Patel,sneha.patel76@company.com,9982567722,Female,1999-04-29,58.0,Sales,Business Analyst,Full Time,2026-04-23,Gurugram,Bachelor's,2.5,1397697.0,209654.55,Excellent,Vikram Singh,On Leave,Divorced,15.0,5.0,17.0,Good performer
50127,Rohit Patel,rohit.patel7@company.com,9442439034,Female,1986-05-16,0.0,IT,Account Executive,Full Time,2025-01-02,Pune,Master's,9.2,625514.0,62551.4,Needs Improvement,Priya Sharma,Resigned,Divorced,18.0,3.0,44.0,Good performer
50443,Sneha Patel,,9556181896,Other,2008-04-14,41.0,HR,Financial Analyst,Part Time,2025-11-08,Bengaluru,Master's,4.7,1007170.0,50358.5,Average,Vikram Singh,Resigned,Married,20.0,4.0,36.0,Good performer
50936,Amit Patel,isha.rao46@company.com,9691082482,Male,1968-01-12,47.0,HR,Marketing Analyst,Full Time,2025-10-12,Pune,PhD,10.4,682702.0,102405.3,Average,Vikram Singh,Resigned,Divorced,10.0,3.0,12.0,Good performer
50798,Manish Singh,manish.singh48@company.com,9433831819,Other,1977-04-11,36.0,Finance,Software Engineer,Part Time,2019-09-28,Delhi,PhD,9.2,2092547.0,167403.76,Average,Rahul Rao,Inactive,Married,2.0,1.0,1.0,Good performer
50477,Isha Joshi,isha.joshi75@company.com,9865535102,Other,2004-02-16,60.0,Marketing,Business Analyst,Part Time,2026-02-05,Bengaluru,PhD,9.2,1276680.0,102134.4,Average,Sneha Patel,Inactive,Married,21.0,3.0,1.0,Good performer
50738,Sanjay Patel,sanjay.patel53@company.com,9992647192,Other,1988-08-03,45.0,Operations,Account Executive,Contract,2025-08-14,Gurugram,Diploma,14.9,2011891.0,0.0,Good,Anil Kumar,Inactive,Single,27.0,3.0,4.0,Good performer
50131,Sneha Verma,sneha.verma95@company.com,9688705011,Male,1978-12-10,49.0,Finance,Operations Executive,Contract,2026-03-26,Pune,Bachelor's,5.5,2017730.0,302659.5,Needs Improvement,Rahul Rao,On Leave,Single,9.0,3.0,10.0,Good performer
50594,Divya Rao,divya.rao83@company.com,9258198578,Male,1983-04-13,20.0,Operations,Sales Executive,Full Time,2022-06-10,Chennai,PhD,8.8,1029218.0,51460.9,Excellent,Meera Nair,On Leave,Divorced,32.0,3.0,26.0,Good performer
50592,Sneha Reddy,sneha.reddy17@company.com,9984426932,Male,1988-05-03,64.0,Sales,Business Analyst,Full Time,2025-08-12,Delhi,Bachelor's,0.9,1967304.0,-5000.0,Average,Vikram Singh,On Leave,Divorced,17.0,3.0,44.0,Fast learner
50713,Kavya Mehta,kavya.mehta87@company.com,9808228575,Other,2000-09-10,24.0,Finance,Data Analyst,Full Time,2019-04-04,Mysuru,PhD,1.2,1164070.5,105302.8,Excellent,Sneha Patel,On Leave,Divorced,15.0,5.0,35.0,Good performer
50691,Kiran Sharma,,9836452845,Other,1982-01-11,65.0,Sales,Financial Analyst,Full Time,2019-01-03,Mumbai,Diploma,9.2,2053607.0,102680.35,Average,Rahul Rao,Inactive,Divorced,6.0,2.0,40.0,Good performer
50156,Sneha Nair,,9107065455,Female,1985-08-31,63.0,Finance,Operations Executive,Full Time,2023-03-30,Mumbai,PhD,1.0,1954251.0,97712.55,Needs Improvement,Vikram Singh,Resigned,Married,12.0,5.0,25.0,Needs training
50246,Priya Patel,priya.patel2@company.com,9492874456,Male,1983-08-01,23.0,Sales,Operations Executive,Contract,2026-02-20,Mysuru,Master's,6.0,850430.0,0.0,Average,Priya Sharma,Inactive,Married,8.0,3.0,25.0,Needs training
50079,Kavya Joshi,kavya.joshi79@company.com,9951112968,Male,1966-02-12,18.0,Finance,Data Analyst,Part Time,2026-05-23,Delhi,Bachelor's,13.4,2040729.0,102036.45,Needs Improvement,Priya Sharma,Inactive,Married,1.0,5.0,40.0,Good performer
50843,Neha Singh,neha.singh25@company.com,9658545878,Male,2003-03-28,26.0,Operations,Financial Analyst,Full Time,2021-05-05,Hyderabad,PhD,9.2,1292968.0,0.0,Excellent,Rahul Rao,Active,Divorced,32.0,4.0,18.0,Good performer
50216,Amit Gowda,amit.gowda71@company.com,9864853781,Female,1976-04-04,29.0,Finance,Business Analyst,Contract,2019-03-07,Noida,Master's,3.7,1172473.0,117247.3,Good,Priya Sharma,On Leave,Single,4.0,5.0,25.0,Good performer
50375,Rohit Nair,rohit.nair65@company.com,9606514426,Other,2003-09-15,27.0,Sales,Software Engineer,Full Time,2023-06-05,Noida,PhD,0.8,10000000.0,148691.85,Needs Improvement,Sneha Patel,Inactive,Married,29.0,2.0,30.0,Good performer
50403,Rahul Rao,rahul.rao84@company.com,9987127381,Female,1986-11-08,32.0,Finance,Sales Executive,Intern,2021-09-28,Pune,Diploma,13.4,568345.0,113669.0,Good,Sneha Patel,Active,Married,27.0,2.0,26.0,Good performer
50197,Priya Kumar,priya.kumar21@company.com,9463893783,Other,1992-06-26,30.0,Operations,Marketing Analyst,Contract,2021-07-07,Mysuru,Diploma,16.0,1979344.0,395868.8,Good,Vikram Singh,Resigned,Married,24.0,3.0,10.0,Good performer
50389,Amit Patel,ananya.gowda96@company.com,9168058097,Female,2007-08-25,35.0,Finance,HR Executive,Contract,2019-06-05,Kolkata,Master's,15.0,603226.0,120645.2,Good,Anil Kumar,Resigned,Married,35.0,5.0,19.0,Good performer
50178,Neha Nair,neha.nair34@company.com,9206741674,Female,1972-11-18,38.0,IT,Business Analyst,Intern,2020-01-17,Bengaluru,Bachelor's,11.7,1289662.0,257932.4,Good,Meera Nair,RESIGN,Divorced,10.0,2.0,11.0,Needs training
50378,Rohit Patel,rohit.patel40@company.com,9406148252,Female,2001-10-08,21.0,Sales,Operations Executive,Full Time,2021-06-17,Chennai,Bachelor's,18.0,410620.0,82124.0,Good,Anil Kumar,Active,Single,5.0,1.0,11.0,Good performer
50986,Isha Joshi,isha.joshi17@company.com,9260879660,Other,1969-01-07,51.0,Finance,Account Executive,Part Time,2026-07-26,Delhi,PhD,2.9,1384577.0,207686.55,Excellent,Anil Kumar,On Leave,Married,0.0,3.0,21.0,Fast learner
50544,Akash Singh,akash.singh85@company.com,9986837203,Male,1977-02-27,46.0,IT,Data Analyst,Full Time,2022-12-28,Kolkata,Bachelor's,11.6,760954.0,152190.8,Good,Anil Kumar,On Leave,Married,35.0,3.0,40.0,Needs training
50060,Nikhil Sharma,nikhil.sharma72@company.com,9890015328,Male,1971-02-22,36.0,Customer Support,Software Engineer,Intern,2023-12-11,Hyderabad,Bachelor's,7.5,1988949.0,99447.45,Average,Meera Nair,Inactive,Divorced,25.0,1.0,4.0,Good performer
50979,Pooja Reddy,pooja.reddy53@company.com,9862045028,Male,1987-08-26,27.0,Procurement,Business Analyst,Contract,2026-06-25,Hyderabad,Master's,17.3,2059643.0,205964.3,Good,Meera Nair,On Leave,Divorced,1.0,4.0,4.0,Good performer
50561,Akash Das,akash.das60@company.com,9378086442,Female,1978-01-07,57.0,HR,Data Analyst,Contract,2020-02-27,Delhi,Bachelor's,9.2,1079013.0,161851.95,Excellent,Rahul Rao,Active,Single,25.0,1.0,9.0,Good performer
50413,Neha Verma,neha.verma26@company.com,9728701228,Other,2007-09-18,25.0,Sales,Operations Executive,Contract,2026-07-29,Hyderabad,Bachelor's,4.1,1959844.0,97992.2,Good,Vikram Singh,Resigned,Single,16.0,5.0,12.0,Good performer
50534,Sanjay Singh,sanjay.singh27@company.com,,Other,1971-09-28,65.0,Operations,Support Specialist,Intern,2020-08-08,Delhi,Bachelor's,60.0,1120599.0,0.0,Excellent,Priya Sharma,Resigned,Divorced,13.0,1.0,12.0,Fast learner
50401,Neha Reddy,neha.reddy51@company.com,9405219625,Female,2006-09-06,18.0,IT,HR Executive,Part Time,2020-06-06,Gurugram,PhD,7.2,1214636.0,182195.4,Average,Vikram Singh,Active,Divorced,15.0,5.0,15.0,Good performer
50226,Amit Gowda,amit.gowda61@company.com,9237193182,Other,1984-12-04,50.0,IT,Financial Analyst,Full Time,2024-06-03,Kolkata,Master's,0.7,1782574.0,89128.7,Average,Rahul Rao,Active,Married,6.0,1.0,7.0,Good performer
50625,Pooja Joshi,pooja.joshi92@company.com,9586871368,Female,1970-01-03,26.0,Operations,HR Executive,Full Time,2021-12-04,Noida,PhD,13.4,1654605.0,0.0,Excellent,Meera Nair,On Leave,Married,24.0,1.0,40.0,Good performer
51079,Nikhil Reddy,nikhil.reddy57@company.com,9619701923,Male,1989-02-01,23.0,Marketing,Data Analyst,Full Time,2024-05-25,Chennai,Master's,1.6,416982.0,83396.4,Average,Rahul Rao,On Leave,Single,22.0,3.0,3.0,Good performer
50950,Manish Singh,manish.singh88@company.com,9604102396,Male,2000-01-23,63.0,Sales,Operations Executive,Contract,2023-07-12,Mumbai,Master's,13.6,639066.0,0.0,Needs Improvement,Priya Sharma,On Leave,Single,33.0,3.0,13.0,Good performer
50462,Pooja Nair,pooja.nair57@company.com,9427716107,Male,1969-02-09,41.0,Marketing,Financial Analyst,Part Time,2023-07-24,Gurugram,Bachelor's,11.7,10000000.0,90398.0,Excellent,Anil Kumar,Active,Divorced,13.0,3.0,23.0,Fast learner
50099,Amit Patel,amit.patel91@company.com,9993055332,Female,1967-10-18,63.0,Sales,Data Analyst,Contract,2020-04-14,Kolkata,Bachelor's,6.6,1446977.0,115758.16,Needs Improvement,Rahul Rao,Inactive,Divorced,8.0,1.0,3.0,Fast learner
50946,Priya Mehta,priya.mehta66@company.com,9866716622,Male,2002-09-02,41.0,Customer Support,HR Executive,Part Time,2024-09-12,Chennai,Master's,9.5,1878292.0,93914.0,Good,Anil Kumar,Active,Married,16.0,3.0,30.0,Good performer
50852,Rahul Reddy,rahul.reddy23@company.com,9189876983,Female,2001-04-04,41.0,HR,Account Executive,Intern,2024-10-08,Mysuru,Master's,8.6,255162.0,51032.4,Good,Anil Kumar,On Leave,Single,28.0,5.0,22.0,Good performer
50181,Priya Patel,priya.patel19@company.com,9250253842,Male,1972-11-03,50.0,IT,Account Executive,Full Time,2021-01-03,Noida,Master's,0.3,1293172.0,129317.2,Average,Priya Sharma,Inactive,Divorced,2.0,2.0,21.0,Good performer
50797,Neha Verma,neha.verma89@company.com,9300755328,Other,1971-05-31,32.0,Sales,Operations Executive,Intern,2022-05-30,Chennai,Bachelor's,14.0,2089772.0,167181.76,Needs Improvement,Meera Nair,Inactive,Married,35.0,3.0,40.0,Fast learner
50747,Ananya Nair,ananya..nair5@company..com,9609896616,Female,1998-06-04,50.0,Operations,Operations Executive,Intern,2025-01-18,Kolkata,Bachelor's,16.5,569841.0,85476.15,Needs Improvement,Sneha Patel,Inactive,Divorced,10.0,3.0,17.0,Needs training
50597,Shreya Das,shreya.das16@company.com,9491194244,Male,1979-05-06,38.0,Operations,Business Analyst,Full Time,2023-03-02,Hyderabad,Bachelor's,0.4,1445222.0,0.0,Average,Vikram Singh,Resigned,Single,7.0,1.0,24.0,Fast learner
50822,Neha Kumar,neha.kumar71@company.com,9359181874,Female,1970-07-04,27.0,Sales,Operations Executive,Contract,2025-05-25,Mysuru,Diploma,15.1,1010679.0,90398.0,Average,Vikram Singh,On Leave,Divorced,27.0,4.0,3.0,Good performer
50054,Pooja Patel,pooja.patel58@company.com,9610644042,Female,1984-10-26,65.0,Marketing,Sales Executive,Intern,2024-08-01,Delhi,PhD,11.5,368643.0,90398.0,Good,Sneha Patel,Active,Married,10.0,1.0,9.0,Good performer
50267,Rahul Kumar,rahul.kumar6@company.com,9844219160,Male,2003-07-26,44.0,Finance,Business Analyst,Contract,2023-03-17,Chennai,Master's,8.9,906221.0,0.0,Average,Vikram Singh,On Leave,Divorced,8.0,1.0,10.0,Good performer
50881,Rahul Verma,rahul.verma45@company.com,9738781969,Female,1986-03-13,60.0,Operations,Support Specialist,Intern,2024-11-17,Bengaluru,PhD,3.9,1922487.0,96124.35,Good,Anil Kumar,Active,Married,11.0,2.0,8.0,Fast learner
50328,Divya Kumar,divya.kumar67@company.com,9278851555,Male,1971-10-24,20.0,Procurement,Financial Analyst,Full Time,2022-11-16,Gurugram,Diploma,11.0,10000000.0,90398.0,Average,Rahul Rao,Inactive,Single,25.0,1.0,18.0,Good performer
50628,Sanjay Nair,sanjay.nair48@company.com,9301889608,Other,1994-09-24,50.0,HR,Sales Executive,Intern,2019-08-21,Noida,PhD,6.7,2049582.0,163966.56,Average,Rahul Rao,Active,Single,11.0,1.0,42.0,Needs training
50256,Kiran Singh,kiran.singh87@company.com,9315822157,Female,1977-11-01,56.0,Customer Support,HR Executive,Intern,2023-05-01,Delhi,PhD,12.5,462219.0,46221.9,Excellent,Anil Kumar,Active,Married,11.0,5.0,25.0,Good performer
51040,Sneha Das,,9778179035,Male,1973-11-02,57.0,Customer Support,Software Engineer,Contract,2024-09-15,Mysuru,PhD,9.2,2177122.0,217712.2,Good,Priya Sharma,Active,Married,12.0,1.0,21.0,Good performer
50088,Nikhil Nair,,9601470731,Male,1966-10-10,32.0,HR,Operations Executive,Full Time,2022-02-04,Pune,Diploma,0.4,1980836.0,297125.4,Needs Improvement,Rahul Rao,Resigned,Single,26.0,1.0,21.0,Good performer
50323,Neha Singh,neha.singh41@company.com,9456255822,Male,1976-11-12,52.0,Procurement,Financial Analyst,Intern,2019-04-17,Kolkata,Bachelor's,2.9,2185592.0,437118.4,Excellent,Vikram Singh,Resigned,Single,5.0,4.0,10.0,Good performer
51103,Neha Joshi,neha.joshi78@company.com,9199729419,Male,1984-01-12,19.0,Marketing,Operations Executive,Contract,2023-06-27,Bengaluru,PhD,7.3,1191241.0,119124.1,Good,Sneha Patel,On Leave,Single,33.0,1.0,39.0,Fast learner
50777,Isha Singh,isha.singh79@company.com,9527609610,Female,1965-09-11,62.0,Marketing,Sales Executive,Full Time,2022-05-18,Mysuru,Bachelor's,7.8,2143664.0,171493.12,Good,Vikram Singh,Inactive,Married,7.0,1.0,10.0,Good performer
50635,Sanjay Das,sanjay.das42@company.com,9643025378,Female,1980-11-02,41.0,IT,Account Executive,internship,2024-02-12,Pune,Master's,8.3,457516.0,91503.2,Good,Meera Nair,On Leave,Divorced,7.0,1.0,7.0,Good performer
50281,Meera Reddy,meera.reddy78@company.com,9544702194,Female,2003-06-23,40.0,Sales,HR Executive,Contract,2023-03-12,Mysuru,Diploma,9.4,341165.0,51174.75,Excellent,Rahul Rao,Inactive,Single,7.0,3.0,9.0,Fast learner
51142,Amit Verma,,9322512469,Male,1999-12-27,59.0,Procurement,Account Executive,Contract,2021-09-28,Mysuru,Bachelor's,15.2,2167474.0,0.0,Good,Priya Sharma,On Leave,Married,17.0,2.0,25.0,Good performer
50563,Rohit Singh,rohit.singh81@company.com,9409875539,Female,1987-02-13,36.0,Procurement,Software Engineer,Contract,2025-07-11,Pune,Master's,11.8,1506751.0,150675.1,Average,Meera Nair,On Leave,Married,12.0,1.0,34.0,Fast learner
50865,Rahul Nair,rahul.nair76@company.com,9276174782,Other,1974-06-07,47.0,HR,Financial Analyst,Full Time,2021-06-16,Gurugram,PhD,10.0,533683.0,0.0,Excellent,Sneha Patel,Active,Married,18.0,2.0,21.0,Good performer
50134,Isha Rao,isha.rao87@company.com,9241117449,Other,1980-03-02,60.0,IT,Software Engineer,Part Time,2021-12-15,Delhi,Master's,17.7,1441663.0,115333.04,Excellent,Meera Nair,On Leave,Single,20.0,1.0,36.0,Good performer
50194,Divya Joshi,,9501057601,Male,1970-02-24,39.0,HR,Financial Analyst,Full Time,2022-05-23,Hyderabad,PhD,4.0,1104620.0,-5000.0,Average,Meera Nair,Resigned,Married,34.0,3.0,10.0,Needs training
50894,Arjun Reddy,arjun.reddy38@company.com,9487381336,Male,1988-10-21,20.0,Operations,Software Engineer,Intern,2024-04-16,Mysuru,Bachelor's,15.4,2060831.0,206083.1,Good,Anil Kumar,Resigned,Married,30.0,3.0,2.0,Good performer
50767,Kavya Singh,kavya.singh57@company.com,9383610058,Other,1996-04-18,39.0,Marketing,Marketing Analyst,Full Time,2020-05-29,Gurugram,Bachelor's,10.8,511302.0,76695.3,Needs Improvement,Sneha Patel,Resigned,Married,20.0,5.0,25.0,Good performer
50937,Ananya Kumar,ananya.kumar81@company.com,9174747984,Other,2006-03-30,60.0,Procurement,HR Executive,Contract,2019-07-28,Hyderabad,Master's,8.7,1674209.0,83710.45,Excellent,Anil Kumar,Active,Divorced,10.0,4.0,1.0,Good performer
50990,Kavya Verma,kavya.verma77@company.com,9227731941,Female,2006-09-16,45.0,Operations,Operations Executive,Part Time,2022-11-13,Mysuru,Bachelor's,11.6,1184154.0,0.0,Average,Sneha Patel,Resigned,Divorced,12.0,4.0,31.0,Needs training
51114,Manish Das,manish.das79@company.com,9600811300,Female,1986-02-16,37.0,Marketing,Software Engineer,Contract,2022-01-29,Delhi,Master's,1.3,2125156.0,90398.0,Average,Anil Kumar,On Leave,Divorced,32.0,3.0,21.0,Good performer
51121,Arjun Reddy,arjun.reddy47@company.com,9984271351,Other,1982-09-11,22.0,Operations,Data Analyst,Full Time,2023-01-16,Noida,Master's,12.7,311729.0,15586.45,Average,Anil Kumar,Resigned,Divorced,12.0,3.0,16.0,Fast learner
50490,Isha Gowda,isha.gowda69@company.com,9255361819,Male,1980-05-14,41.0,IT,Business Analyst,Contract,2024-11-04,Mumbai,Bachelor's,1.2,1876000.0,375200.0,Good,Rahul Rao,Resigned,Divorced,31.0,2.0,24.0,Good performer
50487,Manish Das,manish.das16@company.com,9160293704,Male,1997-03-08,56.0,Operations,Marketing Analyst,Full Time,2022-08-01,Mumbai,Master's,0.9,661488.0,132297.6,Excellent,Meera Nair,On Leave,Divorced,3.0,3.0,18.0,Good performer
50717,Arjun Mehta,arjun.mehta77@company.com,9467064595,Female,2007-08-15,50.0,Finance,Sales Executive,Part Time,2019-07-03,Pune,Bachelor's,17.8,1455214.0,291042.8,Average,Rahul Rao,Inactive,Single,9.0,2.0,1.0,Good performer
50555,Vivek Rao,vivek.rao85@company.com,9620680744,Other,1983-08-16,41.0,Marketing,Support Specialist,Intern,2026-03-28,Bengaluru,Diploma,9.8,2074857.0,207485.7,Excellent,Priya Sharma,On Leave,Divorced,4.0,4.0,25.0,Fast learner
50387,Neha Das,neha.das14@company.com,9549770687,Male,1970-07-06,23.0,Procurement,HR Executive,Full Time,2024-01-04,Mysuru,Bachelor's,11.6,1672418.0,133793.44,Good,Vikram Singh,Inactive,Single,30.0,3.0,15.0,Needs training
50904,Kavya Nair,kavya.nair20@company.com,9335568377,Male,1977-05-09,41.0,Customer Support,Software Engineer,Full Time,2024-12-15,Chennai,Diploma,0.6,658790.0,52703.2,Excellent,Sneha Patel,On Leave,Married,8.0,4.0,3.0,Good performer
50699,Arjun Kumar,,9512421791,Other,1997-07-09,41.0,Operations,Operations Executive,Part Time,2020-08-14,Noida,Bachelor's,3.9,893790.0,71503.2,Good,Rahul Rao,Inactive,Single,1.0,5.0,45.0,Good performer
51179,Kavya Singh,kavya.singh21@company.com,9453985584,Male,1969-04-18,31.0,Finance,Software Engineer,Full Time,2026-06-16,Delhi,PhD,17.8,2117652.0,423530.4,Average,Vikram Singh,Resigned,Single,21.0,5.0,23.0,Good performer
51130,Divya Joshi,divya.joshi99@company.com,9165814541,Female,2006-10-12,30.0,Sales,Software Engineer,Full Time,2025-11-28,Bengaluru,Diploma,8.6,301133.0,45169.95,Needs Improvement,Meera Nair,Active,Divorced,27.0,4.0,6.0,Fast learner
50105,Ananya Das,ananya.das14@company.com,9390441391,Male,1979-02-01,55.0,Operations,Data Analyst,Intern,2023-09-30,Mumbai,Bachelor's,13.1,717519.0,57401.52,Needs Improvement,Priya Sharma,Active,Married,9.0,5.0,44.0,Good performer
50073,Priya Sharma,priya.sharma99@company.com,9154625080,Male,1991-08-14,56.0,Finance,Support Specialist,Part Time,2020-03-19,Hyderabad,Bachelor's,9.2,1170479.0,0.0,Good,Anil Kumar,On Leave,Divorced,32.0,4.0,28.0,Good performer
50211,Divya Singh,divya.singh46@company.com,9456303774,Other,1970-07-22,57.0,Sales,Financial Analyst,Part Time,2020-06-06,Delhi,PhD,9.0,1729366.0,172936.6,Needs Improvement,Sneha Patel,On Leave,Married,23.0,3.0,18.0,Good performer
50514,Rohit Kumar,,9964350304,Other,1974-01-31,38.0,Procurement,Support Specialist,Contract,2022-05-04,Delhi,Diploma,13.1,968234.0,48411.7,Good,Anil Kumar,On Leave,Married,20.0,1.0,24.0,Needs training
50841,Ananya Joshi,ananya.joshi66@company.com,9909075724,Male,2008-09-30,21.0,Procurement,Financial Analyst,Full Time,2022-11-24,Pune,Master's,5.0,1924134.0,192413.4,Average,Anil Kumar,On Leave,Divorced,10.0,2.0,35.0,Fast learner
50752,Meera Patel,meera.patel89@company.com,,Female,1987-05-05,44.0,IT,Support Specialist,Intern,2023-02-01,Mumbai,Diploma,14.1,1343890.0,201583.5,Good,Sneha Patel,Inactive,Married,29.0,3.0,4.0,Good performer
51117,Kiran Joshi,kiran.joshi55@company.com,9995651545,Other,1997-01-21,41.0,Procurement,Account Executive,Full Time,2023-09-26,Hyderabad,Bachelor's,5.5,1484458.0,222668.7,Average,Rahul Rao,Resigned,Divorced,33.0,3.0,21.0,Needs training
50688,Sanjay Singh,sanjay.singh5@company.com,9455169697,Male,1995-09-15,34.0,Marketing,Data Analyst,Full Time,2023-03-10,Kolkata,PhD,4.2,932685.0,139902.75,Average,Meera Nair,On Leave,Single,12.0,5.0,41.0,Good performer
50055,Ananya Rao,ananya.rao14@company.com,9846102653,Male,1976-07-31,41.0,Marketing,Operations Executive,Full Time,2023-11-16,Mysuru,Diploma,5.7,1888137.0,283220.55,Average,Priya Sharma,Inactive,Divorced,26.0,3.0,2.0,Good performer
51002,Rohit Rao,rohit.rao31@company.com,9892245396,Female,2001-09-12,22.0,Customer Support,Sales Executive,Intern,2026-04-11,Kolkata,Diploma,9.8,1154001.0,230800.2,Average,Meera Nair,On Leave,Divorced,12.0,2.0,0.0,Needs training
51082,Meera Mehta,meera.mehta53@company.com,9178192953,Male,1965-05-12,33.0,Customer Support,Operations Executive,Full Time,2024-11-11,Delhi,Master's,10.3,1967620.0,0.0,Needs Improvement,Sneha Patel,On Leave,Divorced,100.0,1.0,25.0,Good performer
51027,Amit Patel,amit.patel6@company.com,,Female,1993-03-07,33.0,Marketing,Account Executive,Intern,2025-03-29,Noida,Master's,10.0,807346.0,121101.9,Needs Improvement,Anil Kumar,On Leave,Divorced,18.0,3.0,45.0,Good performer
51189,Divya Verma,divya.verma86@company.com,9193204867,Female,1995-11-14,30.0,Operations,Marketing Analyst,Full Time,2022-06-05,Mysuru,Diploma,6.5,672371.0,100855.65,Needs Improvement,Vikram Singh,On Leave,Married,13.0,2.0,32.0,Good performer
50466,Arjun Verma,arjun.verma54@company.com,9912839239,Male,2002-02-20,49.0,Procurement,Software Engineer,Intern,2024-04-06,Gurugram,Diploma,5.6,2014492.0,402898.4,Excellent,Meera Nair,On Leave,Married,27.0,1.0,34.0,Good performer
50279,Meera Verma,meera.verma99@company.com,9890181772,Male,1989-04-16,54.0,Customer Support,Operations Executive,Full Time,2021-01-08,Hyderabad,PhD,15.1,1436239.0,114899.12,Needs Improvement,Vikram Singh,Active,Married,2.0,3.0,34.0,Good performer
50081,Vivek Reddy,vivek.reddy25@company.com,9792857425,Female,2004-11-12,51.0,Finance,Support Specialist,Intern,2023-11-26,Bengaluru,Bachelor's,1.7,1769667.0,265450.05,Good,Meera Nair,Active,Single,6.0,2.0,33.0,Needs training
50858,Rohit Das,rohit.das68@company.com,9665089993,Female,1969-11-16,42.0,Marketing,Data Analyst,Part Time,2024-06-11,Gurugram,Diploma,2.5,1164070.5,90398.0,Good,Meera Nair,On Leave,Single,3.0,1.0,10.0,Fast learner
50886,Shreya Mehta,shreya.mehta89@company.com,9867458020,Female,1990-09-30,60.0,Customer Support,Support Specialist,Full Time,2023-11-16,Hyderabad,Master's,9.6,383442.0,30675.36,Excellent,Vikram Singh,On Leave,Married,7.0,2.0,6.0,Good performer
51075,Nikhil Singh,nikhil.singh78@company.com,9994692614,Male,1986-04-08,31.0,Finance,Account Executive,Intern,2026-02-06,Kolkata,Bachelor's,8.3,285755.0,14287.75,Average,Anil Kumar,Active,Married,25.0,2.0,19.0,Good performer
50568,Pooja Nair,pooja.nair78@company.com,9224329439,Other,1994-10-23,49.0,HR,Business Analyst,Part Time,2022-04-20,Kolkata,Bachelor's,4.5,1084153.0,90398.0,Good,Rahul Rao,Inactive,Single,23.0,2.0,7.0,Good performer
50363,Rohit Das,rohit.das49@company.com,9758415230,Other,1998-08-19,61.0,Marketing,Support Specialist,Contract,2023-07-03,Noida,Bachelor's,17.1,500627.0,50062.7,Average,Meera Nair,On Leave,Single,31.0,1.0,8.0,Good performer
50783,Isha Sharma,isha.sharma99@company.com,9737902712,Other,1973-10-30,31.0,Finance,HR Executive,Part Time,2020-11-28,Noida,PhD,11.7,1995296.0,299294.4,Good,Rahul Rao,On Leave,Single,3.0,5.0,18.0,Good performer
50435,Pooja Mehta,pooja.mehta50@company.com,9724744106,Female,1999-08-06,31.0,Sales,Marketing Analyst,Contract,2021-04-18,Hyderabad,Master's,3.6,1303502.0,0.0,Good,Sneha Patel,Resigned,Married,10.0,3.0,27.0,Good performer
50528,Meera Nair,meera.nair54@company.com,9770133907,Female,2007-06-05,49.0,Procurement,Marketing Analyst,Full Time,2025-10-16,Mysuru,Bachelor's,3.1,883634.0,132545.1,Needs Improvement,Anil Kumar,Active,Married,14.0,3.0,3.0,Good performer
50225,Neha Mehta,neha.mehta47@company.com,9478133378,Other,1997-06-25,24.0,Customer Service,Operations Executive,Part Time,2020-03-02,Mysuru,Bachelor's,7.3,476048.0,23802.4,Good,Vikram Singh,Resigned,Divorced,22.0,2.0,8.0,Good performer
50190,Divya Rao,divya.rao26@company.com,9317716794,Male,1983-12-29,55.0,IT,HR Executive,Full Time,2021-11-09,Hyderabad,Bachelor's,4.7,827994.0,66239.52,Excellent,Sneha Patel,Inactive,Married,31.0,2.0,0.0,Good performer
50313,Divya Kumar,divya.kumar46@company.com,9150323043,Female,2008-09-22,61.0,HR,Account Executive,Intern,2020-09-15,Hyderabad,Master's,17.0,1622320.0,129785.6,Excellent,Rahul Rao,Active,Single,26.0,1.0,11.0,Fast learner
50823,Ananya Kumar,ananya.kumar71@company.com,9449315846,Male,2000-01-14,53.0,Marketing,Account Executive,Intern,2019-06-03,Chennai,Diploma,11.2,1866688.0,280003.2,Needs Improvement,Anil Kumar,Resigned,Divorced,3.0,4.0,44.0,Good performer
50446,Kiran Verma,kiran.verma12@company.com,9353638237,Male,2001-08-20,46.0,Operations,Business Analyst,Part Time,2019-11-24,Delhi,Master's,5.5,538703.0,107740.6,Needs Improvement,Meera Nair,On Leave,Divorced,20.0,3.0,17.0,Fast learner
50581,Manish Sharma,manish.sharma1@company.com,9155110076,Other,1983-08-17,25.0,Customer Support,Software Engineer,Full Time,2019-04-26,Pune,Diploma,4.9,1425305.0,0.0,Needs Improvement,Rahul Rao,Resigned,Married,22.0,2.0,2.0,Good performer
51091,Amit Das,amit.das19@company.com,9995334100,Male,1985-02-24,30.0,Sales,Account Executive,Full Time,2024-12-04,Delhi,PhD,15.8,1562223.0,78111.15,Average,Anil Kumar,On Leave,Divorced,1.0,5.0,9.0,Needs training
50137,Manish Verma,manish.verma5@company.com,9843261814,Female,1986-09-23,18.0,Marketing,Sales Executive,Part Time,2025-01-31,Hyderabad,Master's,0.6,412953.0,82590.6,Good,Anil Kumar,Resigned,Married,17.0,4.0,31.0,Good performer
50100,Meera Rao,meera.rao81@company.com,9755312700,Male,1990-08-22,59.0,IT,Business Analyst,Full Time,,Chennai,Diploma,4.5,2030184.0,90398.0,Average,Priya Sharma,Inactive,Married,14.0,2.0,41.0,Good performer
50981,Kavya Rao,kavya.rao24@company.com,9204422512,Male,2002-10-09,55.0,Finance,Data Analyst,Intern,2022-03-04,Gurugram,Diploma,7.3,1412597.0,141259.7,Good,Rahul Rao,Inactive,Single,31.0,1.0,11.0,Needs training
50169,Sneha Verma,sneha.verma34@company.com,9195042710,Other,1998-08-24,41.0,Operations,Account Executive,Intern,2023-09-01,Mysuru,Bachelor's,60.0,1402429.0,140242.9,Average,Vikram Singh,Active,Divorced,31.0,5.0,21.0,Good performer
50424,Isha Sharma,isha.sharma67@company.com,9240085867,Male,1980-02-10,49.0,IT,Data Analyst,Part Time,2024-05-19,Delhi,Master's,16.6,536659.0,42932.72,Excellent,Priya Sharma,Active,Divorced,11.0,5.0,33.0,Needs training
50463,Amit Gowda,amit.gowda36@company.com,9766208806,Male,2008-08-10,24.0,IT,HR Executive,Part Time,2021-10-24,Chennai,Master's,16.2,1100033.0,220006.6,Good,Priya Sharma,Active,Single,35.0,4.0,11.0,Good performer
50550,Vivek Gowda,vivek.gowda62@company.com,9880902767,Other,1981-04-23,27.0,Marketing,Operations Executive,Intern,2019-02-03,Chennai,Master's,10.9,584595.0,87689.25,Average,Vikram Singh,On Leave,Single,4.0,4.0,26.0,Good performer
50287,Akash Kumar,akash.kumar34@company.com,9203444004,Other,1980-08-19,53.0,Operations,Account Executive,Contract,2022-12-23,Pune,PhD,5.3,520800.0,26040.0,Good,Meera Nair,Active,Single,17.0,3.0,10.0,Needs training
50215,Nikhil Nair,nikhil.nair37@company.com,9437302614,Male,1973-04-15,23.0,Finance,Support Specialist,Part Time,2021-03-26,Bengaluru,Master's,0.5,760437.0,38021.85,Good,Priya Sharma,On Leave,Married,3.0,5.0,28.0,Needs training
50262,Isha Mehta,isha.mehta15@company.com,9227048425,Other,2007-05-31,38.0,Sales,Business Analyst,Contract,2023-08-28,Chennai,Bachelor's,9.2,997853.0,199570.6,Average,Anil Kumar,Active,Married,17.0,3.0,41.0,Needs training
50698,Amit Patel,amit.patel81@company.com,9175999258,Male,1994-10-27,63.0,Marketing,HR Executive,Intern,2026-05-29,Mumbai,Master's,14.8,2165114.0,433022.8,Excellent,Sneha Patel,On Leave,Single,20.0,4.0,35.0,Needs training
50139,Nikhil Sharma,nikhil.sharma21@company.com,9188665397,Male,1966-06-08,58.0,Sales,Operations Executive,Full Time,2020-01-08,Kolkata,Bachelor's,2.7,1164070.5,0.0,Average,Rahul Rao,Inactive,Divorced,9.0,5.0,8.0,Good performer
50925,Kiran Singh,kiran.singh14@company.com,9156991725,Other,2006-05-12,48.0,Marketing,Marketing Analyst,Full Time,2023-11-30,Bengaluru,PhD,1.1,470770.0,23538.5,Average,Priya Sharma,Inactive,Divorced,32.0,3.0,22.0,Good performer
51038,Amit Reddy,amit.reddy91@company.com,9343854449,Male,1993-04-19,30.0,IT,Marketing Analyst,Intern,2021-03-01,Mysuru,PhD,15.3,25000000.0,25325.9,Excellent,Anil Kumar,Inactive,Married,18.0,4.0,29.0,Good performer
50663,Kavya Patel,kavya.patel85@company.com,9706406623,Female,1997-12-20,53.0,IT,Support Specialist,Part Time,,Delhi,Diploma,15.2,596254.0,0.0,Needs Improvement,Rahul Rao,On Leave,Single,25.0,4.0,42.0,Fast learner
50241,Sneha Gowda,sneha.gowda84@company.com,9723878440,Female,1971-02-05,65.0,Operations,Data Analyst,Full Time,2020-02-05,Noida,Master's,1.8,835921.0,167184.2,Excellent,Priya Sharma,On Leave,Divorced,4.0,2.0,35.0,Good performer
50803,Isha Das,isha.das38@company.com,9563253369,Male,2006-12-05,48.0,Sales,Software Engineer,Full Time,2019-07-23,Delhi,Bachelor's,13.6,412620.0,82524.0,Average,Anil Kumar,Active,Married,6.0,2.0,0.0,Needs training
50649,Shreya Mehta,shreya.mehta50@company.com,9560846697,Other,1994-05-05,48.0,Sales,Sales Executive,Full Time,,Delhi,Bachelor's,10.0,2042066.0,204206.6,Excellent,Anil Kumar,Resigned,Married,12.0,5.0,21.0,Needs training
50245,Manish Nair,manish.nair11@company.com,9320765017,Other,1968-07-15,58.0,Information Technology,Operations Executive,Full Time,2020-09-26,Pune,PhD,11.5,427454.0,64118.1,Excellent,Priya Sharma,Resigned,Divorced,17.0,1.0,12.0,Needs training
50358,Rahul Rao,rahul.rao78@company.com,9981933817,Male,2007-05-03,19.0,Sales,Account Executive,Contract,2021-08-11,Chennai,Bachelor's,18.0,1272201.0,127220.1,Good,Sneha Patel,Active,Single,31.0,4.0,24.0,Good performer
50632,Pooja Verma,pooja.verma10@company.com,9737439382,Other,1998-11-23,41.0,Marketing,Financial Analyst,Intern,2022-08-18,Noida,Master's,11.7,545239.0,27261.95,Excellent,Priya Sharma,Active,Single,21.0,5.0,45.0,Fast learner
50042,Kiran Reddy,kiran.reddy5@company.com,9334668745,Other,1968-10-17,58.0,Marketing,Support Specialist,Full Time,2021-11-11,Pune,PhD,15.1,591547.0,88732.05,Excellent,Priya Sharma,Resigned,Single,18.0,1.0,10.0,Good performer
50004,Pooja Gowda,pooja.gowda30@company.com,9231010732,Other,1971-05-23,62.0,Operations,Support Specialist,Contract,2024-05-28,Gurugram,PhD,12.1,2094524.0,167561.92,Needs Improvement,Sneha Patel,Resigned,Single,18.0,3.0,0.0,Good performer
50035,Pooja Gowda,pooja.gowda27@company.com,9431471940,Other,2003-05-29,65.0,Procurement,Business Analyst,Intern,2023-01-27,Mysuru,Master's,13.3,1718581.0,0.0,Excellent,Rahul Rao,Inactive,Single,11.0,2.0,41.0,Good performer
50236,Priya Singh,priya.singh81@company.com,9309235939,Other,1973-08-17,28.0,HR,Financial Analyst,Intern,2019-04-21,Kolkata,PhD,16.8,1758383.0,175838.3,Needs Improvement,Meera Nair,Inactive,Married,7.0,1.0,8.0,Fast learner
50615,Arjun Rao,arjun..rao69@company..com,9190304653,Male,1983-05-10,42.0,Marketing,Software Engineer,Intern,2020-05-27,Delhi,Bachelor's,3.5,1267940.0,101435.2,Needs Improvement,Anil Kumar,Inactive,Divorced,9.0,2.0,30.0,Good performer
50110,Sanjay Verma,sanjay.verma63@company.com,9601366923,Other,1966-11-27,39.0,IT,Software Engineer,Intern,2024-04-30,Mysuru,Bachelor's,0.5,1949483.0,194948.3,Good,Vikram Singh,Inactive,Divorced,33.0,2.0,8.0,Good performer
50897,Meera Das,meera.das53@company.com,9892224391,Other,1993-11-14,49.0,Customer Support,HR Executive,Intern,2025-03-20,Bengaluru,PhD,16.0,2107197.0,0.0,Good,Vikram Singh,Resigned,Married,13.0,3.0,8.0,Needs training
50622,Neha Nair,neha.nair49@company.com,9136435569,Female,2006-06-06,27.0,Sales,Operations Executive,Full Time,2021-12-10,Gurugram,PhD,9.0,1507040.0,226056.0,Average,Anil Kumar,Inactive,Divorced,29.0,2.0,44.0,Needs training
51102,Arjun Singh,arjun.singh70@company.com,9996871015,Female,1992-03-27,54.0,Procurement,Software Engineer,Contract,2019-07-17,Bengaluru,Diploma,7.3,1294818.0,64740.9,Good,Sneha Patel,Resigned,Single,11.0,2.0,22.0,Good performer
50348,Sneha Das,sneha.das41@company.com,9672215711,Male,1989-08-13,47.0,Marketing,Operations Executive,Part Time,2023-01-12,Mysuru,Diploma,4.3,890864.0,178172.8,Needs Improvement,Priya Sharma,Inactive,Married,26.0,5.0,34.0,Good performer
50863,Arjun Sharma,arjun.sharma59@company.com,9538194822,Other,1995-08-27,42.0,Finance,HR Executive,Full Time,2022-02-17,Noida,Master's,15.6,1960334.0,294050.1,Good,Vikram Singh,Active,Married,17.0,2.0,26.0,Good performer
50696,Divya Patel,divya.patel11@company.com,9895179998,Other,1969-02-22,33.0,Operations,Financial Analyst,Full Time,2021-12-09,Mysuru,Bachelor's,15.9,1944444.0,155555.52,Average,Meera Nair,Active,Married,14.0,2.0,37.0,Good performer
50588,Ananya Sharma,ananya.sharma55@company.com,9363645061,Other,2005-11-23,49.0,Marketing,Business Analyst,Intern,2023-07-19,Pune,Diploma,3.3,736011.0,110401.65,Excellent,Rahul Rao,Resigned,Single,7.0,1.0,34.0,Good performer
50290,Nikhil Mehta,nikhil.mehta48@company.com,9975823449,Female,1977-02-11,30.0,HR,Business Analyst,Intern,2026-05-09,Chennai,Bachelor's,18.0,25000000.0,0.0,Needs Improvement,Priya Sharma,Active,Married,21.0,1.0,0.0,Good performer
51093,Neha Patel,neha.patel53@company.com,9984508156,Male,1970-03-05,42.0,Sales,Data Analyst,Part Time,2021-10-11,Chennai,Master's,6.4,1082914.0,0.0,Average,Anil Kumar,Active,Single,15.0,1.0,43.0,Good performer
50394,Rohit Gowda,rohit.gowda83@company.com,9492550648,Female,2001-03-19,47.0,Procurement,Marketing Analyst,Part Time,2020-01-20,Delhi,PhD,15.6,963551.0,96355.1,Excellent,Priya Sharma,On Leave,Married,23.0,2.0,6.0,Good performer
50255,Nikhil Reddy,nikhil.reddy34@company.com,9786128180,Male,1978-09-11,64.0,HR,Account Executive,Part Time,2021-03-16,Kolkata,Diploma,6.6,1640645.0,246096.75,Average,Priya Sharma,Resigned,Married,34.0,5.0,38.0,Good performer
50272,Divya Singh,divya.singh19@company.com,9804434069,Female,1988-05-30,24.0,HR,Business Analyst,Part Time,2022-11-14,Kolkata,Bachelor's,0.5,503449.0,40275.92,Needs Improvement,Anil Kumar,Inactive,Single,35.0,1.0,29.0,Good performer
50992,Pooja Patel,pooja.patel58@company.com,9115341350,Other,1967-09-01,48.0,Human Resources,HR Executive,Part Time,2023-10-09,Gurugram,Bachelor's,50.0,1291905.0,258381.0,Excellent,Vikram Singh,Resigned,Divorced,25.0,3.0,35.0,Good performer
50875,Amit Kumar,amit.kumar67@company.com,9236920478,Female,1970-10-18,52.0,Customer Support,Business Analyst,Part Time,2021-07-22,Mumbai,Bachelor's,7.7,331597.0,49739.55,Excellent,Priya Sharma,Inactive,Divorced,9.0,3.0,14.0,Good performer
51048,Kiran Nair,kiran.nair76@company.com,9519617931,Female,1984-11-06,38.0,Procurement,Operations Executive,Contract,2019-07-12,Delhi,Diploma,1.7,293963.0,58792.0,Excellent,Priya Sharma,Active,Married,17.0,5.0,10.0,Good performer
50658,Divya Rao,divya.rao4@company.com,9812583465,Other,1994-06-24,41.0,Procurement,Support Specialist,Contract,2024-02-10,Hyderabad,Diploma,10.6,705960.0,0.0,Average,Meera Nair,Resigned,Divorced,29.0,5.0,37.0,Needs training
51136,Rahul Mehta,rahul.mehta53@company.com,9615101561,Male,1990-12-20,24.0,HR,Support Specialist,Full Time,2022-09-13,Mumbai,PhD,12.5,1414497.0,90398.0,Average,Priya Sharma,Resigned,Single,28.0,2.0,5.0,Fast learner
50859,Ananya Kumar,ananya.kumar88@company.com,9167315156,Female,2003-05-06,20.0,Marketing,Account Executive,Part Time,2025-09-02,Pune,Bachelor's,13.5,1116051.0,223210.2,Needs Improvement,Rahul Rao,On Leave,Single,7.0,4.0,10.0,Good performer
50386,Rohit Verma,rohit.verma60@company.com,9812237466,Male,2000-04-29,52.0,IT,Software Engineer,Intern,2026-06-23,Hyderabad,PhD,0.9,1270310.0,101624.8,Average,Priya Sharma,Inactive,Married,31.0,3.0,44.0,Good performer
51026,Sanjay Rao,sanjay.rao40@company.com,9582334223,Other,2005-01-21,65.0,Sales,Business Analyst,Part Time,2020-01-21,Kolkata,Bachelor's,14.3,2171906.0,325785.9,Average,Meera Nair,On Leave,Divorced,35.0,3.0,29.0,Good performer
51035,Rohit Das,rohit.das84@company.com,9653606412,Male,1974-02-21,31.0,Sales,Software Engineer,Full Time,2023-01-11,Kolkata,PhD,9.2,1883130.0,150650.4,Excellent,Meera Nair,Active,Married,12.0,2.0,1.0,Needs training
50921,Akash Mehta,akash.mehta69@company.com,9863978157,Female,1970-08-09,54.0,Procurement,HR Executive,Part Time,2023-04-11,Kolkata,Master's,1.0,604643.0,0.0,Average,Rahul Rao,On Leave,Married,12.0,1.0,39.0,Good performer
50604,Kiran Nair,kiran.nair14@company.com,9998077954,Male,2001-11-13,57.0,IT,Data Analyst,Contract,2025-05-06,Chennai,Master's,1.3,427560.0,42756.0,Excellent,Rahul Rao,Resigned,Married,28.0,2.0,36.0,Needs training
51043,Rohit Mehta,rohit.mehta48@company.com,9293342701,Female,1989-12-28,0.0,Procurement,Software Engineer,Part Time,2025-04-13,Pune,Diploma,3.3,734916.0,110237.4,Good,Priya Sharma,On Leave,Divorced,4.0,1.0,15.0,Good performer
50364,Meera Mehta,meera.mehta89@company.com,9135280717,Female,1979-03-18,63.0,Marketing,Support Specialist,Part Time,2024-04-06,Delhi,PhD,13.8,1536370.0,0.0,Excellent,Anil Kumar,Active,Divorced,21.0,2.0,5.0,Good performer
50008,Ananya Mehta,ananya.mehta54@company.com,9817855328,Male,1987-08-23,41.0,IT,Business Analyst,Intern,2022-04-05,Kolkata,Master's,9.4,417069.0,20853.45,Needs Improvement,Anil Kumar,Active,Married,4.0,3.0,22.0,Needs training
51036,Manish Sharma,manish.sharma72@company.com,9336644165,Other,1970-03-13,64.0,IT,Account Executive,Intern,2020-12-02,Noida,PhD,16.1,1014544.0,0.0,Good,Vikram Singh,Resigned,Divorced,10.0,1.0,40.0,Good performer
50900,Kavya Verma,kavya.verma76@company.com,9699815258,Other,1967-01-15,0.0,Sales,Software Engineer,Part Time,2025-12-03,Bengaluru,Diploma,13.7,759087.0,37954.35,Excellent,Priya Sharma,Inactive,Divorced,27.0,4.0,10.0,Fast learner
50694,Kiran Sharma,kiran.sharma55@company.com,9481242826,Male,2007-12-28,50.0,HR,Sales Executive,Full Time,2020-05-21,Mysuru,Bachelor's,17.7,309877.0,46481.55,Average,Vikram Singh,Inactive,Single,33.0,2.0,13.0,Needs training
50970,Neha Sharma,neha.sharma7@company.com,9424313584,Other,1965-09-22,46.0,HR,Sales Executive,Contract,2022-09-06,Bengaluru,Bachelor's,12.0,417259.0,0.0,Needs Improvement,Rahul Rao,Active,Divorced,32.0,4.0,34.0,Good performer
50723,Neha Mehta,neha.mehta93@company.com,9768082820,Female,1991-09-19,60.0,Operations,Software Engineer,Part Time,2022-11-19,Pune,Master's,10.4,681931.0,68193.1,Excellent,Anil Kumar,On Leave,Single,35.0,5.0,25.0,Good performer
50266,Meera Joshi,,9362502195,Other,2001-04-20,53.0,Customer Support,Operations Executive,Full Time,2024-04-29,Noida,PhD,7.6,1191276.0,238255.2,Average,Meera Nair,Active,Married,34.0,4.0,20.0,Fast learner
51135,Divya Gowda,divya.gowda61@company.com,9896475656,Female,2000-01-24,59.0,Marketing,Sales Executive,Full Time,2020-02-29,Gurugram,Diploma,5.9,1069421.0,106942.1,Needs Improvement,Meera Nair,Active,Married,15.0,4.0,0.0,Good performer
50504,Sanjay Gowda,sanjay.gowda11@company.com,9563254298,Female,2004-07-12,26.0,Customer Service,Support Specialist,Part Time,2021-12-01,Chennai,Master's,7.2,2125380.0,106269.0,Average,Meera Nair,Inactive,Married,7.0,1.0,2.0,Good performer
51105,Rahul Reddy,rahul.reddy38@company.com,9374269010,Male,1997-02-26,33.0,Customer Support,Business Analyst,Intern,2021-07-10,Mumbai,PhD,12.6,1438393.0,143839.3,Good,Priya Sharma,Resigned,Divorced,31.0,1.0,29.0,Good performer
50422,Nikhil Mehta,nikhil.mehta36@company.com,9877931431,Male,2003-11-24,65.0,HR,Account Executive,Intern,2024-07-23,Gurugram,Bachelor's,5.9,707683.0,141536.0,Needs Improvement,Anil Kumar,Inactive,Married,15.0,1.0,35.0,Good performer
50603,Priya Gowda,priya.gowda38@company.com,,Other,1974-07-24,22.0,IT,Software Engineer,Part Time,2025-12-30,Mumbai,Diploma,9.2,1975952.0,296392.8,Excellent,Vikram Singh,Inactive,Married,22.0,2.0,11.0,Fast learner
50972,Neha Patel,neha.patel10@company.com,9847312106,Female,1978-10-13,28.0,HR,Business Analyst,Intern,2023-09-23,Mysuru,Diploma,16.9,1223503.0,0.0,Excellent,Priya Sharma,Resigned,Married,9.0,1.0,23.0,Good performer
51022,Sanjay Sharma,sanjay.sharma49@company.com,9818701085,Other,1980-01-30,24.0,Sales,Sales Executive,Part Time,2024-12-01,Mysuru,Bachelor's,17.9,1564398.0,312879.6,Excellent,Rahul Rao,Inactive,Divorced,9.0,4.0,15.0,Fast learner
50510,Ananya Mehta,ananya.mehta34@company.com,9561724238,Male,1994-08-07,18.0,Human Resources,Business Analyst,Part Time,2023-05-30,Mysuru,Bachelor's,4.2,1406127.0,0.0,Needs Improvement,Priya Sharma,Resigned,Divorced,2.0,1.0,42.0,Good performer
50683,Rahul Nair,rahul.nair22@company.com,9509016054,Other,1975-02-11,18.0,Marketing,Sales Executive,Contract,2024-12-09,Mumbai,Diploma,50.0,1564434.0,125154.72,Excellent,Sneha Patel,Active,Divorced,4.0,3.0,6.0,Good performer
50836,Sanjay Gowda,sanjay.gowda79@company.com,,Other,2000-02-10,64.0,Customer Support,Sales Executive,Intern,2023-07-24,Bengaluru,PhD,12.9,1087037.0,86962.96,Excellent,Anil Kumar,Active,Single,21.0,3.0,14.0,Good performer
50150,Vivek Sharma,vivek.sharma73@company.com,9866723401,Male,1977-06-17,59.0,Marketing,HR Executive,Full Time,2023-03-13,Hyderabad,Bachelor's,0.1,536807.0,107361.4,Good,Sneha Patel,On Leave,Divorced,17.0,1.0,40.0,Good performer
50648,Rahul Rao,rahul.rao15@company.com,9260836536,Male,2005-08-24,47.0,HR,Operations Executive,Full Time,2023-11-21,Delhi,Diploma,7.0,761326.0,38066.3,Excellent,Anil Kumar,On Leave,Single,19.0,3.0,6.0,Fast learner
50141,Priya Singh,,9644120532,Other,1972-07-20,33.0,Finance,Support Specialist,Full Time,2022-10-14,Kolkata,Master's,3.7,1849904.0,277485.6,Good,Vikram Singh,Active,Single,2.0,1.0,10.0,Good performer
50445,Rohit Joshi,rohit.joshi59@company.com,9557000739,Other,1985-03-13,35.0,HR,Sales Executive,Contract,2019-06-29,Mumbai,Diploma,4.8,1973943.0,0.0,Good,Priya Sharma,Resigned,Divorced,7.0,5.0,30.0,Needs training
51168,Ananya Sharma,ananya.sharma84@company.com,9369648752,Female,1966-05-13,35.0,Marketing,Support Specialist,Part Time,2019-01-10,Pune,Master's,45.0,601613.0,48129.04,Excellent,Priya Sharma,Resigned,Divorced,2.0,1.0,6.0,Needs training
50065,Sanjay Rao,sanjay.rao7@company.com,9172950227,Female,1978-05-25,45.0,Marketing,HR Executive,Part Time,2020-06-20,Gurugram,Bachelor's,0.5,1712339.0,136987.12,Good,Anil Kumar,On Leave,Single,16.0,4.0,33.0,Good performer
50726,Vivek Kumar,vivek.kumar8@company.com,9497022181,Female,1992-04-17,56.0,Procurement,Operations Executive,Full Time,2020-04-17,Hyderabad,PhD,14.9,1079818.0,215963.6,Excellent,Vikram Singh,Active,Married,33.0,3.0,21.0,Good performer
50789,Divya Das,divya.das64@company.com,9721953456,Other,1995-01-21,59.0,IT,Sales Executive,Intern,2019-05-28,Pune,Master's,1.3,786248.0,0.0,Average,Sneha Patel,Active,Divorced,100.0,3.0,42.0,Good performer
51126,Kiran Nair,kiran.nair37@company.com,9889815661,Female,1984-12-18,19.0,Procurement,Sales Executive,Contract,2023-06-19,Hyderabad,Diploma,1.4,504592.0,100918.4,Good,Vikram Singh,Inactive,Married,6.0,2.0,14.0,Needs training
50818,Sneha Singh,sneha.singh40@company.com,9495735054,Female,1988-10-11,62.0,HR,Data Analyst,Intern,2019-04-12,Pune,PhD,13.9,806838.0,40341.9,Excellent,Priya Sharma,On Leave,Single,18.0,1.0,42.0,Good performer
50721,Akash Singh,akash.singh11@company.com,9132982738,Female,1982-06-02,48.0,Marketing,Financial Analyst,Contract,2024-10-04,Delhi,Master's,13.8,923481.0,0.0,Average,Priya Sharma,On Leave,Divorced,28.0,5.0,20.0,Fast learner
50709,Arjun Gowda,arjun.gowda17@company.com,9743045697,Male,1968-01-30,38.0,Finance,Operations Executive,Full Time,2022-07-23,Chennai,Bachelor's,2.7,1436916.0,114953.28,Average,Vikram Singh,On Leave,Married,1.0,2.0,5.0,Good performer
50739,Shreya Joshi,shreya.joshi7@company.com,9103334129,Other,1992-08-27,45.0,IT,HR Executive,Full Time,2020-10-21,Bengaluru,Bachelor's,10.5,324485.0,16224.25,Average,Priya Sharma,Inactive,Married,0.0,3.0,34.0,Good performer
50039,Ananya Verma,ananya.verma20@company.com,9429673845,Female,1970-05-15,33.0,Operations,Support Specialist,Part Time,2022-10-03,Kolkata,Master's,9.3,1744154.0,139532.32,Needs Improvement,Anil Kumar,Resigned,Single,11.0,4.0,12.0,Good performer
50449,Sneha Patel,sneha.patel3@company.com,9611139234,Female,1979-10-09,21.0,IT,Data Analyst,Intern,2020-03-10,Gurugram,PhD,17.6,615533.0,49242.64,Needs Improvement,Meera Nair,Active,Single,19.0,5.0,24.0,Fast learner
51133,Isha Gowda,isha.gowda45@company.com,9454720890,Male,1968-09-30,33.0,Sales,Software Engineer,Intern,2023-10-16,Kolkata,Bachelor's,7.7,479064.0,0.0,Good,Anil Kumar,Active,Divorced,12.0,5.0,27.0,Good performer
50383,Rohit Joshi,rohit..joshi56@company..com,9542971883,Female,1989-03-09,35.0,IT,Operations Executive,Part Time,2019-08-10,Pune,Diploma,3.9,598317.0,29915.85,Good,Anil Kumar,Resigned,Married,17.0,5.0,39.0,Good performer
50775,Sneha Mehta,sneha.mehta25@company.com,9147649904,Female,1976-10-07,33.0,HR,Financial Analyst,Contract,2020-11-13,Mumbai,Bachelor's,45.0,983466.0,98346.6,Needs Improvement,Rahul Rao,On Leave,Single,0.0,1.0,24.0,Good performer
51007,Manish Patel,manish.patel27@company.com,9193077172,Male,1991-01-13,39.0,Marketing,Software Engineer,Part Time,2023-11-19,Pune,PhD,14.0,1451467.0,290293.4,Excellent,Anil Kumar,Inactive,Married,1.0,5.0,32.0,Good performer
50159,Amit Patel,meera.reddy99@company.com,9957891167,Other,1993-12-10,61.0,Finance,Software Engineer,Part Time,2020-11-30,Hyderabad,Diploma,10.5,1926995.0,289049.25,Good,Meera Nair,Inactive,Single,24.0,5.0,13.0,Good performer
50217,Rahul Singh,rahul.singh46@company.com,9625582742,Female,1977-03-02,41.0,Customer Support,Business Analyst,Contract,2019-02-20,Chennai,PhD,1.1,831786.0,83178.6,Needs Improvement,Sneha Patel,Active,Married,29.0,4.0,16.0,Good performer
50400,Manish Joshi,manish.joshi54@company.com,9537366040,Other,1988-04-13,55.0,Sales,Financial Analyst,Contract,2023-10-10,Mysuru,Diploma,15.6,740029.0,148005.8,Average,Meera Nair,Active,Divorced,18.0,5.0,12.0,Good performer
50012,Akash Das,akash.das86@company.com,9295905761,Male,1979-10-28,40.0,Finance,Software Engineer,Part Time,2023-07-30,Mumbai,Diploma,10.0,1383073.0,207460.95,Good,Vikram Singh,On Leave,Divorced,17.0,5.0,8.0,Good performer
50013,Kiran Patel,kiran.patel14@company.com,9835027062,Male,2007-11-01,40.0,Finance,Marketing Analyst,Contract,2023-11-22,Chennai,Bachelor's,5.2,599189.0,47935.12,Good,Rahul Rao,On Leave,Single,0.0,4.0,16.0,Good performer
50046,Vivek Sharma,,9505058726,Male,1994-03-04,41.0,Finance,Data Analyst,Full Time,2021-10-30,Bengaluru,Diploma,16.6,739108.0,90398.0,Needs Improvement,Vikram Singh,Active,Single,100.0,2.0,38.0,Good performer
50471,Priya Reddy,priya.reddy61@company.com,9438962532,Female,1966-02-21,31.0,HR,Account Executive,Part Time,2026-02-11,Hyderabad,Diploma,11.0,1809858.0,361971.6,Excellent,Vikram Singh,Inactive,Single,0.0,4.0,34.0,Needs training
50980,Isha Joshi,isha.joshi91@company.com,9218717596,Male,1981-08-14,44.0,Sales,Marketing Analyst,Intern,2021-11-17,Delhi,Diploma,12.6,360254.0,36025.4,Good,Vikram Singh,On Leave,Single,16.0,5.0,0.0,Good performer
51145,Manish Joshi,manish.joshi60@company.com,9489873710,Female,2003-06-21,64.0,Customer Support,Sales Executive,Full Time,2021-03-06,Mysuru,Bachelor's,2.3,698288.0,55863.04,Average,Meera Nair,Resigned,Married,27.0,1.0,25.0,Good performer
50670,Meera Mehta,,9218964815,Male,1981-08-29,35.0,Marketing,Operations Executive,Full Time,2022-11-26,Kolkata,Master's,1.5,1085308.0,86824.64,Needs Improvement,Vikram Singh,On Leave,Single,10.0,3.0,13.0,Good performer
51096,Nikhil Kumar,nikhil.kumar91@company.com,9424631586,Male,1984-08-03,52.0,Operations,HR Executive,Contract,2023-02-06,Mumbai,Bachelor's,1.6,1923188.0,153855.04,Good,Meera Nair,Active,Divorced,14.0,3.0,9.0,Good performer
50356,Sneha Verma,sneha.verma78@company.com,9185794449,Female,2003-11-28,41.0,Customer Support,Marketing Analyst,Full Time,,Gurugram,Bachelor's,45.0,1445893.0,0.0,Needs Improvement,Vikram Singh,Active,Divorced,19.0,4.0,0.0,Good performer
50902,Pooja Rao,pooja.rao50@company.com,9456686844,Other,2000-08-05,46.0,Customer Support,Data Analyst,Part Time,2023-09-06,Hyderabad,PhD,9.2,1963625.0,0.0,Average,Meera Nair,On Leave,Married,19.0,3.0,43.0,Good performer
50927,Kavya Das,kavya.das75@company.com,9202046331,Female,1973-08-18,42.0,Marketing,Data Analyst,Full Time,2023-05-31,Delhi,Bachelor's,5.1,900700.0,180140.0,Good,Priya Sharma,Resigned,Married,16.0,1.0,13.0,Good performer
51059,Meera Singh,meera.singh90@company.com,,Male,1991-04-20,42.0,Sales,Business Analyst,Contract,2021-03-03,Gurugram,Master's,15.8,246840.0,49368.0,Needs Improvement,Vikram Singh,Active,Married,24.0,1.0,21.0,Good performer
50837,Akash Rao,akash.rao86@company.com,9444353640,Other,1992-08-28,41.0,Finance,Marketing Analyst,Full Time,2023-10-27,Bengaluru,Master's,5.1,1106192.0,110619.2,Good,Priya Sharma,Inactive,Divorced,15.0,3.0,13.0,Good performer
50041,Kavya Verma,kavya.verma28@company.com,9729817827,Male,1970-06-25,53.0,Finance,Support Specialist,Intern,2025-04-24,Mumbai,Bachelor's,14.5,1012773.0,101277.3,Needs Improvement,Anil Kumar,Inactive,Single,3.0,3.0,10.0,Good performer
50787,Akash Reddy,akash.reddy11@company.com,9425778454,Male,1997-04-27,20.0,Procurement,Account Executive,Intern,2021-07-12,Pune,Diploma,14.5,482630.0,48263.0,Average,Rahul Rao,Resigned,Married,17.0,3.0,40.0,Good performer
50595,Nikhil Verma,nikhil.verma18@company.com,9108039417,Female,1985-06-02,51.0,Procurement,Business Analyst,Full Time,2023-07-19,Gurugram,Master's,8.2,527439.0,26371.95,Excellent,Anil Kumar,Active,Single,17.0,4.0,30.0,Good performer
50711,Sanjay Sharma,sanjay.sharma92@company.com,9992667527,Other,1995-07-17,58.0,Customer Support,Sales Executive,Part Time,2021-05-16,Chennai,PhD,15.2,1496289.0,149628.9,Excellent,Priya Sharma,On Leave,Divorced,23.0,1.0,7.0,Good performer
50270,Rahul Rao,rahul.rao31@company.com,9870085012,Male,2003-04-20,19.0,HR,Financial Analyst,Contract,2025-09-28,Mysuru,Diploma,7.9,322225.0,25778.0,Needs Improvement,Sneha Patel,On Leave,Single,32.0,3.0,17.0,Good performer
50729,Divya Mehta,divya.mehta88@company.com,9322660215,Female,1971-10-12,53.0,Operations,Financial Analyst,Intern,2024-01-19,Chennai,Bachelor's,0.6,1509387.0,0.0,Good,Anil Kumar,On Leave,Single,26.0,1.0,21.0,Good performer
50525,Vivek Nair,vivek.nair89@company.com,9655617629,Other,1982-07-15,63.0,IT,Financial Analyst,Part Time,2020-01-25,Chennai,Diploma,16.1,1897883.0,151830.64,Needs Improvement,Sneha Patel,On Leave,Divorced,4.0,3.0,22.0,Fast learner
50640,Kiran Kumar,,9947951500,Male,1977-02-02,41.0,Customer Support,Software Engineer,Intern,2022-02-18,Noida,PhD,8.2,911456.0,45572.8,Good,Priya Sharma,Resigned,Single,7.0,1.0,38.0,Good performer
50869,Akash Patel,,9770161524,Female,1969-11-18,59.0,HR,Sales Executive,Contract,2026-04-24,Bengaluru,Diploma,13.1,1164070.5,96631.15,Good,Vikram Singh,Active,Single,19.0,2.0,18.0,Needs training
50702,Pooja Sharma,pooja.sharma29@company.com,9903864589,Male,1997-03-24,49.0,Finance,Sales Executive,Full Time,2023-11-28,Bengaluru,Diploma,7.2,1829357.0,146348.56,Needs Improvement,Meera Nair,Active,Married,26.0,5.0,7.0,Good performer
50345,Akash Singh,akash.singh60@company.com,9131347758,Male,1973-03-16,28.0,IT,Financial Analyst,Intern,2022-08-08,Gurugram,Bachelor's,7.2,865830.0,69266.4,Needs Improvement,Meera Nair,On Leave,Married,18.0,3.0,22.0,Good performer
50433,Divya Sharma,divya.sharma74@company.com,9961752510,Other,1972-07-24,34.0,Sales,Marketing Analyst,Intern,2026-07-18,Noida,Bachelor's,7.1,733845.0,0.0,Average,Priya Sharma,Inactive,Married,11.0,3.0,25.0,Fast learner
50288,Arjun Reddy,arjun.reddy46@company.com,9340494032,Other,1980-12-09,41.0,IT,Sales Executive,Intern,2025-03-01,Mumbai,Master's,12.0,2144271.0,214427.1,Poor,Anil Kumar,On Leave,Married,15.0,3.0,15.0,Needs training
50461,Neha Gowda,neha.gowda44@company.com,9698855046,Female,1974-01-02,64.0,Sales,Marketing Analyst,Part Time,2022-04-12,Gurugram,Master's,8.4,611784.0,91767.6,Needs Improvement,Anil Kumar,On Leave,Single,17.0,4.0,34.0,Good performer
50235,Arjun Reddy,arjun.reddy6@company.com,9377536930,Male,1971-01-27,27.0,Customer Support,Data Analyst,Contract,2024-03-26,Mysuru,Diploma,5.5,1567990.0,0.0,Average,Meera Nair,Active,Single,21.0,3.0,37.0,Fast learner
50107,Shreya Patel,shreya.patel67@company.com,9650902396,Female,2002-04-08,50.0,IT,Account Executive,Intern,2024-06-14,Mumbai,PhD,10.7,1034372.0,155155.8,Good,Rahul Rao,Resigned,Married,26.0,5.0,0.0,Good performer
50352,Amit Reddy,amit.reddy93@company.com,9238719084,Other,2000-12-26,18.0,Marketing,Business Analyst,Part Time,2022-04-29,Bengaluru,Master's,0.6,1390676.0,208601.4,Excellent,Anil Kumar,Inactive,Single,1.0,3.0,24.0,Good performer
50704,Manish Verma,manish.verma36@company.com,9476355932,Other,1972-04-07,50.0,Procurement,Account Executive,Intern,2022-09-21,Kolkata,Master's,11.8,1164070.5,90398.0,Excellent,Vikram Singh,Resigned,Single,32.0,3.0,2.0,Good performer
50645,Shreya Patel,shreya.patel7@company.com,9805984216,Other,1986-09-23,40.0,Finance,Financial Analyst,Contract,2024-12-06,Hyderabad,Master's,11.2,597594.0,59759.4,Needs Improvement,Rahul Rao,Resigned,Divorced,29.0,2.0,9.0,Good performer
51069,Neha Mehta,neha.mehta71@company.com,9932504250,Female,1991-04-03,26.0,Operations,HR Executive,Part Time,2019-09-30,Mumbai,PhD,5.5,421754.0,33740.32,Needs Improvement,Meera Nair,On Leave,Divorced,20.0,5.0,19.0,Good performer
50730,Arjun Gowda,arjun.gowda27@company.com,9881869275,Male,1984-10-15,35.0,HR,Support Specialist,Part Time,2024-08-14,Noida,Diploma,5.3,1131128.0,169669.2,Average,Rahul Rao,Active,Married,8.0,5.0,41.0,Good performer
50751,Priya Sharma,priya.sharma90@company.com,9302899152,Female,1999-12-13,29.0,HR,Data Analyst,Full Time,2020-06-22,Hyderabad,Diploma,5.7,515473.0,51547.3,Excellent,Rahul Rao,Resigned,Single,17.0,4.0,24.0,Good performer
50618,Isha Kumar,isha.kumar42@company.com,9809433617,Male,1997-07-09,42.0,Customer Support,Business Analyst,Contract,2024-07-22,Kolkata,Bachelor's,0.7,1529817.0,152981.7,Good,Meera Nair,On Leave,Divorced,25.0,4.0,5.0,Good performer
50371,Kiran Kumar,kiran.kumar6@company.com,9606126272,Female,1983-01-21,40.0,HR,HR Executive,Intern,2019-08-27,Delhi,Bachelor's,17.1,801837.0,90398.0,Average,Anil Kumar,Inactive,Married,24.0,3.0,7.0,Needs training
50826,Kavya Joshi,kavya.joshi69@company.com,,Other,1971-07-04,43.0,Marketing,Support Specialist,Contract,2020-09-17,Bengaluru,Bachelor's,6.9,1164070.5,0.0,Good,Anil Kumar,Inactive,Divorced,13.0,2.0,44.0,Good performer
50344,Pooja Rao,pooja.rao67@company.com,9513497410,Female,2000-07-26,59.0,Customer Support,Business Analyst,Contract,2021-06-12,Chennai,PhD,2.9,1373758.0,68687.9,Excellent,Anil Kumar,Inactive,Divorced,27.0,5.0,35.0,Good performer
51000,Vivek Singh,vivek.singh81@company.com,9272136062,Other,2007-06-06,0.0,Operations,Data Analyst,Full Time,2024-05-15,Kolkata,Master's,9.2,1181214.0,94497.12,Average,Meera Nair,On Leave,Divorced,26.0,4.0,40.0,Fast learner
50036,Rohit Nair,rohit.nair83@company.com,9781049577,Female,1966-05-15,36.0,Operations,Operations Executive,Full Time,2025-02-18,Noida,PhD,16.0,543839.0,43507.12,Needs Improvement,Priya Sharma,Active,Single,35.0,3.0,22.0,Good performer
50772,Priya Gowda,priya.gowda37@company.com,9976718262,Male,1965-04-30,18.0,Finance,HR Executive,Full Time,2019-10-20,Gurugram,Bachelor's,5.8,1664321.0,83216.05,Excellent,Sneha Patel,Resigned,Divorced,2.0,3.0,5.0,Good performer
50590,Amit Patel,amit.patel32@company.com,9726035878,Male,1981-09-11,46.0,Operations,Operations Executive,Intern,2023-10-11,Hyderabad,PhD,10.2,880857.0,176171.4,Average,Sneha Patel,Inactive,Married,9.0,5.0,22.0,Good performer
50761,Neha Verma,neha.verma64@company.com,9316535132,Male,1984-09-24,41.0,Finance,Software Engineer,Contract,2020-11-07,Kolkata,PhD,5.0,1939290.0,96964.5,Average,Priya Sharma,Active,Divorced,1.0,4.0,38.0,Needs training
50754,Meera Kumar,meera.kumar57@company.com,9494428062,Male,1965-10-02,63.0,Finance,Operations Executive,Full Time,2022-01-18,Bengaluru,Bachelor's,0.7,1201064.0,-5000.0,Needs Improvement,Meera Nair,Resigned,Divorced,1.0,5.0,43.0,Fast learner
50932,Rahul Nair,rahul.nair57@company.com,9958228675,Male,1980-09-19,40.0,Procurement,Software Engineer,Full Time,2025-01-06,Gurugram,PhD,15.7,2064656.0,103232.8,Needs Improvement,Rahul Rao,Inactive,Divorced,1.0,5.0,21.0,Good performer
50857,Pooja Kumar,pooja.kumar45@company.com,9224959822,Male,1989-03-13,27.0,Sales,Marketing Analyst,Full Time,2022-02-20,Pune,Diploma,3.1,370674.0,90398.0,Needs Improvement,Rahul Rao,On Leave,Married,35.0,5.0,37.0,Good performer
51085,Sneha Verma,sneha.verma85@company.com,9277952784,Female,2003-06-17,42.0,Sales,Financial Analyst,Part Time,2025-05-03,Mumbai,PhD,2.9,937063.0,140559.45,Needs Improvement,Meera Nair,Inactive,Married,7.0,4.0,14.0,Good performer
50220,Kavya Verma,kavya.verma53@company.com,9851899431,Male,1967-11-11,31.0,Procurement,Financial Analyst,Contract,2023-12-13,Kolkata,Master's,8.2,1278483.0,127848.3,Needs Improvement,Priya Sharma,On Leave,Divorced,33.0,3.0,13.0,Good performer
50384,Arjun Das,arjun.das48@company.com,9529065277,Male,1992-06-26,64.0,Customer Support,Business Analyst,Full Time,2026-08-31,Hyderabad,PhD,11.0,986757.0,78940.56,Good,Rahul Rao,On Leave,Single,5.0,5.0,21.0,Good performer
50821,Sanjay Reddy,sanjay.reddy75@company.com,9581470128,Male,1989-07-06,34.0,Operations,Financial Analyst,Intern,2023-08-07,Delhi,Master's,9.8,636306.0,31815.3,Excellent,Priya Sharma,Resigned,Married,10.0,1.0,33.0,Good performer
50741,Neha Sharma,neha.sharma11@company.com,9820436754,Female,1987-04-05,0.0,Operations,Financial Analyst,Part Time,2023-07-20,Gurugram,Bachelor's,14.1,2181911.0,174552.88,Good,Vikram Singh,Inactive,Divorced,7.0,4.0,36.0,Good performer
51125,Arjun Gowda,arjun.gowda78@company.com,9356401759,Male,1985-01-01,18.0,Marketing,HR Executive,Intern,2019-04-01,Gurugram,Master's,4.9,1203209.0,240641.8,Needs Improvement,Meera Nair,Active,Divorced,24.0,3.0,21.0,Needs training
50157,Shreya Kumar,shreya.kumar67@company.com,9455025963,Other,1973-07-30,65.0,HR,Data Analyst,Part Time,2024-04-28,Noida,Diploma,14.3,1129975.0,90398.0,Needs Improvement,Anil Kumar,Inactive,Married,26.0,1.0,10.0,Fast learner
51200,Meera Patel,meera.patel57@company.com,,Female,1978-03-15,37.0,Human Resources,Sales Executive,Full Time,2020-12-16,Mysuru,PhD,45.0,1519989.0,121599.12,Good,Sneha Patel,Active,Married,9.0,2.0,44.0,Needs training
50600,Arjun Reddy,arjun.reddy12@company.com,9770546186,Female,1968-10-10,28.0,Sales,HR Executive,Intern,2025-11-14,Mumbai,Master's,3.8,50000000.0,47797.55,Average,Anil Kumar,Inactive,Married,100.0,4.0,25.0,Good performer
50845,Vivek Rao,vivek.rao57@company.com,,Male,2003-02-21,52.0,Finance,Financial Analyst,Part Time,2025-06-24,Bengaluru,Diploma,16.0,705275.0,105791.25,Good,Meera Nair,On Leave,Married,23.0,3.0,35.0,Good performer
51183,Arjun Joshi,arjun.joshi15@company.com,9546959589,Male,1988-08-23,35.0,HR,Operations Executive,Contract,2025-05-07,Mumbai,Diploma,7.9,396284.0,39628.4,Good,Sneha Patel,Inactive,Divorced,20.0,4.0,6.0,Fast learner
50377,Rahul Joshi,rahul.joshi41@company.com,9777852816,Female,1981-03-13,61.0,Operations,Account Executive,Part Time,2024-04-12,Delhi,Diploma,10.5,1422150.0,113772.0,Needs Improvement,Sneha Patel,Resigned,Divorced,17.0,2.0,33.0,Fast learner
50321,Sanjay Joshi,sanjay.joshi85@company.com,9506631629,Male,2003-03-24,44.0,Operations,Software Engineer,Part Time,2024-08-15,Chennai,Bachelor's,1.2,2085672.0,312850.8,Excellent,Meera Nair,Inactive,Single,24.0,1.0,25.0,Fast learner
50895,Sanjay Das,sanjay.das11@company.com,9523528034,Female,1966-01-08,53.0,Finance,Business Analyst,Part Time,2025-04-09,Noida,Bachelor's,9.2,728687.0,109303.05,Good,Meera Nair,Inactive,Married,1.0,4.0,0.0,Good performer
50214,Kavya Gowda,kavya.gowda12@company.com,9774806393,Female,1991-08-28,33.0,Marketing,Marketing Analyst,Part Time,2025-08-09,Bengaluru,Diploma,15.1,669188.0,0.0,Needs Improvement,Vikram Singh,Resigned,Married,25.0,1.0,3.0,Good performer
50011,Rahul Nair,rahul.nair23@company.com,9382870507,Female,1978-09-05,49.0,Customer Support,Data Analyst,Intern,2021-02-05,Delhi,Diploma,9.3,961558.0,96155.8,Excellent,Vikram Singh,On Leave,Single,13.0,2.0,0.0,Good performer
50786,Amit Patel,amit.patel44@company.com,9853838821,Male,1995-11-20,35.0,Sales,Marketing Analyst,Contract,2019-12-09,Pune,PhD,12.7,2105198.0,210519.8,Average,Rahul Rao,RESIGN,Married,26.0,4.0,29.0,Fast learner
50277,Nikhil Gowda,nikhil.gowda53@company.com,9883566931,Other,1986-06-09,32.0,HR,Operations Executive,Contract,2025-08-03,Bengaluru,PhD,2.2,1485658.0,74282.9,Good,Anil Kumar,Resigned,Married,18.0,1.0,28.0,Fast learner
50685,Sneha Rao,sneha.rao34@company.com,9564691803,Male,2002-11-03,53.0,Sales,Data Analyst,Part Time,2021-08-03,Mysuru,Master's,9.2,1896460.0,189646.0,Average,Meera Nair,Resigned,Divorced,5.0,3.0,15.0,Good performer
50108,Meera Rao,meera.rao93@company.com,9813574090,Other,1993-10-05,61.0,Customer Support,Support Specialist,Full Time,2024-12-07,Gurugram,PhD,9.2,640473.0,32023.65,Excellent,Sneha Patel,Inactive,Married,19.0,5.0,29.0,Good performer
51045,Akash Nair,akash.nair42@company.com,9647356673,Male,2001-07-22,32.0,Customer Service,Data Analyst,Part Time,2019-08-18,Mumbai,Bachelor's,10.7,314757.0,0.0,Average,Priya Sharma,On Leave,Single,12.0,1.0,42.0,Fast learner
50856,Amit Singh,amit.singh9@company.com,9721263585,Male,1974-01-08,40.0,Customer Support,Data Analyst,Part Time,2023-04-30,Kolkata,Master's,0.8,790004.0,39500.2,Needs Improvement,Meera Nair,On Leave,Divorced,7.0,2.0,17.0,Fast learner
50249,Meera Gowda,meera.gowda6@company.com,9738471693,Female,1986-05-23,32.0,Sales,Financial Analyst,Full Time,2023-03-20,Kolkata,Diploma,2.3,2047985.0,307197.75,Good,Anil Kumar,On Leave,Single,35.0,3.0,3.0,Fast learner
50641,Amit Sharma,,9537412470,Female,1981-07-13,38.0,HR,Business Analyst,Contract,2025-08-21,Mumbai,PhD,1.7,797118.0,0.0,Needs Improvement,Priya Sharma,Inactive,Divorced,33.0,3.0,19.0,Fast learner
51166,Vivek Mehta,vivek.mehta51@company.com,9370915034,Male,1987-10-21,64.0,Procurement,HR Executive,Intern,2020-04-11,Chennai,Bachelor's,4.2,1594717.0,159471.7,Average,Sneha Patel,On Leave,Divorced,18.0,2.0,30.0,Good performer
50476,Rohit Das,rohit.das6@company.com,9857375621,Male,1965-04-22,60.0,Procurement,Sales Executive,Part Time,2022-05-02,Mumbai,Master's,13.5,1765054.0,353010.8,Good,Priya Sharma,On Leave,Single,18.0,2.0,18.0,Fast learner
50064,Priya Verma,priya.verma36@company.com,9608680894,Other,1980-06-25,20.0,IT,Financial Analyst,Contract,2021-07-16,Noida,PhD,16.0,1747420.0,90398.0,Excellent,Priya Sharma,On Leave,Single,16.0,4.0,4.0,Good performer
51070,Sneha Mehta,sneha.mehta85@company.com,9777405636,Other,2005-02-07,45.0,Operations,Data Analyst,Intern,2020-11-06,Chennai,Bachelor's,9.1,1139966.0,170994.9,Average,Meera Nair,Active,Single,15.0,4.0,34.0,Good performer
50839,Akash Singh,akash.singh64@company.com,9660023169,Male,1969-06-17,39.0,HR,Operations Executive,Full Time,2024-07-31,Pune,Master's,17.2,407836.0,20391.8,Average,Meera Nair,Resigned,Divorced,16.0,5.0,21.0,Good performer
51150,Arjun Das,,9188109471,Other,1974-03-08,38.0,Finance,Data Analyst,Contract,2019-07-15,Kolkata,PhD,11.1,908666.0,90866.6,Needs Improvement,Vikram Singh,Inactive,Married,3.0,2.0,21.0,Fast learner
50537,Pooja Mehta,pooja.mehta8@company.com,9721164110,Other,1968-09-15,54.0,HR,Support Specialist,Part Time,2021-04-24,Delhi,Bachelor's,9.0,973017.0,77841.36,Average,Priya Sharma,Inactive,Married,15.0,5.0,24.0,Good performer
51054,Arjun Gowda,arjun.gowda16@company.com,9229476291,Male,1969-10-12,32.0,Finance,Marketing Analyst,Intern,2022-06-01,Noida,Bachelor's,14.6,2018384.0,161470.72,Good,Vikram Singh,Inactive,Single,10.0,5.0,34.0,Needs training
50706,Arjun Singh,arjun.singh17@company.com,9252305714,Female,1980-05-23,51.0,HR,Financial Analyst,Contract,2021-02-24,Chennai,Master's,13.0,1538548.0,76927.4,Average,Vikram Singh,Inactive,Married,12.0,2.0,16.0,Good performer
50619,Amit Singh,amit.singh46@company.com,9925981941,Female,1982-08-14,36.0,Customer Support,Business Analyst,Part Time,2022-02-02,Hyderabad,Diploma,12.8,746289.0,149257.8,Average,Sneha Patel,Inactive,Divorced,35.0,2.0,21.0,Needs training
50665,Priya Das,priya.das53@company.com,9750318838,Other,1975-06-27,63.0,Sales,Software Engineer,Full Time,,Gurugram,Master's,9.2,1499514.0,0.0,Excellent,Anil Kumar,Active,Married,28.0,2.0,8.0,Good performer
50811,Rahul Singh,rahul.singh79@company.com,9866574184,Male,1993-02-08,30.0,Operations,Operations Executive,Part Time,2020-02-04,Pune,Master's,6.3,255607.0,20448.56,Needs Improvement,Vikram Singh,Resigned,Divorced,35.0,3.0,36.0,Good performer
50404,Vivek Joshi,vivek.joshi88@company.com,9590192176,Other,1969-10-01,46.0,HR,Business Analyst,Intern,2026-05-19,Delhi,Bachelor's,12.1,996873.0,99687.3,Excellent,Vikram Singh,On Leave,Married,28.0,3.0,14.0,Good performer
50239,Priya Rao,priya.rao87@company.com,9852398699,Other,1994-12-29,45.0,Marketing,Operations Executive,Contract,2020-07-03,Chennai,PhD,12.3,754558.0,0.0,Average,Priya Sharma,Inactive,Single,9.0,4.0,36.0,Needs training
50319,Isha Joshi,isha.joshi2@company.com,9855150658,Female,1995-10-30,34.0,Finance,Business Analyst,Full Time,2021-01-13,Hyderabad,Bachelor's,15.2,1579761.0,90398.0,Average,Anil Kumar,Active,Married,6.0,1.0,23.0,Fast learner
50573,Arjun Kumar,arjun.kumar19@company.com,9749988610,Female,1973-01-18,64.0,Marketing,Operations Executive,Part Time,2023-05-25,Chennai,Master's,5.0,650578.0,130115.6,Needs Improvement,Rahul Rao,On Leave,Single,12.0,2.0,26.0,Good performer
50171,Rohit Verma,rohit.verma52@company.com,9358583639,Female,1970-02-18,47.0,Customer Support,Account Executive,Contract,2020-11-13,Bengaluru,Diploma,1.1,1528252.0,305650.4,Excellent,Rahul Rao,Resigned,Divorced,5.0,2.0,17.0,Good performer
51080,Kavya Rao,kavya.rao54@company.com,9518188958,Female,2003-01-17,57.0,Operations,Business Analyst,Contract,2020-04-10,Mumbai,Master's,10.0,1666295.0,0.0,Average,Rahul Rao,On Leave,Married,23.0,5.0,1.0,Good performer
50577,Manish Singh,manish.singh49@company.com,9553006119,Male,1987-03-08,51.0,Customer Support,Operations Executive,Part Time,2023-02-20,Delhi,Master's,10.0,303599.0,15179.95,Needs Improvement,Meera Nair,Active,Married,0.0,4.0,18.0,Fast learner
50551,Neha Reddy,neha.reddy79@company.com,9907823238,Female,1980-07-31,59.0,Finance,Software Engineer,Full Time,2021-02-02,Chennai,Master's,10.7,272608.0,40891.2,Needs Improvement,Priya Sharma,On Leave,Married,18.0,4.0,4.0,Good performer
50957,Vivek Singh,vivek.singh30@company.com,9533821785,Female,2001-01-27,25.0,Procurement,Account Executive,Part Time,2021-04-25,Hyderabad,PhD,3.7,1973873.0,157909.84,Average,Sneha Patel,On Leave,Divorced,11.0,4.0,13.0,Needs training
50374,Neha Verma,neha.verma23@company.com,9154615618,Other,1973-04-20,35.0,Sales,Software Engineer,Intern,2024-04-02,Mumbai,Master's,13.3,1252616.0,125261.6,Excellent,Rahul Rao,Active,Married,28.0,2.0,4.0,Good performer
50094,Kavya Patel,kavya.patel48@company.com,9995891957,Male,1977-11-08,36.0,IT,Support Specialist,Intern,2020-01-11,Noida,Master's,11.5,1705437.0,85271.85,Excellent,Vikram Singh,Active,Single,13.0,2.0,4.0,Fast learner
50638,Ananya Rao,ananya.rao48@company.com,9821329714,Male,2004-06-29,41.0,IT,Operations Executive,Intern,2022-07-05,Delhi,Master's,10.5,1080899.0,0.0,Good,Anil Kumar,On Leave,Divorced,31.0,4.0,7.0,Good performer
50963,Manish Patel,manish.patel39@company.com,9315429656,Female,1979-08-21,36.0,IT,Marketing Analyst,Part Time,2019-01-17,Noida,Bachelor's,16.0,605646.0,90846.9,Good,Priya Sharma,Active,Married,23.0,5.0,7.0,Good performer
50300,Divya Das,divya.das42@company.com,9216051206,Other,1993-05-05,23.0,Procurement,Account Executive,Intern,2025-10-26,Mysuru,Diploma,2.9,2155451.0,0.0,Average,Sneha Patel,Inactive,Married,7.0,2.0,16.0,Good performer
50914,Shreya Patel,shreya.patel46@company.com,9714308274,Female,1999-08-13,42.0,Procurement,Software Engineer,Intern,2026-02-24,Mumbai,PhD,17.4,546659.0,54665.9,Excellent,Sneha Patel,Inactive,Single,33.0,4.0,6.0,Fast learner
50889,Priya Patel,priya.patel94@company.com,9295905233,Male,1984-02-03,60.0,Finance,Marketing Analyst,Full Time,2026-01-05,Kolkata,Bachelor's,9.2,1164070.5,90398.0,Excellent,Anil Kumar,Active,Married,24.0,5.0,21.0,Good performer
50494,Kiran Mehta,kiran.mehta2@company.com,9308269425,Female,2001-12-03,27.0,Information Technology,Financial Analyst,Part Time,2021-08-28,Mysuru,Master's,3.5,2005859.0,300878.85,Excellent,Vikram Singh,On Leave,Divorced,31.0,5.0,6.0,Good performer
50959,Rohit Das,rohit.das90@company.com,9241501339,Female,1978-11-02,18.0,Operations,HR Executive,Contract,2023-07-14,Bengaluru,Bachelor's,14.6,1218987.0,243797.4,Good,Rahul Rao,Inactive,Divorced,15.0,5.0,40.0,Good performer
50782,Nikhil Gowda,nikhil.gowda35@company.com,9376633831,Male,1973-03-11,55.0,Finance,Data Analyst,Full Time,2024-08-10,Mysuru,PhD,9.2,1603387.0,240508.05,Average,Anil Kumar,Inactive,Married,0.0,5.0,32.0,Good performer
50828,Vivek Das,vivek.das39@company.com,9580131904,Male,1968-01-10,18.0,Marketing,Support Specialist,Intern,2023-04-28,Mumbai,PhD,9.2,1797016.0,89850.8,Needs Improvement,Rahul Rao,Resigned,Single,2.0,3.0,6.0,Good performer
51116,Kavya Verma,kavya.verma75@company.com,9721265353,Other,1983-12-16,48.0,HR,Marketing Analyst,Intern,2020-07-11,Chennai,PhD,14.2,1651041.0,82552.05,Excellent,Anil Kumar,Resigned,Single,12.0,1.0,3.0,Needs training
50005,Arjun Das,arjun.das67@company.com,9625615445,Female,2004-07-26,30.0,IT,Support Specialist,Intern,2025-09-12,Gurugram,PhD,14.5,1200972.0,180145.8,Excellent,Rahul Rao,On Leave,Married,6.0,4.0,44.0,Good performer
50763,Meera Rao,,9125953364,Female,1974-06-20,44.0,Procurement,Data Analyst,Contract,2026-04-30,Mysuru,Bachelor's,15.9,990711.0,79256.88,Needs Improvement,Vikram Singh,On Leave,Single,31.0,5.0,3.0,Good performer
50601,Vivek Das,vivek.das7@company.com,9453933325,Male,1979-10-18,24.0,Sales,Software Engineer,Full Time,2022-12-26,Delhi,Master's,15.4,373012.0,0.0,Average,Meera Nair,Active,Divorced,17.0,3.0,2.0,Good performer
50565,Nikhil Kumar,nikhil.kumar22@company.com,9273056086,Male,1982-12-30,20.0,Customer Support,Support Specialist,Full Time,2026-07-03,Kolkata,Diploma,12.7,884509.0,0.0,Needs Improvement,Rahul Rao,Resigned,Single,5.0,3.0,36.0,Good performer
50489,Kavya Kumar,kavya.kumar88@company.com,9406905437,Male,1987-05-11,63.0,Procurement,Software Engineer,Part Time,2024-08-22,Pune,Diploma,17.9,658783.0,98817.45,Average,Priya Sharma,Resigned,Married,19.0,3.0,34.0,Good performer
50545,Sanjay Gowda,sanjay.gowda99@company.com,9992261838,Other,1974-02-14,63.0,Operations,Account Executive,Part Time,2026-02-02,Kolkata,Diploma,9.4,1138615.0,113861.5,Average,Anil Kumar,Active,Single,25.0,3.0,30.0,Good performer
50623,Meera Verma,meera.verma34@company.com,9560470159,Female,1979-08-26,32.0,IT,Operations Executive,Part Time,2019-11-23,Noida,PhD,16.5,1609089.0,241363.35,Average,Priya Sharma,Resigned,Divorced,3.0,3.0,20.0,Good performer
50961,Vivek Reddy,vivek.reddy47@company.com,9837076554,Female,1987-11-27,36.0,Procurement,Financial Analyst,Full Time,2023-04-08,Chennai,PhD,50.0,1328084.0,66404.2,Average,Meera Nair,Resigned,Married,30.0,3.0,44.0,Good performer
50884,Sanjay Verma,sanjay.verma99@company.com,9643357446,Female,1980-06-30,62.0,Operations,Marketing Analyst,Part Time,2021-01-15,Hyderabad,Master's,5.1,695833.0,55666.64,Needs Improvement,Priya Sharma,On Leave,Divorced,9.0,3.0,10.0,Good performer
50765,Priya Kumar,priya.kumar25@company.com,9629685657,Male,1981-02-16,60.0,Sales,Data Analyst,Full Time,2022-01-19,Gurugram,Diploma,14.9,1809321.0,90466.05,Average,Anil Kumar,Inactive,Married,35.0,3.0,12.0,Fast learner
50138,Arjun Singh,arjun.singh69@company.com,9862050673,Female,1987-04-15,59.0,Finance,Sales Executive,Full Time,2023-10-22,Pune,Master's,3.6,575145.0,0.0,Needs Improvement,Anil Kumar,Active,Married,19.0,2.0,12.0,Good performer
50070,Ananya Nair,,9873761076,Female,1985-12-05,62.0,Marketing,Sales Executive,Contract,2024-02-06,Noida,Bachelor's,12.5,330001.0,0.0,Average,Priya Sharma,Resigned,Divorced,20.0,4.0,5.0,Good performer
51006,Kiran Kumar,kiran.kumar10@company.com,9921315864,Other,2003-04-20,44.0,HR,Sales Executive,Full Time,2022-04-21,Hyderabad,Bachelor's,15.4,1003392.0,50169.6,Average,Vikram Singh,Inactive,Married,22.0,4.0,39.0,Good performer
50498,Vivek Joshi,vivek.joshi50@company.com,9519511078,Female,1973-03-18,38.0,Customer Support,Sales Executive,Full Time,2026-01-05,Chennai,Diploma,13.6,1016591.0,0.0,Needs Improvement,Sneha Patel,Active,Divorced,9.0,3.0,13.0,Good performer
50891,Arjun Joshi,arjun.joshi54@company.com,9611474215,Other,1985-11-01,57.0,HR,Marketing Analyst,Full Time,2025-12-23,Bengaluru,Diploma,10.3,843523.0,126528.45,Good,Sneha Patel,Resigned,Married,33.0,1.0,44.0,Fast learner
50922,Pooja Patel,pooja.patel63@company.com,9261965278,Female,1997-06-29,28.0,Operations,Software Engineer,Full Time,2025-04-03,Mysuru,PhD,5.5,839426.0,90398.0,Average,Priya Sharma,On Leave,Married,2.0,2.0,16.0,Good performer
50437,Nikhil Mehta,nikhil.mehta4@company.com,9867946005,Other,1981-12-19,64.0,Sales,Software Engineer,Contract,2025-03-11,Pune,Bachelor's,3.8,1558682.0,77934.1,Excellent,Meera Nair,Inactive,Married,20.0,1.0,19.0,Fast learner
50566,Rahul Verma,rahul.verma19@company.com,9328882343,Male,1968-05-16,42.0,HR,HR Executive,Part Time,2023-07-08,Hyderabad,PhD,8.8,1397547.0,90398.0,Needs Improvement,Rahul Rao,Active,Married,22.0,5.0,12.0,Good performer
50882,Vivek Gowda,vivek.gowda47@company.com,9911959585,Female,1994-02-01,0.0,Customer Support,Software Engineer,Part Time,2020-03-28,Mumbai,PhD,17.5,1733043.0,138643.44,Excellent,Rahul Rao,On Leave,Single,22.0,5.0,9.0,Good performer
50517,Akash Mehta,akash.mehta18@company.com,9739080716,Other,1965-11-08,42.0,Finance,Support Specialist,Contract,2025-05-09,Chennai,PhD,1.4,1938065.0,155045.2,Excellent,Priya Sharma,Inactive,Single,4.0,3.0,43.0,Needs training
51023,Pooja Kumar,pooja.kumar87@company.com,9525875853,Male,1997-05-05,28.0,HR,Marketing Analyst,Contract,2023-04-04,Hyderabad,Bachelor's,15.4,1390894.0,0.0,Good,Rahul Rao,Resigned,Single,12.0,4.0,34.0,Good performer
51175,Akash Nair,akash.nair85@company.com,9395404561,Male,1969-02-07,27.0,Procurement,Marketing Analyst,Intern,2020-07-06,Mysuru,Master's,5.7,518954.0,25947.7,Good,Priya Sharma,Inactive,Single,28.0,1.0,42.0,Good performer
50327,Nikhil Verma,nikhil.verma84@company.com,9890906400,Other,1978-03-15,60.0,HR,Marketing Analyst,Part Time,2024-12-12,Hyderabad,Master's,17.2,1590218.0,238532.7,Average,Sneha Patel,On Leave,Single,30.0,3.0,24.0,Good performer
50066,Sanjay Verma,sanjay.verma6@company.com,9484294959,Other,1998-06-17,54.0,Procurement,Support Specialist,Intern,2025-11-26,Bengaluru,Bachelor's,15.7,699024.0,34951.2,Average,Vikram Singh,On Leave,Married,34.0,1.0,40.0,Good performer
50824,Rohit Sharma,rohit.sharma65@company.com,9528417355,Male,1978-01-05,39.0,Marketing,Support Specialist,Part Time,2019-11-11,Chennai,Diploma,15.7,340859.0,27268.72,Good,Anil Kumar,Active,Married,9.0,3.0,34.0,Good performer
50736,Nikhil Sharma,nikhil.sharma98@company.com,9589413064,Other,2000-03-10,21.0,Procurement,Data Analyst,internship,2023-06-11,Pune,Diploma,16.4,10000000.0,30298.85,Average,Priya Sharma,Active,Single,5.0,2.0,40.0,Good performer
50880,Nikhil Gowda,nikhil.gowda81@company.com,,Male,1987-11-29,18.0,Sales,Support Specialist,Contract,2022-04-08,Mysuru,Bachelor's,15.5,1646698.0,0.0,Average,Meera Nair,Resigned,Divorced,1.0,2.0,19.0,Fast learner
50791,Meera Mehta,meera.mehta67@company.com,9453907380,Male,2004-08-18,41.0,Marketing,Financial Analyst,Intern,2021-10-23,Delhi,Diploma,16.1,1612267.0,241840.05,Excellent,Sneha Patel,On Leave,Married,33.0,1.0,12.0,Good performer
51034,Manish Reddy,manish.reddy6@company.com,9439045404,Female,1991-12-23,41.0,Marketing,Software Engineer,Intern,2022-08-19,Mysuru,Master's,16.7,304539.0,30453.9,Needs Improvement,Anil Kumar,On Leave,Single,35.0,4.0,31.0,Good performer
50177,Kavya Gowda,kavya.gowda63@company.com,9609737549,Other,1967-02-08,60.0,Sales,Data Analyst,Intern,2020-01-15,Pune,Bachelor's,3.0,418693.0,20934.65,Good,Rahul Rao,Resigned,Divorced,3.0,5.0,5.0,Good performer
50888,Arjun Patel,arjun.patel74@company.com,9345519082,Other,2001-03-07,40.0,HR,Marketing Analyst,Contract,2024-08-15,Hyderabad,PhD,9.2,1783348.0,0.0,Average,Anil Kumar,Resigned,Married,17.0,2.0,36.0,Good performer
51173,Meera Mehta,meera.mehta8@company.com,9150147987,Male,1969-09-21,51.0,IT,Sales Executive,Contract,2025-03-23,Mumbai,Master's,8.1,1262596.0,0.0,Excellent,Sneha Patel,Resigned,Single,21.0,5.0,2.0,Needs training
51192,Nikhil Kumar,nikhil.kumar30@company.com,9934948177,Other,2002-08-02,28.0,Sales,Financial Analyst,Part Time,2020-06-15,Hyderabad,Master's,8.8,1404557.0,112364.56,Average,Anil Kumar,Active,Single,4.0,3.0,31.0,Needs training
51118,Nikhil Reddy,nikhil.reddy62@company.com,9302172680,Other,1985-12-28,28.0,Sales,Data Analyst,Part Time,2020-11-15,Mysuru,PhD,15.3,2193867.0,329080.05,Average,Rahul Rao,On Leave,Married,100.0,5.0,20.0,Good performer
50973,Divya Gowda,divya.gowda39@company.com,9304592535,Male,1971-01-23,24.0,Sales,Marketing Analyst,Contract,2021-09-03,Pune,Master's,50.0,696589.0,0.0,Excellent,Sneha Patel,On Leave,Married,18.0,2.0,41.0,Needs training
50309,Shreya Rao,shreya.rao43@company.com,9133485233,Male,1996-02-22,61.0,IT,Software Engineer,Full Time,2024-08-13,Hyderabad,Diploma,9.0,2090877.0,104543.85,Needs Improvement,Sneha Patel,Inactive,Single,11.0,1.0,15.0,Good performer
50547,Vivek Patel,vivek.patel13@company.com,9726642341,Female,1972-10-04,60.0,Marketing,Financial Analyst,Intern,2021-04-08,Bengaluru,Diploma,8.1,1164070.5,0.0,Average,Vikram Singh,On Leave,Single,18.0,2.0,18.0,Good performer
51152,Manish Gowda,manish.gowda33@company.com,9507974212,Female,2004-04-30,27.0,IT,Marketing Analyst,Intern,2022-11-14,Noida,PhD,8.9,1717594.0,85879.7,Excellent,Priya Sharma,Resigned,Single,15.0,1.0,37.0,Needs training
50396,Sneha Das,sneha.das4@company.com,,Female,1996-05-24,58.0,Procurement,Marketing Analyst,Contract,2025-01-30,Hyderabad,Diploma,7.6,1323730.0,132373.0,Average,Priya Sharma,Resigned,Single,9.0,2.0,14.0,Needs training
50872,Manish Gowda,manish.gowda49@company.com,9509085031,Female,1980-10-20,42.0,Procurement,Software Engineer,Intern,2021-11-06,Gurugram,Bachelor's,15.8,342634.0,34263.4,Average,Priya Sharma,Inactive,Divorced,23.0,1.0,41.0,Good performer
50513,Meera Singh,meera.singh27@company.com,9923478266,Female,1996-10-12,51.0,Procurement,Support Specialist,Contract,2022-06-17,Delhi,Diploma,3.0,496455.0,24822.75,Average,Vikram Singh,Resigned,Married,27.0,2.0,11.0,Good performer
50816,Kiran Mehta,kiran.mehta83@company.com,9193090039,Other,1968-03-31,64.0,Sales,HR Executive,Part Time,2022-05-17,Hyderabad,Bachelor's,17.0,991946.0,198389.2,Needs Improvement,Vikram Singh,On Leave,Married,6.0,2.0,8.0,Fast learner
50457,Neha Nair,neha.nair79@company.com,9456405638,Female,1974-03-16,60.0,Sales,Support Specialist,Intern,2025-08-15,Noida,Master's,17.4,1293645.0,129364.5,Needs Improvement,Sneha Patel,Inactive,Divorced,13.0,3.0,32.0,Good performer
50687,Nikhil Patel,nikhil.patel77@company.com,9676397664,Other,1994-02-27,52.0,HR,Marketing Analyst,Contract,2025-06-14,Kolkata,Master's,9.5,467109.0,70066.35,Good,Vikram Singh,On Leave,Married,35.0,1.0,22.0,Good performer
50232,Pooja Sharma,pooja.sharma37@company.com,9896608895,Male,2007-03-22,0.0,Sales,Business Analyst,Full Time,2021-04-11,Chennai,Bachelor's,16.1,1499074.0,224861.1,Average,Priya Sharma,On Leave,Divorced,33.0,3.0,31.0,Needs training
50302,Arjun Sharma,arjun.sharma63@company.com,9623353360,Other,1980-04-11,45.0,Operations,Sales Executive,Part Time,2021-09-12,Gurugram,Bachelor's,6.3,1127099.0,169064.85,Excellent,Meera Nair,Active,Single,13.0,3.0,25.0,Needs training
50735,Priya Gowda,priya.gowda81@company.com,9348810979,Male,1980-09-22,48.0,HR,Business Analyst,Contract,2025-09-03,Kolkata,PhD,13.5,1610239.0,128819.12,Good,Meera Nair,RESIGN,Divorced,19.0,1.0,12.0,Needs training
50753,Neha Verma,neha.verma6@company.com,9541194350,Female,1985-05-01,25.0,Sales,HR Executive,Contract,2023-01-05,Kolkata,Diploma,15.6,1493219.0,90398.0,Needs Improvement,Priya Sharma,Active,Divorced,2.0,5.0,25.0,Needs training
50668,Sneha Kumar,sneha.kumar83@company.com,9479279000,Other,1997-04-26,23.0,Sales,Marketing Analyst,Part Time,2025-06-02,Mumbai,Master's,16.0,1715761.0,85788.05,Needs Improvement,Meera Nair,Inactive,Single,16.0,4.0,28.0,Needs training
50451,Manish Das,manish.das90@company.com,9649701501,Other,1996-06-09,25.0,Operations,HR Executive,Full Time,2025-05-30,Hyderabad,Diploma,10.9,1634980.0,245247.0,Needs Improvement,Priya Sharma,Resigned,Married,23.0,2.0,24.0,Good performer
50602,Vivek Sharma,vivek.sharma16@company.com,9364555689,Female,1986-10-15,41.0,Sales,Marketing Analyst,Part Time,2020-06-27,Mysuru,Bachelor's,7.1,1677989.0,134239.12,Needs Improvement,Sneha Patel,Inactive,Single,12.0,5.0,37.0,Fast learner
50186,Amit Verma,amit.verma33@company.com,9318220746,Male,1982-10-22,55.0,IT,Data Analyst,Contract,2025-11-10,Kolkata,Diploma,11.4,2081319.0,104065.95,Needs Improvement,Anil Kumar,On Leave,Single,0.0,4.0,21.0,Good performer
50750,Divya Verma,divya.verma39@company.com,9377322544,Other,1966-05-12,28.0,Procurement,Financial Analyst,Intern,2024-01-16,Hyderabad,Diploma,13.0,1193834.0,179075.1,Average,Priya Sharma,Inactive,Divorced,25.0,4.0,2.0,Good performer
50460,Kavya Joshi,,9551953303,Other,1971-03-31,53.0,HR,Marketing Analyst,Intern,2019-11-22,Mysuru,Bachelor's,9.1,1000668.0,100066.8,Average,Sneha Patel,Inactive,Married,24.0,3.0,19.0,Good performer
50916,Neha Verma,neha.verma54@company.com,9437734823,Male,2000-08-13,34.0,Customer Support,Financial Analyst,Part Time,2023-08-17,Mysuru,Diploma,2.4,688942.0,137788.4,Average,Meera Nair,Active,Single,32.0,5.0,28.0,Fast learner
50472,Akash Reddy,akash.reddy91@company.com,9676399916,Other,1992-06-23,41.0,Customer Support,Support Specialist,Part Time,,Mumbai,Diploma,2.2,996656.0,90398.0,Excellent,Vikram Singh,On Leave,Single,30.0,4.0,21.0,Fast learner
50069,Rohit Joshi,rohit.joshi99@company.com,9856709197,Female,1989-05-21,34.0,Operations,HR Executive,Part Time,2025-09-10,Gurugram,Bachelor's,9.2,1441358.0,288271.6,Average,Priya Sharma,Active,Married,11.0,2.0,14.0,Needs training
50398,Shreya Rao,,9775435481,Female,2007-05-06,49.0,IT,Data Analyst,Intern,2019-12-29,Kolkata,Master's,2.8,253706.0,25370.6,Average,Priya Sharma,Active,Married,25.0,5.0,2.0,Good performer
51129,Arjun Nair,arjun.nair72@company.com,9376059352,Female,2008-08-05,49.0,Operations,Business Analyst,Full Time,2022-10-03,Pune,Diploma,6.9,1995654.0,299348.1,Good,Rahul Rao,Active,Married,26.0,1.0,23.0,Needs training
50522,Akash Patel,akash.patel33@company.com,9887316476,Male,1975-03-07,22.0,Finance,Account Executive,Contract,2025-07-05,Delhi,Bachelor's,4.2,1191540.0,238308.0,Good,Priya Sharma,On Leave,Single,32.0,4.0,23.0,Good performer
50167,Divya Patel,divya.patel13@company.com,9604271005,Other,1993-03-11,36.0,Sales,Software Engineer,Contract,2021-04-02,Chennai,Diploma,9.6,418127.0,20906.35,Excellent,Rahul Rao,Inactive,Divorced,2.0,3.0,26.0,Good performer
50991,Shreya Gowda,shreya.gowda3@company.com,9751048517,Male,1967-01-21,49.0,Sales,Data Analyst,Contract,2022-10-23,Pune,Master's,2.6,1136296.0,90903.68,Good,Vikram Singh,Resigned,Married,21.0,2.0,34.0,Fast learner
50660,Sneha Gowda,sneha.gowda66@company.com,9315679929,Other,1987-02-21,45.0,Customer Support,Business Analyst,Part Time,2019-07-02,Mumbai,PhD,6.8,2106442.0,168515.36,Average,Sneha Patel,Active,Married,16.0,3.0,38.0,Good performer
51187,Manish Patel,manish.patel75@company.com,9445586630,Male,1996-05-12,18.0,Customer Support,Business Analyst,Full Time,2021-07-03,Chennai,Bachelor's,12.0,486259.0,0.0,Needs Improvement,Rahul Rao,On Leave,Married,21.0,2.0,33.0,Good performer
50014,Amit Sharma,amit.sharma40@company.com,9232092060,Male,1969-04-30,61.0,Operations,Software Engineer,Intern,,Mysuru,Bachelor's,16.6,288187.0,23054.96,Good,Vikram Singh,Resigned,Married,7.0,3.0,32.0,Needs training
50224,Arjun Sharma,arjun.sharma54@company.com,9552621397,Female,1982-10-27,61.0,Operations,Financial Analyst,Contract,2020-01-24,Mysuru,Bachelor's,7.6,1158611.0,115861.1,Needs Improvement,Rahul Rao,Active,Single,20.0,4.0,31.0,Good performer
50633,Divya Singh,divya.singh37@company.com,9609445487,Male,2000-10-31,32.0,Procurement,Operations Executive,Intern,2022-01-14,Hyderabad,Diploma,16.1,510593.0,25529.65,Needs Improvement,Priya Sharma,On Leave,Divorced,9.0,1.0,20.0,Good performer
50549,Akash Verma,akash.verma49@company.com,9335260046,Other,1982-03-21,28.0,IT,Support Specialist,Full Time,2019-03-06,Noida,PhD,13.0,2037507.0,0.0,Poor,Sneha Patel,On Leave,Single,26.0,1.0,14.0,Good performer
50229,Kavya Mehta,kavya.mehta71@company.com,9879948221,Other,2005-12-20,56.0,Procurement,Operations Executive,Intern,2021-07-17,Kolkata,Master's,5.2,1164070.5,178002.5,Excellent,Anil Kumar,Resigned,Married,35.0,4.0,42.0,Fast learner
50745,Vivek Mehta,vivek.mehta84@company.com,9227497111,Female,2003-08-17,55.0,IT,HR Executive,Full Time,2022-05-03,Hyderabad,Diploma,13.2,1886270.0,150901.6,Needs Improvement,Priya Sharma,Inactive,Single,8.0,5.0,41.0,Fast learner
50846,Sneha Mehta,sneha.mehta57@company.com,9672950123,Male,2003-10-14,33.0,Operations,Business Analyst,Intern,2019-11-13,Mumbai,PhD,14.3,1629102.0,130328.16,Needs Improvement,Meera Nair,Active,Single,29.0,4.0,17.0,Good performer
50794,Neha Gowda,neha.gowda62@company.com,9260498277,Female,1969-05-01,19.0,HR,Sales Executive,Part Time,2023-02-07,Gurugram,Diploma,4.2,1122456.0,89796.48,Good,Anil Kumar,Active,Single,31.0,2.0,6.0,Good performer
51154,Nikhil Rao,nikhil.rao97@company.com,9523477570,Female,2007-08-25,40.0,HR,Marketing Analyst,Part Time,2023-11-17,Kolkata,Master's,0.7,1128510.0,225702.0,Average,Rahul Rao,On Leave,Single,32.0,4.0,40.0,Good performer
50692,Kavya Singh,kavya.singh53@company.com,9893656297,Other,2007-04-26,27.0,Sales,Sales Executive,Part Time,2022-11-02,Bengaluru,Bachelor's,7.0,1346770.0,107741.6,Excellent,Anil Kumar,Resigned,Single,30.0,4.0,8.0,Good performer
50068,Amit Patel,amit.patel45@company.com,9285403222,Female,1966-09-22,0.0,Finance,HR Executive,Contract,2024-11-30,Delhi,Diploma,13.5,1235358.0,98828.64,Needs Improvement,Sneha Patel,Resigned,Single,5.0,4.0,24.0,Needs training
50989,Kiran Patel,kiran.patel32@company.com,9286582897,Other,1995-10-28,27.0,HR,HR Executive,Full Time,2023-09-01,Kolkata,Diploma,2.2,579426.0,28971.3,Excellent,Meera Nair,Active,Single,35.0,3.0,40.0,Fast learner
50117,Shreya Verma,shreya.verma97@company.com,9282569712,Male,2007-05-01,43.0,Operations,Data Analyst,Full Time,2021-08-03,Gurugram,Master's,4.0,341022.0,51153.3,Average,Priya Sharma,Active,Married,0.0,4.0,7.0,Good performer
50558,Sneha Patel,sneha.patel39@company.com,9906441355,Female,1969-10-08,53.0,Sales,Account Executive,Intern,2026-01-12,Pune,PhD,17.4,496951.0,74542.65,Excellent,Meera Nair,Inactive,Single,23.0,5.0,11.0,Good performer
50298,Kiran Sharma,kiran.sharma30@company.com,9593798513,Male,2004-08-04,46.0,Operations,Software Engineer,Full Time,2024-01-14,Kolkata,Diploma,0.4,1668735.0,133498.8,Average,Anil Kumar,On Leave,Divorced,16.0,2.0,11.0,Good performer
50048,Nikhil Rao,nikhil.rao39@company.com,9369417042,Female,1984-09-06,65.0,Customer Support,Support Specialist,Contract,2023-12-24,Pune,Master's,1.8,1766550.0,264982.5,Excellent,Priya Sharma,Inactive,Divorced,18.0,4.0,14.0,Good performer
50705,Kavya Kumar,kavya.kumar82@company.com,9640521737,Female,2002-10-01,41.0,Customer Support,Business Analyst,Contract,2022-12-11,Gurugram,PhD,7.6,1393888.0,209083.2,Needs Improvement,Priya Sharma,Inactive,Divorced,30.0,1.0,16.0,Needs training
50265,Ananya Singh,ananya.singh76@company.com,9801463530,Male,2002-04-12,20.0,IT,Sales Executive,Intern,2019-04-04,Hyderabad,Bachelor's,7.8,430620.0,0.0,Needs Improvement,Meera Nair,Inactive,Divorced,8.0,3.0,14.0,Good performer
50455,Meera Patel,meera.patel13@company.com,9965828141,Other,1979-08-29,26.0,Operations,Business Analyst,Part Time,2026-07-17,Hyderabad,Bachelor's,11.4,1805653.0,144452.24,Average,Meera Nair,Active,Married,1.0,4.0,1.0,Good performer
50606,Pooja Verma,pooja.verma17@company.com,9547927562,Female,1995-04-13,48.0,Marketing,Operations Executive,Full Time,2022-09-08,Delhi,Master's,14.6,1680183.0,336036.6,Excellent,Sneha Patel,Inactive,Married,15.0,2.0,8.0,Fast learner
50636,Sanjay Kumar,sanjay.kumar6@company.com,9253293033,Male,1967-12-04,41.0,Operations,Support Specialist,Contract,2021-05-31,Bengaluru,Diploma,8.3,1224923.0,122492.3,Needs Improvement,Rahul Rao,On Leave,Single,0.0,2.0,18.0,Good performer
50680,Rahul Patel,rahul..patel95@company..com,9814024597,Male,1996-09-26,62.0,HR,Operations Executive,Full Time,2024-05-01,Kolkata,Diploma,2.2,1107483.0,166122.45,Good,Sneha Patel,Active,Divorced,4.0,3.0,12.0,Good performer
51073,Manish Joshi,manish.joshi99@company.com,9357335107,Female,1966-09-02,23.0,HR,Software Engineer,Full Time,2025-09-17,Kolkata,Bachelor's,18.0,1419889.0,141988.9,Excellent,Rahul Rao,On Leave,Married,26.0,1.0,34.0,Good performer
50744,Arjun Reddy,arjun.reddy12@company.com,9432565648,Female,1998-12-11,64.0,Sales,HR Executive,Contract,2026-01-02,Kolkata,Bachelor's,5.3,1163107.0,58155.35,Good,Vikram Singh,On Leave,Single,23.0,5.0,15.0,Fast learner
50417,Amit Verma,amit.verma32@company.com,9823027812,Male,1971-06-23,52.0,Sales,Data Analyst,Contract,2020-01-14,Hyderabad,Diploma,11.3,1391997.0,278399.4,Good,Anil Kumar,On Leave,Single,6.0,4.0,17.0,Fast learner
50203,Neha Singh,neha.singh47@company.com,9634838908,Other,2004-08-29,55.0,Procurement,Sales Executive,Part Time,2024-04-03,Gurugram,Diploma,11.8,1010571.0,50528.55,Average,Meera Nair,Active,Single,9.0,3.0,32.0,Fast learner
50732,Amit Patel,amit.patel11@company.com,,Male,1967-06-23,65.0,Sales,Marketing Analyst,Part Time,2022-11-23,Delhi,Diploma,4.0,737250.0,90398.0,Excellent,Vikram Singh,Inactive,Single,11.0,2.0,11.0,Good performer
50118,Arjun Kumar,arjun.kumar42@company.com,9350596752,Female,2001-05-02,41.0,HR,Data Analyst,Contract,2023-12-13,Noida,Diploma,5.5,1015243.0,81219.44,Excellent,Vikram Singh,On Leave,Divorced,23.0,5.0,40.0,Fast learner
50317,Priya Singh,priya.singh94@company.com,9867110350,Female,2002-02-23,35.0,Finance,Marketing Analyst,Full Time,2020-11-16,Gurugram,Diploma,15.0,1666881.0,133350.48,Needs Improvement,Sneha Patel,Active,Single,20.0,3.0,24.0,Good performer
50071,Kiran Patel,kiran.patel17@company.com,9365369085,Female,1996-08-28,54.0,Operations,HR Executive,Contract,2019-08-14,Mysuru,Master's,0.2,1333824.0,106705.92,Good,Vikram Singh,On Leave,Married,17.0,4.0,33.0,Good performer
50320,Divya Patel,divya.patel90@company.com,9130750401,Other,1978-07-12,62.0,IT,Financial Analyst,Contract,2023-10-03,Delhi,Bachelor's,11.6,1311402.0,104912.16,Needs Improvement,Meera Nair,Inactive,Single,31.0,3.0,20.0,Fast learner
50379,Akash Nair,akash.nair48@company.com,9312707011,Female,1998-10-04,43.0,Finance,Software Engineer,Part Time,2023-12-28,Delhi,PhD,15.5,701313.0,0.0,Good,Anil Kumar,Resigned,Single,13.0,2.0,35.0,Good performer
50021,Kiran Rao,kiran.rao25@company.com,,Female,1966-11-13,36.0,IT,Software Engineer,Part Time,2025-08-24,Kolkata,Master's,17.6,1628870.0,325774.0,Excellent,Vikram Singh,Resigned,Married,22.0,5.0,15.0,Good performer
50470,Pooja Sharma,pooja.sharma88@company.com,9844422505,Other,1966-05-13,22.0,Finance,Support Specialist,Part Time,2023-08-23,Pune,PhD,12.1,609420.0,48753.6,Average,Priya Sharma,Active,Single,6.0,2.0,35.0,Good performer
50210,Meera Das,meera.das19@company.com,9262167289,Other,2000-11-09,44.0,Operations,Marketing Analyst,Part Time,2025-05-18,Pune,Bachelor's,9.4,709647.0,70964.7,Good,Priya Sharma,Resigned,Single,12.0,3.0,22.0,Fast learner
50576,Manish Rao,manish.rao98@company.com,9869559564,Male,1981-11-24,62.0,Sales,Data Analyst,Intern,2024-11-25,Chennai,PhD,12.5,631397.0,63139.7,Excellent,Vikram Singh,Inactive,Single,13.0,2.0,33.0,Good performer
50090,Neha Gowda,neha.gowda54@company.com,9679169641,Male,1973-01-04,26.0,Customer Support,Operations Executive,Full Time,2019-04-20,Noida,Diploma,7.0,897201.0,134580.15,Needs Improvement,Priya Sharma,Active,Married,19.0,5.0,3.0,Good performer
50273,Akash Rao,akash.rao75@company.com,9545011236,Other,1982-06-30,32.0,Customer Support,Data Analyst,Full Time,2020-07-13,Chennai,PhD,4.3,1164070.5,66616.4,Average,Meera Nair,Inactive,Married,0.0,2.0,7.0,Good performer
50621,Nikhil Patel,nikhil.patel58@company.com,9928667257,Female,1989-09-25,41.0,Operations,Business Analyst,Intern,2024-11-05,Mumbai,Diploma,3.3,448602.0,35888.16,Excellent,Meera Nair,Resigned,Single,17.0,5.0,18.0,Good performer
51057,Meera Nair,meera.nair62@company.com,9325075786,Female,1972-11-09,41.0,Operations,Software Engineer,Part Time,2025-09-30,Chennai,PhD,13.1,1164070.5,167606.2,Average,Sneha Patel,Inactive,Single,15.0,5.0,22.0,Needs training
50183,Rohit Kumar,rohit.kumar48@company.com,9787406807,Male,1965-07-27,42.0,IT,Operations Executive,Part Time,2023-12-26,Chennai,PhD,9.2,1139039.0,0.0,Needs Improvement,Vikram Singh,On Leave,Single,17.0,1.0,39.0,Needs training
50769,Isha Singh,isha.singh22@company.com,9984470528,Male,1993-09-24,0.0,Sales,Data Analyst,Full Time,2024-11-14,Hyderabad,PhD,7.4,611552.0,61155.2,Needs Improvement,Priya Sharma,Inactive,Single,30.0,4.0,42.0,Good performer
51123,Kavya Patel,kavya.patel4@company.com,9818868868,Female,1970-06-19,34.0,Procurement,Software Engineer,Full Time,2022-07-01,Mysuru,PhD,11.5,1373936.0,206090.4,Excellent,Vikram Singh,Inactive,Divorced,14.0,3.0,20.0,Good performer
50509,Meera Joshi,meera.joshi41@company.com,9866856110,Other,1977-04-05,60.0,Operations,HR Executive,Intern,2020-08-06,Delhi,Bachelor's,12.0,1151716.0,230343.2,Excellent,Anil Kumar,Resigned,Single,30.0,4.0,29.0,Fast learner
50023,Kiran Joshi,,9609362707,Female,1978-11-07,25.0,HR,Software Engineer,Intern,2026-04-06,Mysuru,Diploma,1.5,486518.0,0.0,Needs Improvement,Rahul Rao,On Leave,Divorced,14.0,2.0,20.0,Good performer
51063,Kiran Singh,kiran.singh24@company.com,9426320305,Male,2007-07-04,54.0,Sales,Data Analyst,Full Time,2023-10-15,Delhi,Diploma,7.4,1017194.0,-5000.0,Excellent,Anil Kumar,Inactive,Single,17.0,5.0,42.0,Needs training
51120,Sneha Das,sneha.das74@company.com,9310155333,Male,1972-07-20,28.0,IT,Software Engineer,Contract,2020-04-21,Delhi,Bachelor's,10.1,1630832.0,81541.6,Average,Meera Nair,Active,Single,33.0,1.0,6.0,Fast learner
50354,Sanjay Singh,sanjay.singh61@company.com,9959275628,Male,1975-11-30,59.0,HR,HR Executive,Contract,2020-05-03,Mysuru,Master's,11.9,905968.0,181193.6,Needs Improvement,Sneha Patel,Active,Single,34.0,1.0,150.0,Good performer
50548,Ananya Nair,ananya.nair34@company.com,9617352704,Female,1972-08-21,29.0,Finance,Marketing Analyst,Contract,2024-06-16,Mysuru,Diploma,4.2,1484608.0,118768.64,Needs Improvement,Priya Sharma,On Leave,Single,2.0,1.0,43.0,Good performer
50420,Manish Singh,manish.singh39@company.com,9955989973,Male,1998-11-21,34.0,Sales,Marketing Analyst,Full Time,2020-03-12,Pune,PhD,15.2,1138398.0,170759.7,Average,Vikram Singh,Active,Married,26.0,3.0,26.0,Good performer
50086,Manish Nair,manish.nair30@company.com,9502597189,Male,1998-01-29,64.0,Marketing,Financial Analyst,Part Time,2026-02-20,Delhi,Master's,12.6,378015.0,56702.25,Needs Improvement,Priya Sharma,Resigned,Divorced,29.0,4.0,25.0,Good performer
50370,Ananya Joshi,ananya.joshi60@company.com,9637579287,Female,2007-03-26,45.0,Sales,Financial Analyst,Intern,2024-07-06,Kolkata,Master's,3.8,2020075.0,202007.5,Average,Anil Kumar,Inactive,Divorced,13.0,5.0,4.0,Good performer
50419,Rahul Patel,rahul.patel39@company.com,9323007881,Female,2004-06-13,63.0,Sales,Support Specialist,Full Time,2026-03-12,Chennai,PhD,3.4,302026.0,0.0,Excellent,Rahul Rao,On Leave,Divorced,16.0,2.0,17.0,Good performer
50402,Amit Verma,,9320257178,Male,1983-10-26,57.0,Finance,Business Analyst,Part Time,2025-09-25,Mumbai,Bachelor's,9.7,1164070.5,169856.6,Needs Improvement,Rahul Rao,On Leave,Single,17.0,5.0,9.0,Needs training
50734,Meera Mehta,meera.mehta36@company.com,9210419795,Other,1999-10-19,62.0,Sales,Data Analyst,Full Time,2021-05-04,Gurugram,Diploma,9.4,2122818.0,424563.6,Good,Vikram Singh,On Leave,Single,1.0,5.0,14.0,Fast learner
51020,Vivek Patel,vivek.patel30@company.com,9202494563,Other,1996-03-29,27.0,Marketing,Account Executive,Full Time,2019-01-02,Delhi,Diploma,15.8,1690182.0,0.0,Average,Meera Nair,Resigned,Married,10.0,4.0,10.0,Fast learner
50230,Manish Gowda,manish.gowda46@company.com,9751447332,Male,1992-09-11,38.0,Customer Support,Software Engineer,Intern,2019-03-22,Bengaluru,Diploma,2.8,344192.0,27535.36,Average,Meera Nair,Active,Divorced,21.0,2.0,41.0,Good performer
51058,Isha Kumar,isha.kumar79@company.com,9605081206,Male,1994-11-12,19.0,Customer Support,Business Analyst,Contract,2023-10-07,Noida,Master's,10.5,445739.0,35659.12,Average,Vikram Singh,Resigned,Single,13.0,5.0,29.0,Good performer
50790,Kiran Nair,kiran.nair25@company.com,9345789029,Other,1983-12-22,51.0,Sales,Account Executive,Contract,2019-03-08,Mysuru,PhD,12.9,583852.0,87577.8,Average,Vikram Singh,Active,Divorced,26.0,4.0,14.0,Good performer
50708,Rohit Kumar,rohit.kumar7@company.com,9620730362,Other,1982-01-29,31.0,IT,Business Analyst,Full Time,2021-10-27,Mumbai,Bachelor's,3.4,618441.0,49475.28,Average,Rahul Rao,Active,Divorced,18.0,5.0,29.0,Good performer
50250,Divya Das,divya.das39@company.com,9811259707,Female,1974-10-05,23.0,HR,Data Analyst,Contract,2024-05-16,Chennai,Bachelor's,8.4,495075.0,39606.0,Average,Priya Sharma,Inactive,Married,32.0,5.0,40.0,Good performer
50365,Rohit Singh,rohit.singh78@company.com,9465126156,Other,1988-10-22,58.0,Sales,Sales Executive,Full Time,2025-11-06,Kolkata,Diploma,11.8,323051.0,32305.1,Average,Sneha Patel,Resigned,Divorced,18.0,4.0,8.0,Good performer
50271,Isha Nair,,9662718562,Female,1967-09-22,56.0,HR,HR Executive,Intern,2022-06-22,Noida,Master's,2.2,358479.0,71695.8,Needs Improvement,Rahul Rao,Resigned,Married,100.0,2.0,1.0,Good performer
50312,Rohit Das,rohit.das73@company.com,9724408168,Male,1973-05-23,21.0,Customer Support,Data Analyst,Part Time,2026-02-19,Noida,Bachelor's,2.2,856787.0,0.0,Average,Sneha Patel,Resigned,Single,28.0,2.0,10.0,Good performer
51094,Divya Verma,divya.verma24@company.com,9933446897,Female,2003-02-26,43.0,Finance,Data Analyst,Full Time,2025-05-23,Bengaluru,Diploma,8.4,350405.0,70081.0,Average,Meera Nair,Inactive,Divorced,2.0,1.0,34.0,Good performer
50515,Ananya Reddy,ananya.reddy22@company.com,9750684439,Male,1973-11-25,65.0,Marketing,HR Executive,Contract,2020-04-15,Noida,PhD,7.7,778831.0,0.0,Needs Improvement,Priya Sharma,Inactive,Married,20.0,2.0,31.0,Good performer
51044,Kiran Patel,kiran.patel6@company.com,9280936322,Other,1971-05-31,30.0,IT,Financial Analyst,Full Time,2024-09-03,Delhi,Bachelor's,14.7,1741417.0,261212.55,Needs Improvement,Rahul Rao,Inactive,Married,22.0,3.0,16.0,Good performer
50580,Nikhil Nair,nikhil.nair57@company.com,9565051913,Other,1984-11-24,44.0,Marketing,HR Executive,Intern,2019-10-06,Delhi,PhD,17.1,1127448.0,169117.2,Excellent,Anil Kumar,Inactive,Single,10.0,3.0,25.0,Good performer
50501,Kiran Mehta,kiran.mehta72@company.com,9634195340,Other,2001-12-08,20.0,HR,Operations Executive,Contract,2023-07-05,Mysuru,Diploma,10.2,2052437.0,307865.55,Needs Improvement,Sneha Patel,Active,Married,19.0,2.0,9.0,Good performer
50189,Nikhil Das,nikhil.das57@company.com,9507948966,Male,1984-08-02,35.0,IT,Business Analyst,Full Time,2026-03-31,Bengaluru,Master's,13.4,1282349.0,192352.35,Good,Rahul Rao,Active,Divorced,34.0,4.0,14.0,Needs training
51137,Amit Rao,amit.rao32@company.com,9764504578,Other,1979-09-03,19.0,IT,Support Specialist,Contract,2024-05-14,Gurugram,PhD,9.2,912582.0,91258.2,Average,Anil Kumar,Active,Married,5.0,1.0,22.0,Fast learner
50479,Shreya Singh,shreya.singh25@company.com,9106304054,Female,1980-04-09,22.0,HR,Sales Executive,Full Time,2023-03-19,Kolkata,Bachelor's,17.9,926098.0,138914.7,Needs Improvement,Anil Kumar,Inactive,Single,0.0,3.0,45.0,Good performer
50253,Akash Singh,akash.singh97@company.com,9706925409,Female,1972-11-08,0.0,Finance,HR Executive,Intern,2020-03-06,Pune,Diploma,17.2,667419.0,66741.9,Excellent,Sneha Patel,Active,Divorced,27.0,1.0,45.0,Good performer
50335,Vivek Das,,9215385284,Male,1966-10-05,30.0,Customer Support,Operations Executive,Intern,2021-09-19,Gurugram,Master's,3.5,652168.0,65216.8,Excellent,Vikram Singh,Active,Married,23.0,4.0,36.0,Good performer
51068,Arjun Verma,arjun.verma87@company.com,9252790245,Male,1988-05-08,26.0,Marketing,Marketing Analyst,Contract,2023-03-26,Noida,Bachelor's,8.9,1584858.0,79242.9,Average,Priya Sharma,Inactive,Married,34.0,5.0,11.0,Needs training
50911,Isha Joshi,isha.joshi28@company.com,9649053374,Female,1994-04-04,39.0,IT,Business Analyst,Part Time,2024-02-08,Pune,PhD,13.0,1878216.0,150257.28,Excellent,Meera Nair,Resigned,Divorced,15.0,5.0,26.0,Good performer
50833,Vivek Mehta,vivek.mehta30@company.com,9442751733,Male,1988-08-31,48.0,IT,Data Analyst,Part Time,2022-01-13,Gurugram,Bachelor's,14.1,608563.0,30428.15,Good,Meera Nair,Inactive,Single,22.0,3.0,11.0,Fast learner
50067,Pooja Gowda,pooja.gowda83@company.com,9742525760,Male,2006-11-13,48.0,Finance,Support Specialist,Full Time,2026-08-26,Mumbai,Diploma,17.2,349703.0,27976.24,Excellent,Priya Sharma,Resigned,Married,13.0,3.0,13.0,Good performer
51186,Rohit Das,rohit.das10@company.com,9594797925,Male,1969-10-20,18.0,Sales,Financial Analyst,Full Time,2024-05-13,Hyderabad,Master's,14.2,1678544.0,167854.4,Average,Rahul Rao,On Leave,Single,8.0,2.0,20.0,Needs training
50725,Shreya Reddy,shreya.reddy85@company.com,9783137218,Male,1992-09-16,54.0,IT,Financial Analyst,Intern,2024-06-09,Hyderabad,Bachelor's,16.5,894982.0,71598.56,Good,Meera Nair,Active,Married,4.0,1.0,1.0,Good performer
50289,Neha Verma,neha.verma35@company.com,9828872911,Female,2000-06-11,31.0,IT,Account Executive,Part Time,2026-08-21,Gurugram,PhD,9.2,1814790.0,145183.2,Excellent,Meera Nair,Inactive,Married,6.0,1.0,42.0,Good performer
50764,Shreya Verma,shreya.verma39@company.com,9621679054,Male,1968-11-22,35.0,Procurement,Data Analyst,Intern,2023-03-10,Noida,Diploma,8.4,1817852.0,90892.6,Excellent,Priya Sharma,Inactive,Divorced,9.0,5.0,45.0,Good performer
50140,Amit Gowda,amit.gowda33@company.com,,Female,1995-02-28,46.0,Customer Support,Marketing Analyst,Part Time,2019-07-15,Kolkata,Diploma,12.6,427728.0,34218.24,Excellent,Priya Sharma,Active,Single,17.0,4.0,42.0,Fast learner
50076,Akash Gowda,akash.gowda64@company.com,9748058251,Male,1965-11-30,29.0,Finance,HR Executive,Full Time,2022-10-21,Hyderabad,Master's,8.8,1889924.0,94496.2,Needs Improvement,Meera Nair,Active,Divorced,26.0,1.0,23.0,Good performer
51104,Sneha Rao,sneha.rao58@company.com,9699825886,Female,1972-01-22,58.0,HR,Support Specialist,Full Time,2024-03-18,Bengaluru,PhD,12.3,556540.0,111308.0,Good,Sneha Patel,Inactive,Divorced,35.0,5.0,2.0,Good performer
50985,Divya Kumar,divya.kumar79@company.com,9541789008,Female,1981-05-08,25.0,Procurement,Software Engineer,Part Time,2021-07-23,Mysuru,Bachelor's,8.4,256978.0,51395.6,Good,Meera Nair,Inactive,Married,25.0,4.0,39.0,Good performer
50535,Kiran Nair,kiran.nair63@company.com,9786948309,Female,1992-02-04,18.0,Sales,Account Executive,Full Time,2025-07-13,Chennai,PhD,1.1,839332.0,41966.6,Good,Meera Nair,On Leave,Married,20.0,3.0,22.0,Good performer
50614,Priya Gowda,priya.gowda92@company.com,9697351075,Male,1994-07-31,62.0,Operations,HR Executive,Full Time,2023-10-07,Bengaluru,Bachelor's,14.9,1255026.0,188253.9,Average,Anil Kumar,Resigned,Single,11.0,3.0,13.0,Good performer
50366,Rohit Verma,rohit.verma18@company.com,9586113398,Female,1998-07-27,22.0,Customer Support,HR Executive,Intern,2023-02-19,Chennai,Diploma,11.6,1522470.0,0.0,Excellent,Anil Kumar,Active,Divorced,8.0,3.0,12.0,Needs training
50074,Sneha Nair,sneha.nair10@company.com,9212875583,Female,2008-05-08,43.0,HR,Software Engineer,Full Time,2023-06-26,Mumbai,Bachelor's,3.3,2030026.0,101501.3,Good,Anil Kumar,Active,Married,17.0,2.0,0.0,Good performer
50260,Isha Kumar,,9311608731,Female,2001-10-23,27.0,Procurement,Data Analyst,Full Time,2021-02-05,Noida,Master's,14.8,248318.0,49663.6,Needs Improvement,Meera Nair,Resigned,Single,17.0,4.0,10.0,Needs training
50292,Rahul Verma,rahul.verma9@company.com,9314159093,Male,1993-10-31,47.0,Finance,Business Analyst,Contract,2020-05-05,Mysuru,Master's,9.1,1776883.0,0.0,Needs Improvement,Meera Nair,Active,Single,32.0,4.0,7.0,Needs training
50227,Kavya Reddy,kavya.reddy49@company.com,9108016825,Female,1997-11-26,62.0,HR,Software Engineer,Contract,2023-12-23,Delhi,Bachelor's,2.6,741395.0,111209.25,Excellent,Meera Nair,Inactive,Single,15.0,2.0,14.0,Good performer
51074,Sanjay Mehta,sanjay.mehta46@company.com,9718034753,Male,1998-05-28,33.0,IT,Software Engineer,Intern,2023-09-13,Noida,PhD,1.6,845232.0,126784.8,Needs Improvement,Sneha Patel,On Leave,Divorced,22.0,1.0,29.0,Good performer
51177,Amit Das,amit.das61@company.com,9526566405,Female,1999-04-15,41.0,HR,Business Analyst,Full Time,2020-10-10,Hyderabad,Diploma,1.7,398267.0,0.0,Average,Rahul Rao,Inactive,Divorced,30.0,1.0,39.0,Good performer
50482,Sneha Kumar,sneha.kumar30@company.com,9359579805,Male,1981-02-20,23.0,Sales,HR Executive,Intern,2020-09-19,Mumbai,Bachelor's,3.9,1961886.0,98094.0,Average,Priya Sharma,Resigned,Single,1.0,2.0,22.0,Good performer
50293,Manish Kumar,manish.kumar55@company.com,9351885348,Female,1985-05-10,41.0,Marketing,HR Executive,Part Time,2025-02-27,Pune,Diploma,4.1,1120381.0,112038.1,Needs Improvement,Meera Nair,On Leave,Single,30.0,5.0,11.0,Fast learner
50976,Sanjay Das,sanjay.das15@company.com,9337467164,Other,1980-10-23,19.0,Marketing,Software Engineer,Contract,2022-08-09,Bengaluru,PhD,1.5,347353.0,17367.65,Average,Meera Nair,Resigned,Divorced,11.0,1.0,16.0,Needs training
50297,Pooja Kumar,,9758051673,Male,1999-05-22,56.0,Procurement,Account Executive,Full Time,2025-03-01,Pune,Bachelor's,0.8,402795.0,60419.25,Needs Improvement,Rahul Rao,Resigned,Divorced,18.0,1.0,5.0,Good performer
50661,Divya Reddy,divya.reddy41@company.com,9605178593,Female,1967-02-16,58.0,Operations,Marketing Analyst,Part Time,2020-08-28,Delhi,PhD,4.7,1458861.0,0.0,Needs Improvement,Meera Nair,On Leave,Married,33.0,3.0,10.0,Fast learner
50464,Isha Joshi,,9220857420,Female,2006-01-24,29.0,Procurement,Account Executive,Part Time,2020-12-19,Chennai,PhD,6.4,673492.0,101023.8,Good,Vikram Singh,On Leave,Divorced,35.0,3.0,36.0,Fast learner
51072,Meera Das,meera.das91@company.com,9709761720,Female,1980-03-12,50.0,Operations,Business Analyst,Intern,2022-09-19,Bengaluru,Diploma,4.2,1177028.0,0.0,Average,Meera Nair,Active,Single,19.0,3.0,33.0,Good performer
51141,Pooja Verma,pooja.verma80@company.com,9626023024,Male,1967-06-15,52.0,Operations,Business Analyst,Intern,2021-08-19,Kolkata,PhD,17.1,1968863.0,0.0,Excellent,Rahul Rao,Active,Married,1.0,2.0,16.0,Good performer
50202,Manish Patel,manish.patel63@company.com,9149099863,Male,1973-09-06,22.0,HR,Operations Executive,Part Time,2022-03-20,Chennai,Master's,2.5,402791.0,60418.65,Needs Improvement,Anil Kumar,Inactive,Single,100.0,3.0,28.0,Good performer
50018,Kiran Reddy,kiran.reddy96@company.com,9440910820,Male,1993-05-25,60.0,Sales,HR Executive,Intern,2024-11-01,Bengaluru,Master's,12.2,1164070.5,91118.4,Needs Improvement,Meera Nair,On Leave,Single,35.0,5.0,21.0,Fast learner
51012,Ananya Nair,ananya.nair46@company.com,9699138262,Male,1998-05-01,30.0,Operations,Sales Executive,Full Time,2020-09-28,Pune,Master's,7.5,1712597.0,85629.85,Needs Improvement,Priya Sharma,Resigned,Single,28.0,3.0,43.0,Good performer
51050,Amit Gowda,amit.gowda4@company.com,9482651765,Other,1978-10-30,49.0,Sales,Data Analyst,Contract,2024-08-01,Bengaluru,Diploma,6.5,2061376.0,164910.08,Good,Priya Sharma,On Leave,Divorced,2.0,4.0,33.0,Fast learner
50817,Sanjay Patel,sanjay.patel82@company.com,9749682933,Male,2005-02-18,41.0,Operations,Account Executive,Full Time,2024-06-08,Noida,Bachelor's,8.0,2034587.0,203458.7,Average,Vikram Singh,On Leave,Divorced,26.0,3.0,24.0,Fast learner
50418,Vivek Joshi,vivek.joshi36@company.com,9181892893,Male,1974-02-23,46.0,Procurement,Operations Executive,Intern,2024-12-26,Gurugram,PhD,5.4,1090848.0,90398.0,Needs Improvement,Meera Nair,Active,Single,27.0,2.0,30.0,Good performer
50917,Shreya Sharma,shreya.sharma89@company.com,9919863501,Other,2006-07-04,29.0,Sales,Support Specialist,Part Time,2022-07-22,Chennai,PhD,17.3,367699.0,0.0,Excellent,Priya Sharma,Inactive,Divorced,23.0,1.0,41.0,Good performer
50624,Nikhil Singh,nikhil.singh48@company.com,9588682545,Female,1969-04-23,62.0,Marketing,Data Analyst,Part Time,2019-04-09,Bengaluru,Bachelor's,11.3,303507.0,45526.05,Good,Anil Kumar,Inactive,Divorced,21.0,4.0,20.0,Good performer
51160,Kavya Gowda,kavya.gowda49@company.com,9343222833,Other,1990-09-16,53.0,Operations,HR Executive,Part Time,2025-05-18,Chennai,Diploma,5.5,669290.0,133858.0,Average,Rahul Rao,On Leave,Divorced,33.0,4.0,30.0,Good performer
50609,Sneha Patel,sneha.patel27@company.com,9805440389,Female,2005-08-30,26.0,Procurement,Business Analyst,Contract,2020-04-04,Bengaluru,PhD,12.0,930492.0,0.0,Needs Improvement,Anil Kumar,Active,Divorced,6.0,3.0,10.0,Good performer
50776,Rahul Gowda,rahul.gowda42@company.com,9751217784,Female,1974-10-02,41.0,Customer Support,Software Engineer,Intern,2026-03-25,Kolkata,Bachelor's,0.5,513618.0,41089.44,Excellent,Priya Sharma,Inactive,Single,13.0,5.0,29.0,Good performer
50762,Divya Gowda,divya.gowda5@company.com,9203312352,Male,2006-09-23,27.0,Operations,Sales Executive,Intern,2025-04-13,Hyderabad,Master's,5.8,1140500.0,171075.0,Good,Priya Sharma,Resigned,Married,17.0,3.0,23.0,Good performer
50481,Divya Kumar,divya.kumar82@company.com,9612478247,Male,2001-12-10,41.0,Finance,Marketing Analyst,Full Time,2024-04-04,Pune,PhD,12.4,901063.0,180212.6,Excellent,Sneha Patel,Inactive,Divorced,24.0,4.0,35.0,Good performer
51052,Shreya Kumar,shreya.kumar34@company.com,9198702554,Female,1970-02-02,19.0,Procurement,Account Executive,Intern,2022-10-11,Hyderabad,Diploma,6.2,555780.0,55578.0,Average,Sneha Patel,Resigned,Married,8.0,3.0,40.0,Good performer
50718,Vivek Sharma,vivek.sharma3@company.com,9382909819,Male,1967-08-07,51.0,Marketing,Support Specialist,Intern,2025-04-22,Delhi,Master's,13.2,1064049.0,159607.35,Good,Vikram Singh,Resigned,Divorced,7.0,1.0,15.0,Good performer
50439,Sneha Sharma,sneha.sharma45@company.com,9424224681,Male,2003-05-29,56.0,Marketing,Support Specialist,Contract,2020-03-18,Hyderabad,Diploma,1.3,1887608.0,0.0,Needs Improvement,Vikram Singh,On Leave,Married,14.0,4.0,3.0,Good performer
50643,Kavya Gowda,kavya.gowda86@company.com,9578094363,Female,1993-08-21,52.0,Marketing,HR Executive,Full Time,2024-03-06,Mysuru,PhD,17.3,1513266.0,226989.9,Excellent,Meera Nair,Resigned,Divorced,2.0,3.0,12.0,Good performer
50029,Sanjay Reddy,sanjay.reddy33@company.com,,Female,1979-04-05,34.0,Sales,Support Specialist,Part Time,2025-10-20,Bengaluru,PhD,14.6,1245987.0,99678.96,Needs Improvement,Priya Sharma,On Leave,Married,32.0,3.0,19.0,Good performer
51024,Akash Joshi,akash.joshi10@company.com,9860134595,Male,2006-11-18,50.0,Marketing,Operations Executive,Intern,2019-02-09,Gurugram,Master's,10.5,1819309.0,90965.45,Needs Improvement,Sneha Patel,Inactive,Divorced,2.0,4.0,14.0,Good performer
50629,Vivek Joshi,vivek.joshi37@company.com,9265756627,Other,1972-01-08,38.0,Marketing,Marketing Analyst,Contract,2019-03-11,Mysuru,PhD,2.2,1298604.0,129860.4,Average,Anil Kumar,Active,Divorced,100.0,3.0,32.0,Good performer
50334,Isha Kumar,isha.kumar63@company.com,9459457241,Other,2002-03-21,22.0,IT,HR Executive,Contract,2022-08-22,Bengaluru,Master's,5.3,1208754.0,0.0,Good,Meera Nair,Active,Divorced,13.0,4.0,18.0,Good performer
50078,Isha Nair,isha.nair41@company.com,9724674441,Female,2000-04-10,30.0,IT,Business Analyst,Full Time,2024-10-23,Delhi,Diploma,2.1,547382.0,109476.4,Good,Sneha Patel,On Leave,Single,2.0,4.0,9.0,Good performer
50795,Rohit Kumar,rohit.kumar74@company.com,9683149001,Female,1971-11-04,42.0,IT,Business Analyst,Part Time,2024-06-14,Delhi,PhD,2.6,455089.0,0.0,Good,Sneha Patel,Resigned,Married,20.0,2.0,15.0,Needs training
50258,Meera Kumar,meera.kumar48@company.com,9331815641,Male,1996-09-03,41.0,Operations,Data Analyst,Full Time,2026-08-04,Mumbai,PhD,1.2,1045631.0,156844.65,Average,Meera Nair,Inactive,Married,20.0,5.0,7.0,Needs training
